id,type
user_0,person
user_1,person
user_2,person
user_3,person
user_4,person
user_5,person
user_6,person
user_7,person
user_8,person
user_9,person
user_10,person
user_11,person
user_12,person
user_13,person
user_14,person
user_15,person
user_16,person
user_17,person
user_18,person
user_19,person
user_20,person
user_21,person
user_22,person
user_23,person
user_24,person
user_25,person
user_26,person
user_27,person
user_28,person
user_29,person
user_30,person
user_31,person
user_32,person
user_33,person
user_34,person
user_35,person
user_36,person
user_37,person
user_38,person
user_39,person
user_40,person
user_41,person
user_42,person
user_43,person
user_44,person
user_45,person
user_46,person
user_47,person
user_48,person
user_49,person
user_50,person
user_51,person
user_52,person
user_53,person
user_54,person
user_55,person
user_56,person
user_57,person
user_58,person
user_59,person
user_60,person
user_61,person
user_62,person
user_63,person
user_64,person
user_65,person
user_66,person
user_67,person
user_68,person
user_69,person
user_70,person
user_71,person
user_72,person
user_73,person
user_74,person
user_75,person
user_76,person
user_77,person
user_78,person
user_79,person
user_80,person
user_81,person
user_82,person
user_83,person
user_84,person
user_85,person
user_86,person
user_87,person
user_88,person
user_89,person
user_90,person
user_91,person
user_92,person
user_93,person
user_94,person
user_95,person
user_96,person
user_97,person
user_98,person
user_99,person
user_100,person
user_101,person
user_102,person
user_103,person
user_104,person
user_105,person
user_106,person
user_107,person
user_108,person
user_109,person
user_110,person
user_111,person
user_112,person
user_113,person
user_114,person
user_115,person
user_116,person
user_117,person
user_118,person
user_119,person
user_120,person
user_121,person
user_122,person
user_123,person
user_124,person
user_125,person
user_126,person
user_127,person
user_128,person
user_129,person
user_130,person
user_131,person
user_132,person
user_133,person
user_134,person
user_135,person
user_136,person
user_137,person
user_138,person
user_139,person
user_140,person
user_141,person
user_142,person
user_143,person
user_144,person
user_145,person
user_146,person
user_147,person
user_148,person
user_149,person
user_150,person
user_151,person
user_152,person
user_153,person
user_154,person
user_155,person
user_156,person
user_157,person
user_158,person
user_159,person
user_160,person
user_161,person
user_162,person
user_163,person
user_164,person
user_165,person
user_166,person
user_167,person
user_168,person
user_169,person
user_170,person
user_171,person
user_172,person
user_173,person
user_174,person
user_175,person
user_176,person
user_177,person
user_178,person
user_179,person
user_180,person
user_181,person
user_182,person
user_183,person
user_184,person
user_185,person
user_186,person
user_187,person
user_188,person
user_189,person
user_190,person
user_191,person
user_192,person
user_193,person
user_194,person
user_195,person
user_196,person
user_197,person
user_198,person
user_199,person
user_200,person
user_201,person
user_202,person
user_203,person
user_204,person
user_205,person
user_206,person
user_207,person
user_208,person
user_209,person
user_210,person
user_211,person
user_212,person
user_213,person
user_214,person
user_215,person
user_216,person
user_217,person
user_218,person
user_219,person
user_220,person
user_221,person
user_222,person
user_223,person
user_224,person
user_225,person
user_226,person
user_227,person
user_228,person
user_229,person
user_230,person
user_231,person
user_232,person
user_233,person
user_234,person
user_235,person
user_236,person
user_237,person
user_238,person
user_239,person
user_240,person
user_241,person
user_242,person
user_243,person
user_244,person
user_245,person
user_246,person
user_247,person
user_248,person
user_249,person
user_250,person
user_251,person
user_252,person
user_253,person
user_254,person
user_255,person
user_256,person
user_257,person
user_258,person
user_259,person
user_260,person
user_261,person
user_262,person
user_263,person
user_264,person
user_265,person
user_266,person
user_267,person
user_268,person
user_269,person
user_270,person
user_271,person
user_272,person
user_273,person
user_274,person
user_275,person
user_276,person
user_277,person
user_278,person
user_279,person
user_280,person
user_281,person
user_282,person
user_283,person
user_284,person
user_285,person
user_286,person
user_287,person
user_288,person
user_289,person
user_290,person
user_291,person
user_292,person
user_293,person
user_294,person
user_295,person
user_296,person
user_297,person
user_298,person
user_299,person
user_300,person
user_301,person
user_302,person
user_303,person
user_304,person
user_305,person
user_306,person
user_307,person
user_308,person
user_309,person
user_310,person
user_311,person
user_312,person
user_313,person
user_314,person
user_315,person
user_316,person
user_317,person
user_318,person
user_319,person
user_320,person
user_321,person
user_322,person
user_323,person
user_324,person
user_325,person
user_326,person
user_327,person
user_328,person
user_329,person
user_330,person
user_331,person
user_332,person
user_333,person
user_334,person
user_335,person
user_336,person
user_337,person
user_338,person
user_339,person
user_340,person
user_341,person
user_342,person
user_343,person
user_344,person
user_345,person
user_346,person
user_347,person
user_348,person
user_349,person
user_350,person
user_351,person
user_352,person
user_353,person
user_354,person
user_355,person
user_356,person
user_357,person
user_358,person
user_359,person
user_360,person
user_361,person
user_362,person
user_363,person
user_364,person
user_365,person
user_366,person
user_367,person
user_368,person
user_369,person
user_370,person
user_371,person
user_372,person
user_373,person
user_374,person
user_375,person
user_376,person
user_377,person
user_378,person
user_379,person
user_380,person
user_381,person
user_382,person
user_383,person
user_384,person
user_385,person
user_386,person
user_387,person
user_388,person
user_389,person
user_390,person
user_391,person
user_392,person
user_393,person
user_394,person
user_395,person
user_396,person
user_397,person
user_398,person
user_399,person
user_400,person
user_401,person
user_402,person
user_403,person
user_404,person
user_405,person
user_406,person
user_407,person
user_408,person
user_409,person
user_410,person
user_411,person
user_412,person
user_413,person
user_414,person
user_415,person
user_416,person
user_417,person
user_418,person
user_419,person
user_420,person
user_421,person
user_422,person
user_423,person
user_424,person
user_425,person
user_426,person
user_427,person
user_428,person
user_429,person
user_430,person
user_431,person
user_432,person
user_433,person
user_434,person
user_435,person
user_436,person
user_437,person
user_438,person
user_439,person
user_440,person
user_441,person
user_442,person
user_443,person
user_444,person
user_445,person
user_446,person
user_447,person
user_448,person
user_449,person
user_450,person
user_451,person
user_452,person
user_453,person
user_454,person
user_455,person
user_456,person
user_457,person
user_458,person
user_459,person
user_460,person
user_461,person
user_462,person
user_463,person
user_464,person
user_465,person
user_466,person
user_467,person
user_468,person
user_469,person
user_470,person
user_471,person
user_472,person
user_473,person
user_474,person
user_475,person
user_476,person
user_477,person
user_478,person
user_479,person
user_480,person
user_481,person
user_482,person
user_483,person
user_484,person
user_485,person
user_486,person
user_487,person
user_488,person
user_489,person
user_490,person
user_491,person
user_492,person
user_493,person
user_494,person
user_495,person
user_496,person
user_497,person
user_498,person
user_499,person
user_500,person
user_501,person
user_502,person
user_503,person
user_504,person
user_505,person
user_506,person
user_507,person
user_508,person
user_509,person
user_510,person
user_511,person
user_512,person
user_513,person
user_514,person
user_515,person
user_516,person
user_517,person
user_518,person
user_519,person
user_520,person
user_521,person
user_522,person
user_523,person
user_524,person
user_525,person
user_526,person
user_527,person
user_528,person
user_529,person
user_530,person
user_531,person
user_532,person
user_533,person
user_534,person
user_535,person
user_536,person
user_537,person
user_538,person
user_539,person
user_540,person
user_541,person
user_542,person
user_543,person
user_544,person
user_545,person
user_546,person
user_547,person
user_548,person
user_549,person
user_550,person
user_551,person
user_552,person
user_553,person
user_554,person
user_555,person
user_556,person
user_557,person
user_558,person
user_559,person
user_560,person
user_561,person
user_562,person
user_563,person
user_564,person
user_565,person
user_566,person
user_567,person
user_568,person
user_569,person
user_570,person
user_571,person
user_572,person
user_573,person
user_574,person
user_575,person
user_576,person
user_577,person
user_578,person
user_579,person
user_580,person
user_581,person
user_582,person
user_583,person
user_584,person
user_585,person
user_586,person
user_587,person
user_588,person
user_589,person
user_590,person
user_591,person
user_592,person
user_593,person
user_594,person
user_595,person
user_596,person
user_597,person
user_598,person
user_599,person
user_600,person
user_601,person
user_602,person
user_603,person
user_604,person
user_605,person
user_606,person
user_607,person
user_608,person
user_609,person
user_610,person
user_611,person
user_612,person
user_613,person
user_614,person
user_615,person
user_616,person
user_617,person
user_618,person
user_619,person
user_620,person
user_621,person
user_622,person
user_623,person
user_624,person
user_625,person
user_626,person
user_627,person
user_628,person
user_629,person
user_630,person
user_631,person
user_632,person
user_633,person
user_634,person
user_635,person
user_636,person
user_637,person
user_638,person
user_639,person
user_640,person
user_641,person
user_642,person
user_643,person
user_644,person
user_645,person
user_646,person
user_647,person
user_648,person
user_649,person
user_650,person
user_651,person
user_652,person
user_653,person
user_654,person
user_655,person
user_656,person
user_657,person
user_658,person
user_659,person
user_660,person
user_661,person
user_662,person
user_663,person
user_664,person
user_665,person
user_666,person
user_667,person
user_668,person
user_669,person
user_670,person
user_671,person
user_672,person
user_673,person
user_674,person
user_675,person
user_676,person
user_677,person
user_678,person
user_679,person
user_680,person
user_681,person
user_682,person
user_683,person
user_684,person
user_685,person
user_686,person
user_687,person
user_688,person
user_689,person
user_690,person
user_691,person
user_692,person
user_693,person
user_694,person
user_695,person
user_696,person
user_697,person
user_698,person
user_699,person
user_700,person
user_701,person
user_702,person
user_703,person
user_704,person
user_705,person
user_706,person
user_707,person
user_708,person
user_709,person
user_710,person
user_711,person
user_712,person
user_713,person
user_714,person
user_715,person
user_716,person
user_717,person
user_718,person
user_719,person
user_720,person
user_721,person
user_722,person
user_723,person
user_724,person
user_725,person
user_726,person
user_727,person
user_728,person
user_729,person
user_730,person
user_731,person
user_732,person
user_733,person
user_734,person
user_735,person
user_736,person
user_737,person
user_738,person
user_739,person
user_740,person
user_741,person
user_742,person
user_743,person
user_744,person
user_745,person
user_746,person
user_747,person
user_748,person
user_749,person
user_750,person
user_751,person
user_752,person
user_753,person
user_754,person
user_755,person
user_756,person
user_757,person
user_758,person
user_759,person
user_760,person
user_761,person
user_762,person
user_763,person
user_764,person
user_765,person
user_766,person
user_767,person
user_768,person
user_769,person
user_770,person
user_771,person
user_772,person
user_773,person
user_774,person
user_775,person
user_776,person
user_777,person
user_778,person
user_779,person
user_780,person
user_781,person
user_782,person
user_783,person
user_784,person
user_785,person
user_786,person
user_787,person
user_788,person
user_789,person
user_790,person
user_791,person
user_792,person
user_793,person
user_794,person
user_795,person
user_796,person
user_797,person
user_798,person
user_799,person
user_800,person
user_801,person
user_802,person
user_803,person
user_804,person
user_805,person
user_806,person
user_807,person
user_808,person
user_809,person
user_810,person
user_811,person
user_812,person
user_813,person
user_814,person
user_815,person
user_816,person
user_817,person
user_818,person
user_819,person
user_820,person
user_821,person
user_822,person
user_823,person
user_824,person
user_825,person
user_826,person
user_827,person
user_828,person
user_829,person
user_830,person
user_831,person
user_832,person
user_833,person
user_834,person
user_835,person
user_836,person
user_837,person
user_838,person
user_839,person
user_840,person
user_841,person
user_842,person
user_843,person
user_844,person
user_845,person
user_846,person
user_847,person
user_848,person
user_849,person
user_850,person
user_851,person
user_852,person
user_853,person
user_854,person
user_855,person
user_856,person
user_857,person
user_858,person
user_859,person
user_860,person
user_861,person
user_862,person
user_863,person
user_864,person
user_865,person
user_866,person
user_867,person
user_868,person
user_869,person
user_870,person
user_871,person
user_872,person
user_873,person
user_874,person
user_875,person
user_876,person
user_877,person
user_878,person
user_879,person
user_880,person
user_881,person
user_882,person
user_883,person
user_884,person
user_885,person
user_886,person
user_887,person
user_888,person
user_889,person
user_890,person
user_891,person
user_892,person
user_893,person
user_894,person
user_895,person
user_896,person
user_897,person
user_898,person
user_899,person
user_900,person
user_901,person
user_902,person
user_903,person
user_904,person
user_905,person
user_906,person
user_907,person
user_908,person
user_909,person
user_910,person
user_911,person
user_912,person
user_913,person
user_914,person
user_915,person
user_916,person
user_917,person
user_918,person
user_919,person
user_920,person
user_921,person
user_922,person
user_923,person
user_924,person
user_925,person
user_926,person
user_927,person
user_928,person
user_929,person
user_930,person
user_931,person
user_932,person
user_933,person
user_934,person
user_935,person
user_936,person
user_937,person
user_938,person
user_939,person
user_940,person
user_941,person
user_942,person
user_943,person
user_944,person
user_945,person
user_946,person
user_947,person
user_948,person
user_949,person
user_950,person
user_951,person
user_952,person
user_953,person
user_954,person
user_955,person
user_956,person
user_957,person
user_958,person
user_959,person
user_960,person
user_961,person
user_962,person
user_963,person
user_964,person
user_965,person
user_966,person
user_967,person
user_968,person
user_969,person
user_970,person
user_971,person
user_972,person
user_973,person
user_974,person
user_975,person
user_976,person
user_977,person
user_978,person
user_979,person
user_980,person
user_981,person
user_982,person
user_983,person
user_984,person
user_985,person
user_986,person
user_987,person
user_988,person
user_989,person
user_990,person
user_991,person
user_992,person
user_993,person
user_994,person
user_995,person
user_996,person
user_997,person
user_998,person
user_999,person
user_1000,person
user_1001,person
user_1002,person
user_1003,person
user_1004,person
user_1005,person
user_1006,person
user_1007,person
user_1008,person
user_1009,person
user_1010,person
user_1011,person
user_1012,person
user_1013,person
user_1014,person
user_1015,person
user_1016,person
user_1017,person
user_1018,person
user_1019,person
user_1020,person
user_1021,person
user_1022,person
user_1023,person
user_1024,person
user_1025,person
user_1026,person
user_1027,person
user_1028,person
user_1029,person
user_1030,person
user_1031,person
user_1032,person
user_1033,person
user_1034,person
user_1035,person
user_1036,person
user_1037,person
user_1038,person
user_1039,person
user_1040,person
user_1041,person
user_1042,person
user_1043,person
user_1044,person
user_1045,person
user_1046,person
user_1047,person
user_1048,person
user_1049,person
user_1050,person
user_1051,person
user_1052,person
user_1053,person
user_1054,person
user_1055,person
user_1056,person
user_1057,person
user_1058,person
user_1059,person
user_1060,person
user_1061,person
user_1062,person
user_1063,person
user_1064,person
user_1065,person
user_1066,person
user_1067,person
user_1068,person
user_1069,person
user_1070,person
user_1071,person
user_1072,person
user_1073,person
user_1074,person
user_1075,person
user_1076,person
user_1077,person
user_1078,person
user_1079,person
user_1080,person
user_1081,person
user_1082,person
user_1083,person
user_1084,person
user_1085,person
user_1086,person
user_1087,person
user_1088,person
user_1089,person
user_1090,person
user_1091,person
user_1092,person
user_1093,person
user_1094,person
user_1095,person
user_1096,person
user_1097,person
user_1098,person
user_1099,person
user_1100,person
user_1101,person
user_1102,person
user_1103,person
user_1104,person
user_1105,person
user_1106,person
user_1107,person
user_1108,person
user_1109,person
user_1110,person
user_1111,person
user_1112,person
user_1113,person
user_1114,person
user_1115,person
user_1116,person
user_1117,person
user_1118,person
user_1119,person
user_1120,person
user_1121,person
user_1122,person
user_1123,person
user_1124,person
user_1125,person
user_1126,person
user_1127,person
user_1128,person
user_1129,person
user_1130,person
user_1131,person
user_1132,person
user_1133,person
user_1134,person
user_1135,person
user_1136,person
user_1137,person
user_1138,person
user_1139,person
user_1140,person
user_1141,person
user_1142,person
user_1143,person
user_1144,person
user_1145,person
user_1146,person
user_1147,person
user_1148,person
user_1149,person
user_1150,person
user_1151,person
user_1152,person
user_1153,person
user_1154,person
user_1155,person
user_1156,person
user_1157,person
user_1158,person
user_1159,person
user_1160,person
user_1161,person
user_1162,person
user_1163,person
user_1164,person
user_1165,person
user_1166,person
user_1167,person
user_1168,person
user_1169,person
user_1170,person
user_1171,person
user_1172,person
user_1173,person
user_1174,person
user_1175,person
user_1176,person
user_1177,person
user_1178,person
user_1179,person
user_1180,person
user_1181,person
user_1182,person
user_1183,person
user_1184,person
user_1185,person
user_1186,person
user_1187,person
user_1188,person
user_1189,person
user_1190,person
user_1191,person
user_1192,person
user_1193,person
user_1194,person
user_1195,person
user_1196,person
user_1197,person
user_1198,person
user_1199,person
user_1200,person
user_1201,person
user_1202,person
user_1203,person
user_1204,person
user_1205,person
user_1206,person
user_1207,person
user_1208,person
user_1209,person
user_1210,person
user_1211,person
user_1212,person
user_1213,person
user_1214,person
user_1215,person
user_1216,person
user_1217,person
user_1218,person
user_1219,person
user_1220,person
user_1221,person
user_1222,person
user_1223,person
user_1224,person
user_1225,person
user_1226,person
user_1227,person
user_1228,person
user_1229,person
user_1230,person
user_1231,person
user_1232,person
user_1233,person
user_1234,person
user_1235,person
user_1236,person
user_1237,person
user_1238,person
user_1239,person
user_1240,person
user_1241,person
user_1242,person
user_1243,person
user_1244,person
user_1245,person
user_1246,person
user_1247,person
user_1248,person
user_1249,person
user_1250,person
user_1251,person
user_1252,person
user_1253,person
user_1254,person
user_1255,person
user_1256,person
user_1257,person
user_1258,person
user_1259,person
user_1260,person
user_1261,person
user_1262,person
user_1263,person
user_1264,person
user_1265,person
user_1266,person
user_1267,person
user_1268,person
user_1269,person
user_1270,person
user_1271,person
user_1272,person
user_1273,person
user_1274,person
user_1275,person
user_1276,person
user_1277,person
user_1278,person
user_1279,person
user_1280,person
user_1281,person
user_1282,person
user_1283,person
user_1284,person
user_1285,person
user_1286,person
user_1287,person
user_1288,person
user_1289,person
user_1290,person
user_1291,person
user_1292,person
user_1293,person
user_1294,person
user_1295,person
user_1296,person
user_1297,person
user_1298,person
user_1299,person
user_1300,person
user_1301,person
user_1302,person
user_1303,person
user_1304,person
user_1305,person
user_1306,person
user_1307,person
user_1308,person
user_1309,person
user_1310,person
user_1311,person
user_1312,person
user_1313,person
user_1314,person
user_1315,person
user_1316,person
user_1317,person
user_1318,person
user_1319,person
user_1320,person
user_1321,person
user_1322,person
user_1323,person
user_1324,person
user_1325,person
user_1326,person
user_1327,person
user_1328,person
user_1329,person
user_1330,person
user_1331,person
user_1332,person
user_1333,person
user_1334,person
user_1335,person
user_1336,person
user_1337,person
user_1338,person
user_1339,person
user_1340,person
user_1341,person
user_1342,person
user_1343,person
user_1344,person
user_1345,person
user_1346,person
user_1347,person
user_1348,person
user_1349,person
user_1350,person
user_1351,person
user_1352,person
user_1353,person
user_1354,person
user_1355,person
user_1356,person
user_1357,person
user_1358,person
user_1359,person
user_1360,person
user_1361,person
user_1362,person
user_1363,person
user_1364,person
user_1365,person
user_1366,person
user_1367,person
user_1368,person
user_1369,person
user_1370,person
user_1371,person
user_1372,person
user_1373,person
user_1374,person
user_1375,person
user_1376,person
user_1377,person
user_1378,person
user_1379,person
user_1380,person
user_1381,person
user_1382,person
user_1383,person
user_1384,person
user_1385,person
user_1386,person
user_1387,person
user_1388,person
user_1389,person
user_1390,person
user_1391,person
user_1392,person
user_1393,person
user_1394,person
user_1395,person
user_1396,person
user_1397,person
user_1398,person
user_1399,person
user_1400,person
user_1401,person
user_1402,person
user_1403,person
user_1404,person
user_1405,person
user_1406,person
user_1407,person
user_1408,person
user_1409,person
user_1410,person
user_1411,person
user_1412,person
user_1413,person
user_1414,person
user_1415,person
user_1416,person
user_1417,person
user_1418,person
user_1419,person
user_1420,person
user_1421,person
user_1422,person
user_1423,person
user_1424,person
user_1425,person
user_1426,person
user_1427,person
user_1428,person
user_1429,person
user_1430,person
user_1431,person
user_1432,person
user_1433,person
user_1434,person
user_1435,person
user_1436,person
user_1437,person
user_1438,person
user_1439,person
user_1440,person
user_1441,person
user_1442,person
user_1443,person
user_1444,person
user_1445,person
user_1446,person
user_1447,person
user_1448,person
user_1449,person
user_1450,person
user_1451,person
user_1452,person
user_1453,person
user_1454,person
user_1455,person
user_1456,person
user_1457,person
user_1458,person
user_1459,person
user_1460,person
user_1461,person
user_1462,person
user_1463,person
user_1464,person
user_1465,person
user_1466,person
user_1467,person
user_1468,person
user_1469,person
user_1470,person
user_1471,person
user_1472,person
user_1473,person
user_1474,person
user_1475,person
user_1476,person
user_1477,person
user_1478,person
user_1479,person
user_1480,person
user_1481,person
user_1482,person
user_1483,person
user_1484,person
user_1485,person
user_1486,person
user_1487,person
user_1488,person
user_1489,person
user_1490,person
user_1491,person
user_1492,person
user_1493,person
user_1494,person
user_1495,person
user_1496,person
user_1497,person
user_1498,person
user_1499,person
user_1500,person
user_1501,person
user_1502,person
user_1503,person
user_1504,person
user_1505,person
user_1506,person
user_1507,person
user_1508,person
user_1509,person
user_1510,person
user_1511,person
user_1512,person
user_1513,person
user_1514,person
user_1515,person
user_1516,person
user_1517,person
user_1518,person
user_1519,person
user_1520,person
user_1521,person
user_1522,person
user_1523,person
user_1524,person
user_1525,person
user_1526,person
user_1527,person
user_1528,person
user_1529,person
user_1530,person
user_1531,person
user_1532,person
user_1533,person
user_1534,person
user_1535,person
user_1536,person
user_1537,person
user_1538,person
user_1539,person
user_1540,person
user_1541,person
user_1542,person
user_1543,person
user_1544,person
user_1545,person
user_1546,person
user_1547,person
user_1548,person
user_1549,person
user_1550,person
user_1551,person
user_1552,person
user_1553,person
user_1554,person
user_1555,person
user_1556,person
user_1557,person
user_1558,person
user_1559,person
user_1560,person
user_1561,person
user_1562,person
user_1563,person
user_1564,person
user_1565,person
user_1566,person
user_1567,person
user_1568,person
user_1569,person
user_1570,person
user_1571,person
user_1572,person
user_1573,person
user_1574,person
user_1575,person
user_1576,person
user_1577,person
user_1578,person
user_1579,person
user_1580,person
user_1581,person
user_1582,person
user_1583,person
user_1584,person
user_1585,person
user_1586,person
user_1587,person
user_1588,person
user_1589,person
user_1590,person
user_1591,person
user_1592,person
user_1593,person
user_1594,person
user_1595,person
user_1596,person
user_1597,person
user_1598,person
user_1599,person
user_1600,person
user_1601,person
user_1602,person
user_1603,person
user_1604,person
user_1605,person
user_1606,person
user_1607,person
user_1608,person
user_1609,person
user_1610,person
user_1611,person
user_1612,person
user_1613,person
user_1614,person
user_1615,person
user_1616,person
user_1617,person
user_1618,person
user_1619,person
user_1620,person
user_1621,person
user_1622,person
user_1623,person
user_1624,person
user_1625,person
user_1626,person
user_1627,person
user_1628,person
user_1629,person
user_1630,person
user_1631,person
user_1632,person
user_1633,person
user_1634,person
user_1635,person
user_1636,person
user_1637,person
user_1638,person
user_1639,person
user_1640,person
user_1641,person
user_1642,person
user_1643,person
user_1644,person
user_1645,person
user_1646,person
user_1647,person
user_1648,person
user_1649,person
user_1650,person
user_1651,person
user_1652,person
user_1653,person
user_1654,person
user_1655,person
user_1656,person
user_1657,person
user_1658,person
user_1659,person
user_1660,person
user_1661,person
user_1662,person
user_1663,person
user_1664,person
user_1665,person
user_1666,person
user_1667,person
user_1668,person
user_1669,person
user_1670,person
user_1671,person
user_1672,person
user_1673,person
user_1674,person
user_1675,person
user_1676,person
user_1677,person
user_1678,person
user_1679,person
user_1680,person
user_1681,person
user_1682,person
user_1683,person
user_1684,person
user_1685,person
user_1686,person
user_1687,person
user_1688,person
user_1689,person
user_1690,person
user_1691,person
user_1692,person
user_1693,person
user_1694,person
user_1695,person
user_1696,person
user_1697,person
user_1698,person
user_1699,person
user_1700,person
user_1701,person
user_1702,person
user_1703,person
user_1704,person
user_1705,person
user_1706,person
user_1707,person
user_1708,person
user_1709,person
user_1710,person
user_1711,person
user_1712,person
user_1713,person
user_1714,person
user_1715,person
user_1716,person
user_1717,person
user_1718,person
user_1719,person
user_1720,person
user_1721,person
user_1722,person
user_1723,person
user_1724,person
user_1725,person
user_1726,person
user_1727,person
user_1728,person
user_1729,person
user_1730,person
user_1731,person
user_1732,person
user_1733,person
user_1734,person
user_1735,person
user_1736,person
user_1737,person
user_1738,person
user_1739,person
user_1740,person
user_1741,person
user_1742,person
user_1743,person
user_1744,person
user_1745,person
user_1746,person
user_1747,person
user_1748,person
user_1749,person
user_1750,person
user_1751,person
user_1752,person
user_1753,person
user_1754,person
user_1755,person
user_1756,person
user_1757,person
user_1758,person
user_1759,person
user_1760,person
user_1761,person
user_1762,person
user_1763,person
user_1764,person
user_1765,person
user_1766,person
user_1767,person
user_1768,person
user_1769,person
user_1770,person
user_1771,person
user_1772,person
user_1773,person
user_1774,person
user_1775,person
user_1776,person
user_1777,person
user_1778,person
user_1779,person
user_1780,person
user_1781,person
user_1782,person
user_1783,person
user_1784,person
user_1785,person
user_1786,person
user_1787,person
user_1788,person
user_1789,person
user_1790,person
user_1791,person
user_1792,person
user_1793,person
user_1794,person
user_1795,person
user_1796,person
user_1797,person
user_1798,person
user_1799,person
user_1800,person
user_1801,person
user_1802,person
user_1803,person
user_1804,person
user_1805,person
user_1806,person
user_1807,person
user_1808,person
user_1809,person
user_1810,person
user_1811,person
user_1812,person
user_1813,person
user_1814,person
user_1815,person
user_1816,person
user_1817,person
user_1818,person
user_1819,person
user_1820,person
user_1821,person
user_1822,person
user_1823,person
user_1824,person
user_1825,person
user_1826,person
user_1827,person
user_1828,person
user_1829,person
user_1830,person
user_1831,person
user_1832,person
user_1833,person
user_1834,person
user_1835,person
user_1836,person
user_1837,person
user_1838,person
user_1839,person
user_1840,person
user_1841,person
user_1842,person
user_1843,person
user_1844,person
user_1845,person
user_1846,person
user_1847,person
user_1848,person
user_1849,person
user_1850,person
user_1851,person
user_1852,person
user_1853,person
user_1854,person
user_1855,person
user_1856,person
user_1857,person
user_1858,person
user_1859,person
user_1860,person
user_1861,person
user_1862,person
user_1863,person
user_1864,person
user_1865,person
user_1866,person
user_1867,person
user_1868,person
user_1869,person
user_1870,person
user_1871,person
user_1872,person
user_1873,person
user_1874,person
user_1875,person
user_1876,person
user_1877,person
user_1878,person
user_1879,person
user_1880,person
user_1881,person
user_1882,person
user_1883,person
user_1884,person
user_1885,person
user_1886,person
user_1887,person
user_1888,person
user_1889,person
user_1890,person
user_1891,person
user_1892,person
user_1893,person
user_1894,person
user_1895,person
user_1896,person
user_1897,person
user_1898,person
user_1899,person
user_1900,person
user_1901,person
user_1902,person
user_1903,person
user_1904,person
user_1905,person
user_1906,person
user_1907,person
user_1908,person
user_1909,person
user_1910,person
user_1911,person
user_1912,person
user_1913,person
user_1914,person
user_1915,person
user_1916,person
user_1917,person
user_1918,person
user_1919,person
user_1920,person
user_1921,person
user_1922,person
user_1923,person
user_1924,person
user_1925,person
user_1926,person
user_1927,person
user_1928,person
user_1929,person
user_1930,person
user_1931,person
user_1932,person
user_1933,person
user_1934,person
user_1935,person
user_1936,person
user_1937,person
user_1938,person
user_1939,person
user_1940,person
user_1941,person
user_1942,person
user_1943,person
user_1944,person
user_1945,person
user_1946,person
user_1947,person
user_1948,person
user_1949,person
user_1950,person
user_1951,person
user_1952,person
user_1953,person
user_1954,person
user_1955,person
user_1956,person
user_1957,person
user_1958,person
user_1959,person
user_1960,person
user_1961,person
user_1962,person
user_1963,person
user_1964,person
user_1965,person
user_1966,person
user_1967,person
user_1968,person
user_1969,person
user_1970,person
user_1971,person
user_1972,person
user_1973,person
user_1974,person
user_1975,person
user_1976,person
user_1977,person
user_1978,person
user_1979,person
user_1980,person
user_1981,person
user_1982,person
user_1983,person
user_1984,person
user_1985,person
user_1986,person
user_1987,person
user_1988,person
user_1989,person
user_1990,person
user_1991,person
user_1992,person
user_1993,person
user_1994,person
user_1995,person
user_1996,person
user_1997,person
user_1998,person
user_1999,person
user_2000,person
user_2001,person
user_2002,person
user_2003,person
user_2004,person
user_2005,person
user_2006,person
user_2007,person
user_2008,person
user_2009,person
user_2010,person
user_2011,person
user_2012,person
user_2013,person
user_2014,person
user_2015,person
user_2016,person
user_2017,person
user_2018,person
user_2019,person
user_2020,person
user_2021,person
user_2022,person
user_2023,person
user_2024,person
user_2025,person
user_2026,person
user_2027,person
user_2028,person
user_2029,person
user_2030,person
user_2031,person
user_2032,person
user_2033,person
user_2034,person
user_2035,person
user_2036,person
user_2037,person
user_2038,person
user_2039,person
user_2040,person
user_2041,person
user_2042,person
user_2043,person
user_2044,person
user_2045,person
user_2046,person
user_2047,person
user_2048,person
user_2049,person
user_2050,person
user_2051,person
user_2052,person
user_2053,person
user_2054,person
user_2055,person
user_2056,person
user_2057,person
user_2058,person
user_2059,person
user_2060,person
user_2061,person
user_2062,person
user_2063,person
user_2064,person
user_2065,person
user_2066,person
user_2067,person
user_2068,person
user_2069,person
user_2070,person
user_2071,person
user_2072,person
user_2073,person
user_2074,person
user_2075,person
user_2076,person
user_2077,person
user_2078,person
user_2079,person
user_2080,person
user_2081,person
user_2082,person
user_2083,person
user_2084,person
user_2085,person
user_2086,person
user_2087,person
user_2088,person
user_2089,person
user_2090,person
user_2091,person
user_2092,person
user_2093,person
user_2094,person
user_2095,person
user_2096,person
user_2097,person
user_2098,person
user_2099,person
user_2100,person
user_2101,person
user_2102,person
user_2103,person
user_2104,person
user_2105,person
user_2106,person
user_2107,person
user_2108,person
user_2109,person
user_2110,person
user_2111,person
user_2112,person
user_2113,person
user_2114,person
user_2115,person
user_2116,person
user_2117,person
user_2118,person
user_2119,person
user_2120,person
user_2121,person
user_2122,person
user_2123,person
user_2124,person
user_2125,person
user_2126,person
user_2127,person
user_2128,person
user_2129,person
user_2130,person
user_2131,person
user_2132,person
user_2133,person
user_2134,person
user_2135,person
user_2136,person
user_2137,person
user_2138,person
user_2139,person
user_2140,person
user_2141,person
user_2142,person
user_2143,person
user_2144,person
user_2145,person
user_2146,person
user_2147,person
user_2148,person
user_2149,person
user_2150,person
user_2151,person
user_2152,person
user_2153,person
user_2154,person
user_2155,person
user_2156,person
user_2157,person
user_2158,person
user_2159,person
user_2160,person
user_2161,person
user_2162,person
user_2163,person
user_2164,person
user_2165,person
user_2166,person
user_2167,person
user_2168,person
user_2169,person
user_2170,person
user_2171,person
user_2172,person
user_2173,person
user_2174,person
user_2175,person
user_2176,person
user_2177,person
user_2178,person
user_2179,person
user_2180,person
user_2181,person
user_2182,person
user_2183,person
user_2184,person
user_2185,person
user_2186,person
user_2187,person
user_2188,person
user_2189,person
user_2190,person
user_2191,person
user_2192,person
user_2193,person
user_2194,person
user_2195,person
user_2196,person
user_2197,person
user_2198,person
user_2199,person
user_2200,person
user_2201,person
user_2202,person
user_2203,person
user_2204,person
user_2205,person
user_2206,person
user_2207,person
user_2208,person
user_2209,person
user_2210,person
user_2211,person
user_2212,person
user_2213,person
user_2214,person
user_2215,person
user_2216,person
user_2217,person
user_2218,person
user_2219,person
user_2220,person
user_2221,person
user_2222,person
user_2223,person
user_2224,person
user_2225,person
user_2226,person
user_2227,person
user_2228,person
user_2229,person
user_2230,person
user_2231,person
user_2232,person
user_2233,person
user_2234,person
user_2235,person
user_2236,person
user_2237,person
user_2238,person
user_2239,person
user_2240,person
user_2241,person
user_2242,person
user_2243,person
user_2244,person
user_2245,person
user_2246,person
user_2247,person
user_2248,person
user_2249,person
user_2250,person
user_2251,person
user_2252,person
user_2253,person
user_2254,person
user_2255,person
user_2256,person
user_2257,person
user_2258,person
user_2259,person
user_2260,person
user_2261,person
user_2262,person
user_2263,person
user_2264,person
user_2265,person
user_2266,person
user_2267,person
user_2268,person
user_2269,person
user_2270,person
user_2271,person
user_2272,person
user_2273,person
user_2274,person
user_2275,person
user_2276,person
user_2277,person
user_2278,person
user_2279,person
user_2280,person
user_2281,person
user_2282,person
user_2283,person
user_2284,person
user_2285,person
user_2286,person
user_2287,person
user_2288,person
user_2289,person
user_2290,person
user_2291,person
user_2292,person
user_2293,person
user_2294,person
user_2295,person
user_2296,person
user_2297,person
user_2298,person
user_2299,person
user_2300,person
user_2301,person
user_2302,person
user_2303,person
user_2304,person
user_2305,person
user_2306,person
user_2307,person
user_2308,person
user_2309,person
user_2310,person
user_2311,person
user_2312,person
user_2313,person
user_2314,person
user_2315,person
user_2316,person
user_2317,person
user_2318,person
user_2319,person
user_2320,person
user_2321,person
user_2322,person
user_2323,person
user_2324,person
user_2325,person
user_2326,person
user_2327,person
user_2328,person
user_2329,person
user_2330,person
user_2331,person
user_2332,person
user_2333,person
user_2334,person
user_2335,person
user_2336,person
user_2337,person
user_2338,person
user_2339,person
user_2340,person
user_2341,person
user_2342,person
user_2343,person
user_2344,person
user_2345,person
user_2346,person
user_2347,person
user_2348,person
user_2349,person
user_2350,person
user_2351,person
user_2352,person
user_2353,person
user_2354,person
user_2355,person
user_2356,person
user_2357,person
user_2358,person
user_2359,person
user_2360,person
user_2361,person
user_2362,person
user_2363,person
user_2364,person
user_2365,person
user_2366,person
user_2367,person
user_2368,person
user_2369,person
user_2370,person
user_2371,person
user_2372,person
user_2373,person
user_2374,person
user_2375,person
user_2376,person
user_2377,person
user_2378,person
user_2379,person
user_2380,person
user_2381,person
user_2382,person
user_2383,person
user_2384,person
user_2385,person
user_2386,person
user_2387,person
user_2388,person
user_2389,person
user_2390,person
user_2391,person
user_2392,person
user_2393,person
user_2394,person
user_2395,person
user_2396,person
user_2397,person
user_2398,person
user_2399,person
user_2400,person
user_2401,person
user_2402,person
user_2403,person
user_2404,person
user_2405,person
user_2406,person
user_2407,person
user_2408,person
user_2409,person
user_2410,person
user_2411,person
user_2412,person
user_2413,person
user_2414,person
user_2415,person
user_2416,person
user_2417,person
user_2418,person
user_2419,person
user_2420,person
user_2421,person
user_2422,person
user_2423,person
user_2424,person
user_2425,person
user_2426,person
user_2427,person
user_2428,person
user_2429,person
user_2430,person
user_2431,person
user_2432,person
user_2433,person
user_2434,person
user_2435,person
user_2436,person
user_2437,person
user_2438,person
user_2439,person
user_2440,person
user_2441,person
user_2442,person
user_2443,person
user_2444,person
user_2445,person
user_2446,person
user_2447,person
user_2448,person
user_2449,person
user_2450,person
user_2451,person
user_2452,person
user_2453,person
user_2454,person
user_2455,person
user_2456,person
user_2457,person
user_2458,person
user_2459,person
user_2460,person
user_2461,person
user_2462,person
user_2463,person
user_2464,person
user_2465,person
user_2466,person
user_2467,person
user_2468,person
user_2469,person
user_2470,person
user_2471,person
user_2472,person
user_2473,person
user_2474,person
user_2475,person
user_2476,person
user_2477,person
user_2478,person
user_2479,person
user_2480,person
user_2481,person
user_2482,person
user_2483,person
user_2484,person
user_2485,person
user_2486,person
user_2487,person
user_2488,person
user_2489,person
user_2490,person
user_2491,person
user_2492,person
user_2493,person
user_2494,person
user_2495,person
user_2496,person
user_2497,person
user_2498,person
user_2499,person
user_2500,person
user_2501,person
user_2502,person
user_2503,person
user_2504,person
user_2505,person
user_2506,person
user_2507,person
user_2508,person
user_2509,person
user_2510,person
user_2511,person
user_2512,person
user_2513,person
user_2514,person
user_2515,person
user_2516,person
user_2517,person
user_2518,person
user_2519,person
user_2520,person
user_2521,person
user_2522,person
user_2523,person
user_2524,person
user_2525,person
user_2526,person
user_2527,person
user_2528,person
user_2529,person
user_2530,person
user_2531,person
user_2532,person
user_2533,person
user_2534,person
user_2535,person
user_2536,person
user_2537,person
user_2538,person
user_2539,person
user_2540,person
user_2541,person
user_2542,person
user_2543,person
user_2544,person
user_2545,person
user_2546,person
user_2547,person
user_2548,person
user_2549,person
user_2550,person
user_2551,person
user_2552,person
user_2553,person
user_2554,person
user_2555,person
user_2556,person
user_2557,person
user_2558,person
user_2559,person
user_2560,person
user_2561,person
user_2562,person
user_2563,person
user_2564,person
user_2565,person
user_2566,person
user_2567,person
user_2568,person
user_2569,person
user_2570,person
user_2571,person
user_2572,person
user_2573,person
user_2574,person
user_2575,person
user_2576,person
user_2577,person
user_2578,person
user_2579,person
user_2580,person
user_2581,person
user_2582,person
user_2583,person
user_2584,person
user_2585,person
user_2586,person
user_2587,person
user_2588,person
user_2589,person
user_2590,person
user_2591,person
user_2592,person
user_2593,person
user_2594,person
user_2595,person
user_2596,person
user_2597,person
user_2598,person
user_2599,person
user_2600,person
user_2601,person
user_2602,person
user_2603,person
user_2604,person
user_2605,person
user_2606,person
user_2607,person
user_2608,person
user_2609,person
user_2610,person
user_2611,person
user_2612,person
user_2613,person
user_2614,person
user_2615,person
user_2616,person
user_2617,person
user_2618,person
user_2619,person
user_2620,person
user_2621,person
user_2622,person
user_2623,person
user_2624,person
user_2625,person
user_2626,person
user_2627,person
user_2628,person
user_2629,person
user_2630,person
user_2631,person
user_2632,person
user_2633,person
user_2634,person
user_2635,person
user_2636,person
user_2637,person
user_2638,person
user_2639,person
user_2640,person
user_2641,person
user_2642,person
user_2643,person
user_2644,person
user_2645,person
user_2646,person
user_2647,person
user_2648,person
user_2649,person
user_2650,person
user_2651,person
user_2652,person
user_2653,person
user_2654,person
user_2655,person
user_2656,person
user_2657,person
user_2658,person
user_2659,person
user_2660,person
user_2661,person
user_2662,person
user_2663,person
user_2664,person
user_2665,person
user_2666,person
user_2667,person
user_2668,person
user_2669,person
user_2670,person
user_2671,person
user_2672,person
user_2673,person
user_2674,person
user_2675,person
user_2676,person
user_2677,person
user_2678,person
user_2679,person
user_2680,person
user_2681,person
user_2682,person
user_2683,person
user_2684,person
user_2685,person
user_2686,person
user_2687,person
user_2688,person
user_2689,person
user_2690,person
user_2691,person
user_2692,person
user_2693,person
user_2694,person
user_2695,person
user_2696,person
user_2697,person
user_2698,person
user_2699,person
user_2700,person
user_2701,person
user_2702,person
user_2703,person
user_2704,person
user_2705,person
user_2706,person
user_2707,person
user_2708,person
user_2709,person
user_2710,person
user_2711,person
user_2712,person
user_2713,person
user_2714,person
user_2715,person
user_2716,person
user_2717,person
user_2718,person
user_2719,person
user_2720,person
user_2721,person
user_2722,person
user_2723,person
user_2724,person
user_2725,person
user_2726,person
user_2727,person
user_2728,person
user_2729,person
user_2730,person
user_2731,person
user_2732,person
user_2733,person
user_2734,person
user_2735,person
user_2736,person
user_2737,person
user_2738,person
user_2739,person
user_2740,person
user_2741,person
user_2742,person
user_2743,person
user_2744,person
user_2745,person
user_2746,person
user_2747,person
user_2748,person
user_2749,person
user_2750,person
user_2751,person
user_2752,person
user_2753,person
user_2754,person
user_2755,person
user_2756,person
user_2757,person
user_2758,person
user_2759,person
user_2760,person
user_2761,person
user_2762,person
user_2763,person
user_2764,person
user_2765,person
user_2766,person
user_2767,person
user_2768,person
user_2769,person
user_2770,person
user_2771,person
user_2772,person
user_2773,person
user_2774,person
user_2775,person
user_2776,person
user_2777,person
user_2778,person
user_2779,person
user_2780,person
user_2781,person
user_2782,person
user_2783,person
user_2784,person
user_2785,person
user_2786,person
user_2787,person
user_2788,person
user_2789,person
user_2790,person
user_2791,person
user_2792,person
user_2793,person
user_2794,person
user_2795,person
user_2796,person
user_2797,person
user_2798,person
user_2799,person
user_2800,person
user_2801,person
user_2802,person
user_2803,person
user_2804,person
user_2805,person
user_2806,person
user_2807,person
user_2808,person
user_2809,person
user_2810,person
user_2811,person
user_2812,person
user_2813,person
user_2814,person
user_2815,person
user_2816,person
user_2817,person
user_2818,person
user_2819,person
user_2820,person
user_2821,person
user_2822,person
user_2823,person
user_2824,person
user_2825,person
user_2826,person
user_2827,person
user_2828,person
user_2829,person
user_2830,person
user_2831,person
user_2832,person
user_2833,person
user_2834,person
user_2835,person
user_2836,person
user_2837,person
user_2838,person
user_2839,person
user_2840,person
user_2841,person
user_2842,person
user_2843,person
user_2844,person
user_2845,person
user_2846,person
user_2847,person
user_2848,person
user_2849,person
user_2850,person
user_2851,person
user_2852,person
user_2853,person
user_2854,person
user_2855,person
user_2856,person
user_2857,person
user_2858,person
user_2859,person
user_2860,person
user_2861,person
user_2862,person
user_2863,person
user_2864,person
user_2865,person
user_2866,person
user_2867,person
user_2868,person
user_2869,person
user_2870,person
user_2871,person
user_2872,person
user_2873,person
user_2874,person
user_2875,person
user_2876,person
user_2877,person
user_2878,person
user_2879,person
user_2880,person
user_2881,person
user_2882,person
user_2883,person
user_2884,person
user_2885,person
user_2886,person
user_2887,person
user_2888,person
user_2889,person
user_2890,person
user_2891,person
user_2892,person
user_2893,person
user_2894,person
user_2895,person
user_2896,person
user_2897,person
user_2898,person
user_2899,person
user_2900,person
user_2901,person
user_2902,person
user_2903,person
user_2904,person
user_2905,person
user_2906,person
user_2907,person
user_2908,person
user_2909,person
user_2910,person
user_2911,person
user_2912,person
user_2913,person
user_2914,person
user_2915,person
user_2916,person
user_2917,person
user_2918,person
user_2919,person
user_2920,person
user_2921,person
user_2922,person
user_2923,person
user_2924,person
user_2925,person
user_2926,person
user_2927,person
user_2928,person
user_2929,person
user_2930,person
user_2931,person
user_2932,person
user_2933,person
user_2934,person
user_2935,person
user_2936,person
user_2937,person
user_2938,person
user_2939,person
user_2940,person
user_2941,person
user_2942,person
user_2943,person
user_2944,person
user_2945,person
user_2946,person
user_2947,person
user_2948,person
user_2949,person
user_2950,person
user_2951,person
user_2952,person
user_2953,person
user_2954,person
user_2955,person
user_2956,person
user_2957,person
user_2958,person
user_2959,person
user_2960,person
user_2961,person
user_2962,person
user_2963,person
user_2964,person
user_2965,person
user_2966,person
user_2967,person
user_2968,person
user_2969,person
user_2970,person
user_2971,person
user_2972,person
user_2973,person
user_2974,person
user_2975,person
user_2976,person
user_2977,person
user_2978,person
user_2979,person
user_2980,person
user_2981,person
user_2982,person
user_2983,person
user_2984,person
user_2985,person
user_2986,person
user_2987,person
user_2988,person
user_2989,person
user_2990,person
user_2991,person
user_2992,person
user_2993,person
user_2994,person
user_2995,person
user_2996,person
user_2997,person
user_2998,person
user_2999,person
user_3000,person
user_3001,person
user_3002,person
user_3003,person
user_3004,person
user_3005,person
user_3006,person
user_3007,person
user_3008,person
user_3009,person
user_3010,person
user_3011,person
user_3012,person
user_3013,person
user_3014,person
user_3015,person
user_3016,person
user_3017,person
user_3018,person
user_3019,person
user_3020,person
user_3021,person
user_3022,person
user_3023,person
user_3024,person
user_3025,person
user_3026,person
user_3027,person
user_3028,person
user_3029,person
user_3030,person
user_3031,person
user_3032,person
user_3033,person
user_3034,person
user_3035,person
user_3036,person
user_3037,person
user_3038,person
user_3039,person
user_3040,person
user_3041,person
user_3042,person
user_3043,person
user_3044,person
user_3045,person
user_3046,person
user_3047,person
user_3048,person
user_3049,person
user_3050,person
user_3051,person
user_3052,person
user_3053,person
user_3054,person
user_3055,person
user_3056,person
user_3057,person
user_3058,person
user_3059,person
user_3060,person
user_3061,person
user_3062,person
user_3063,person
user_3064,person
user_3065,person
user_3066,person
user_3067,person
user_3068,person
user_3069,person
user_3070,person
user_3071,person
user_3072,person
user_3073,person
user_3074,person
user_3075,person
user_3076,person
user_3077,person
user_3078,person
user_3079,person
user_3080,person
user_3081,person
user_3082,person
user_3083,person
user_3084,person
user_3085,person
user_3086,person
user_3087,person
user_3088,person
user_3089,person
user_3090,person
user_3091,person
user_3092,person
user_3093,person
user_3094,person
user_3095,person
user_3096,person
user_3097,person
user_3098,person
user_3099,person
user_3100,person
user_3101,person
user_3102,person
user_3103,person
user_3104,person
user_3105,person
user_3106,person
user_3107,person
user_3108,person
user_3109,person
user_3110,person
user_3111,person
user_3112,person
user_3113,person
user_3114,person
user_3115,person
user_3116,person
user_3117,person
user_3118,person
user_3119,person
user_3120,person
user_3121,person
user_3122,person
user_3123,person
user_3124,person
user_3125,person
user_3126,person
user_3127,person
user_3128,person
user_3129,person
user_3130,person
user_3131,person
user_3132,person
user_3133,person
user_3134,person
user_3135,person
user_3136,person
user_3137,person
user_3138,person
user_3139,person
user_3140,person
user_3141,person
user_3142,person
user_3143,person
user_3144,person
user_3145,person
user_3146,person
user_3147,person
user_3148,person
user_3149,person
user_3150,person
user_3151,person
user_3152,person
user_3153,person
user_3154,person
user_3155,person
user_3156,person
user_3157,person
user_3158,person
user_3159,person
user_3160,person
user_3161,person
user_3162,person
user_3163,person
user_3164,person
user_3165,person
user_3166,person
user_3167,person
user_3168,person
user_3169,person
user_3170,person
user_3171,person
user_3172,person
user_3173,person
user_3174,person
user_3175,person
user_3176,person
user_3177,person
user_3178,person
user_3179,person
user_3180,person
user_3181,person
user_3182,person
user_3183,person
user_3184,person
user_3185,person
user_3186,person
user_3187,person
user_3188,person
user_3189,person
user_3190,person
user_3191,person
user_3192,person
user_3193,person
user_3194,person
user_3195,person
user_3196,person
user_3197,person
user_3198,person
user_3199,person
user_3200,person
user_3201,person
user_3202,person
user_3203,person
user_3204,person
user_3205,person
user_3206,person
user_3207,person
user_3208,person
user_3209,person
user_3210,person
user_3211,person
user_3212,person
user_3213,person
user_3214,person
user_3215,person
user_3216,person
user_3217,person
user_3218,person
user_3219,person
user_3220,person
user_3221,person
user_3222,person
user_3223,person
user_3224,person
user_3225,person
user_3226,person
user_3227,person
user_3228,person
user_3229,person
user_3230,person
user_3231,person
user_3232,person
user_3233,person
user_3234,person
user_3235,person
user_3236,person
user_3237,person
user_3238,person
user_3239,person
user_3240,person
user_3241,person
user_3242,person
user_3243,person
user_3244,person
user_3245,person
user_3246,person
user_3247,person
user_3248,person
user_3249,person
user_3250,person
user_3251,person
user_3252,person
user_3253,person
user_3254,person
user_3255,person
user_3256,person
user_3257,person
user_3258,person
user_3259,person
user_3260,person
user_3261,person
user_3262,person
user_3263,person
user_3264,person
user_3265,person
user_3266,person
user_3267,person
user_3268,person
user_3269,person
user_3270,person
user_3271,person
user_3272,person
user_3273,person
user_3274,person
user_3275,person
user_3276,person
user_3277,person
user_3278,person
user_3279,person
user_3280,person
user_3281,person
user_3282,person
user_3283,person
user_3284,person
user_3285,person
user_3286,person
user_3287,person
user_3288,person
user_3289,person
user_3290,person
user_3291,person
user_3292,person
user_3293,person
user_3294,person
user_3295,person
user_3296,person
user_3297,person
user_3298,person
user_3299,person
user_3300,person
user_3301,person
user_3302,person
user_3303,person
user_3304,person
user_3305,person
user_3306,person
user_3307,person
user_3308,person
user_3309,person
user_3310,person
user_3311,person
user_3312,person
user_3313,person
user_3314,person
user_3315,person
user_3316,person
user_3317,person
user_3318,person
user_3319,person
user_3320,person
user_3321,person
user_3322,person
user_3323,person
user_3324,person
user_3325,person
user_3326,person
user_3327,person
user_3328,person
user_3329,person
user_3330,person
user_3331,person
user_3332,person
user_3333,person
user_3334,person
user_3335,person
user_3336,person
user_3337,person
user_3338,person
user_3339,person
user_3340,person
user_3341,person
user_3342,person
user_3343,person
user_3344,person
user_3345,person
user_3346,person
user_3347,person
user_3348,person
user_3349,person
user_3350,person
user_3351,person
user_3352,person
user_3353,person
user_3354,person
user_3355,person
user_3356,person
user_3357,person
user_3358,person
user_3359,person
user_3360,person
user_3361,person
user_3362,person
user_3363,person
user_3364,person
user_3365,person
user_3366,person
user_3367,person
user_3368,person
user_3369,person
user_3370,person
user_3371,person
user_3372,person
user_3373,person
user_3374,person
user_3375,person
user_3376,person
user_3377,person
user_3378,person
user_3379,person
user_3380,person
user_3381,person
user_3382,person
user_3383,person
user_3384,person
user_3385,person
user_3386,person
user_3387,person
user_3388,person
user_3389,person
user_3390,person
user_3391,person
user_3392,person
user_3393,person
user_3394,person
user_3395,person
user_3396,person
user_3397,person
user_3398,person
user_3399,person
user_3400,person
user_3401,person
user_3402,person
user_3403,person
user_3404,person
user_3405,person
user_3406,person
user_3407,person
user_3408,person
user_3409,person
user_3410,person
user_3411,person
user_3412,person
user_3413,person
user_3414,person
user_3415,person
user_3416,person
user_3417,person
user_3418,person
user_3419,person
user_3420,person
user_3421,person
user_3422,person
user_3423,person
user_3424,person
user_3425,person
user_3426,person
user_3427,person
user_3428,person
user_3429,person
user_3430,person
user_3431,person
user_3432,person
user_3433,person
user_3434,person
user_3435,person
user_3436,person
user_3437,person
user_3438,person
user_3439,person
user_3440,person
user_3441,person
user_3442,person
user_3443,person
user_3444,person
user_3445,person
user_3446,person
user_3447,person
user_3448,person
user_3449,person
user_3450,person
user_3451,person
user_3452,person
user_3453,person
user_3454,person
user_3455,person
user_3456,person
user_3457,person
user_3458,person
user_3459,person
user_3460,person
user_3461,person
user_3462,person
user_3463,person
user_3464,person
user_3465,person
user_3466,person
user_3467,person
user_3468,person
user_3469,person
user_3470,person
user_3471,person
user_3472,person
user_3473,person
user_3474,person
user_3475,person
user_3476,person
user_3477,person
user_3478,person
user_3479,person
user_3480,person
user_3481,person
user_3482,person
user_3483,person
user_3484,person
user_3485,person
user_3486,person
user_3487,person
user_3488,person
user_3489,person
user_3490,person
user_3491,person
user_3492,person
user_3493,person
user_3494,person
user_3495,person
user_3496,person
user_3497,person
user_3498,person
user_3499,person
user_3500,person
user_3501,person
user_3502,person
user_3503,person
user_3504,person
user_3505,person
user_3506,person
user_3507,person
user_3508,person
user_3509,person
user_3510,person
user_3511,person
user_3512,person
user_3513,person
user_3514,person
user_3515,person
user_3516,person
user_3517,person
user_3518,person
user_3519,person
user_3520,person
user_3521,person
user_3522,person
user_3523,person
user_3524,person
user_3525,person
user_3526,person
user_3527,person
user_3528,person
user_3529,person
user_3530,person
user_3531,person
user_3532,person
user_3533,person
user_3534,person
user_3535,person
user_3536,person
user_3537,person
user_3538,person
user_3539,person
user_3540,person
user_3541,person
user_3542,person
user_3543,person
user_3544,person
user_3545,person
user_3546,person
user_3547,person
user_3548,person
user_3549,person
user_3550,person
user_3551,person
user_3552,person
user_3553,person
user_3554,person
user_3555,person
user_3556,person
user_3557,person
user_3558,person
user_3559,person
user_3560,person
user_3561,person
user_3562,person
user_3563,person
user_3564,person
user_3565,person
user_3566,person
user_3567,person
user_3568,person
user_3569,person
user_3570,person
user_3571,person
user_3572,person
user_3573,person
user_3574,person
user_3575,person
user_3576,person
user_3577,person
user_3578,person
user_3579,person
user_3580,person
user_3581,person
user_3582,person
user_3583,person
user_3584,person
user_3585,person
user_3586,person
user_3587,person
user_3588,person
user_3589,person
user_3590,person
user_3591,person
user_3592,person
user_3593,person
user_3594,person
user_3595,person
user_3596,person
user_3597,person
user_3598,person
user_3599,person
user_3600,person
user_3601,person
user_3602,person
user_3603,person
user_3604,person
user_3605,person
user_3606,person
user_3607,person
user_3608,person
user_3609,person
user_3610,person
user_3611,person
user_3612,person
user_3613,person
user_3614,person
user_3615,person
user_3616,person
user_3617,person
user_3618,person
user_3619,person
user_3620,person
user_3621,person
user_3622,person
user_3623,person
user_3624,person
user_3625,person
user_3626,person
user_3627,person
user_3628,person
user_3629,person
user_3630,person
user_3631,person
user_3632,person
user_3633,person
user_3634,person
user_3635,person
user_3636,person
user_3637,person
user_3638,person
user_3639,person
user_3640,person
user_3641,person
user_3642,person
user_3643,person
user_3644,person
user_3645,person
user_3646,person
user_3647,person
user_3648,person
user_3649,person
user_3650,person
user_3651,person
user_3652,person
user_3653,person
user_3654,person
user_3655,person
user_3656,person
user_3657,person
user_3658,person
user_3659,person
user_3660,person
user_3661,person
user_3662,person
user_3663,person
user_3664,person
user_3665,person
user_3666,person
user_3667,person
user_3668,person
user_3669,person
user_3670,person
user_3671,person
user_3672,person
user_3673,person
user_3674,person
user_3675,person
user_3676,person
user_3677,person
user_3678,person
user_3679,person
user_3680,person
user_3681,person
user_3682,person
user_3683,person
user_3684,person
user_3685,person
user_3686,person
user_3687,person
user_3688,person
user_3689,person
user_3690,person
user_3691,person
user_3692,person
user_3693,person
user_3694,person
user_3695,person
user_3696,person
user_3697,person
user_3698,person
user_3699,person
user_3700,person
user_3701,person
user_3702,person
user_3703,person
user_3704,person
user_3705,person
user_3706,person
user_3707,person
user_3708,person
user_3709,person
user_3710,person
user_3711,person
user_3712,person
user_3713,person
user_3714,person
user_3715,person
user_3716,person
user_3717,person
user_3718,person
user_3719,person
user_3720,person
user_3721,person
user_3722,person
user_3723,person
user_3724,person
user_3725,person
user_3726,person
user_3727,person
user_3728,person
user_3729,person
user_3730,person
user_3731,person
user_3732,person
user_3733,person
user_3734,person
user_3735,person
user_3736,person
user_3737,person
user_3738,person
user_3739,person
user_3740,person
user_3741,person
user_3742,person
user_3743,person
user_3744,person
user_3745,person
user_3746,person
user_3747,person
user_3748,person
user_3749,person
user_3750,person
user_3751,person
user_3752,person
user_3753,person
user_3754,person
user_3755,person
user_3756,person
user_3757,person
user_3758,person
user_3759,person
user_3760,person
user_3761,person
user_3762,person
user_3763,person
user_3764,person
user_3765,person
user_3766,person
user_3767,person
user_3768,person
user_3769,person
user_3770,person
user_3771,person
user_3772,person
user_3773,person
user_3774,person
user_3775,person
user_3776,person
user_3777,person
user_3778,person
user_3779,person
user_3780,person
user_3781,person
user_3782,person
user_3783,person
user_3784,person
user_3785,person
user_3786,person
user_3787,person
user_3788,person
user_3789,person
user_3790,person
user_3791,person
user_3792,person
user_3793,person
user_3794,person
user_3795,person
user_3796,person
user_3797,person
user_3798,person
user_3799,person
user_3800,person
user_3801,person
user_3802,person
user_3803,person
user_3804,person
user_3805,person
user_3806,person
user_3807,person
user_3808,person
user_3809,person
user_3810,person
user_3811,person
user_3812,person
user_3813,person
user_3814,person
user_3815,person
user_3816,person
user_3817,person
user_3818,person
user_3819,person
user_3820,person
user_3821,person
user_3822,person
user_3823,person
user_3824,person
user_3825,person
user_3826,person
user_3827,person
user_3828,person
user_3829,person
user_3830,person
user_3831,person
user_3832,person
user_3833,person
user_3834,person
user_3835,person
user_3836,person
user_3837,person
user_3838,person
user_3839,person
user_3840,person
user_3841,person
user_3842,person
user_3843,person
user_3844,person
user_3845,person
user_3846,person
user_3847,person
user_3848,person
user_3849,person
user_3850,person
user_3851,person
user_3852,person
user_3853,person
user_3854,person
user_3855,person
user_3856,person
user_3857,person
user_3858,person
user_3859,person
user_3860,person
user_3861,person
user_3862,person
user_3863,person
user_3864,person
user_3865,person
user_3866,person
user_3867,person
user_3868,person
user_3869,person
user_3870,person
user_3871,person
user_3872,person
user_3873,person
user_3874,person
user_3875,person
user_3876,person
user_3877,person
user_3878,person
user_3879,person
user_3880,person
user_3881,person
user_3882,person
user_3883,person
user_3884,person
user_3885,person
user_3886,person
user_3887,person
user_3888,person
user_3889,person
user_3890,person
user_3891,person
user_3892,person
user_3893,person
user_3894,person
user_3895,person
user_3896,person
user_3897,person
user_3898,person
user_3899,person
user_3900,person
user_3901,person
user_3902,person
user_3903,person
user_3904,person
user_3905,person
user_3906,person
user_3907,person
user_3908,person
user_3909,person
user_3910,person
user_3911,person
user_3912,person
user_3913,person
user_3914,person
user_3915,person
user_3916,person
user_3917,person
user_3918,person
user_3919,person
user_3920,person
user_3921,person
user_3922,person
user_3923,person
user_3924,person
user_3925,person
user_3926,person
user_3927,person
user_3928,person
user_3929,person
user_3930,person
user_3931,person
user_3932,person
user_3933,person
user_3934,person
user_3935,person
user_3936,person
user_3937,person
user_3938,person
user_3939,person
user_3940,person
user_3941,person
user_3942,person
user_3943,person
user_3944,person
user_3945,person
user_3946,person
user_3947,person
user_3948,person
user_3949,person
user_3950,person
user_3951,person
user_3952,person
user_3953,person
user_3954,person
user_3955,person
user_3956,person
user_3957,person
user_3958,person
user_3959,person
user_3960,person
user_3961,person
user_3962,person
user_3963,person
user_3964,person
user_3965,person
user_3966,person
user_3967,person
user_3968,person
user_3969,person
user_3970,person
user_3971,person
user_3972,person
user_3973,person
user_3974,person
user_3975,person
user_3976,person
user_3977,person
user_3978,person
user_3979,person
user_3980,person
user_3981,person
user_3982,person
user_3983,person
user_3984,person
user_3985,person
user_3986,person
user_3987,person
user_3988,person
user_3989,person
user_3990,person
user_3991,person
user_3992,person
user_3993,person
user_3994,person
user_3995,person
user_3996,person
user_3997,person
user_3998,person
user_3999,person
user_4000,person
user_4001,person
user_4002,person
user_4003,person
user_4004,person
user_4005,person
user_4006,person
user_4007,person
user_4008,person
user_4009,person
user_4010,person
user_4011,person
user_4012,person
user_4013,person
user_4014,person
user_4015,person
user_4016,person
user_4017,person
user_4018,person
user_4019,person
user_4020,person
user_4021,person
user_4022,person
user_4023,person
user_4024,person
user_4025,person
user_4026,person
user_4027,person
user_4028,person
user_4029,person
user_4030,person
user_4031,person
user_4032,person
user_4033,person
user_4034,person
user_4035,person
user_4036,person
user_4037,person
user_4038,person
user_4039,person
user_4040,person
user_4041,person
user_4042,person
user_4043,person
user_4044,person
user_4045,person
user_4046,person
user_4047,person
user_4048,person
user_4049,person
user_4050,person
user_4051,person
user_4052,person
user_4053,person
user_4054,person
user_4055,person
user_4056,person
user_4057,person
user_4058,person
user_4059,person
user_4060,person
user_4061,person
user_4062,person
user_4063,person
user_4064,person
user_4065,person
user_4066,person
user_4067,person
user_4068,person
user_4069,person
user_4070,person
user_4071,person
user_4072,person
user_4073,person
user_4074,person
user_4075,person
user_4076,person
user_4077,person
user_4078,person
user_4079,person
user_4080,person
user_4081,person
user_4082,person
user_4083,person
user_4084,person
user_4085,person
user_4086,person
user_4087,person
user_4088,person
user_4089,person
user_4090,person
user_4091,person
user_4092,person
user_4093,person
user_4094,person
user_4095,person
user_4096,person
user_4097,person
user_4098,person
user_4099,person
user_4100,person
user_4101,person
user_4102,person
user_4103,person
user_4104,person
user_4105,person
user_4106,person
user_4107,person
user_4108,person
user_4109,person
user_4110,person
user_4111,person
user_4112,person
user_4113,person
user_4114,person
user_4115,person
user_4116,person
user_4117,person
user_4118,person
user_4119,person
user_4120,person
user_4121,person
user_4122,person
user_4123,person
user_4124,person
user_4125,person
user_4126,person
user_4127,person
user_4128,person
user_4129,person
user_4130,person
user_4131,person
user_4132,person
user_4133,person
user_4134,person
user_4135,person
user_4136,person
user_4137,person
user_4138,person
user_4139,person
user_4140,person
user_4141,person
user_4142,person
user_4143,person
user_4144,person
user_4145,person
user_4146,person
user_4147,person
user_4148,person
user_4149,person
user_4150,person
user_4151,person
user_4152,person
user_4153,person
user_4154,person
user_4155,person
user_4156,person
user_4157,person
user_4158,person
user_4159,person
user_4160,person
user_4161,person
user_4162,person
user_4163,person
user_4164,person
user_4165,person
user_4166,person
user_4167,person
user_4168,person
user_4169,person
user_4170,person
user_4171,person
user_4172,person
user_4173,person
user_4174,person
user_4175,person
user_4176,person
user_4177,person
user_4178,person
user_4179,person
user_4180,person
user_4181,person
user_4182,person
user_4183,person
user_4184,person
user_4185,person
user_4186,person
user_4187,person
user_4188,person
user_4189,person
user_4190,person
user_4191,person
user_4192,person
user_4193,person
user_4194,person
user_4195,person
user_4196,person
user_4197,person
user_4198,person
user_4199,person
user_4200,person
user_4201,person
user_4202,person
user_4203,person
user_4204,person
user_4205,person
user_4206,person
user_4207,person
user_4208,person
user_4209,person
user_4210,person
user_4211,person
user_4212,person
user_4213,person
user_4214,person
user_4215,person
user_4216,person
user_4217,person
user_4218,person
user_4219,person
user_4220,person
user_4221,person
user_4222,person
user_4223,person
user_4224,person
user_4225,person
user_4226,person
user_4227,person
user_4228,person
user_4229,person
user_4230,person
user_4231,person
user_4232,person
user_4233,person
user_4234,person
user_4235,person
user_4236,person
user_4237,person
user_4238,person
user_4239,person
user_4240,person
user_4241,person
user_4242,person
user_4243,person
user_4244,person
user_4245,person
user_4246,person
user_4247,person
user_4248,person
user_4249,person
user_4250,person
user_4251,person
user_4252,person
user_4253,person
user_4254,person
user_4255,person
user_4256,person
user_4257,person
user_4258,person
user_4259,person
user_4260,person
user_4261,person
user_4262,person
user_4263,person
user_4264,person
user_4265,person
user_4266,person
user_4267,person
user_4268,person
user_4269,person
user_4270,person
user_4271,person
user_4272,person
user_4273,person
user_4274,person
user_4275,person
user_4276,person
user_4277,person
user_4278,person
user_4279,person
user_4280,person
user_4281,person
user_4282,person
user_4283,person
user_4284,person
user_4285,person
user_4286,person
user_4287,person
user_4288,person
user_4289,person
user_4290,person
user_4291,person
user_4292,person
user_4293,person
user_4294,person
user_4295,person
user_4296,person
user_4297,person
user_4298,person
user_4299,person
user_4300,person
user_4301,person
user_4302,person
user_4303,person
user_4304,person
user_4305,person
user_4306,person
user_4307,person
user_4308,person
user_4309,person
user_4310,person
user_4311,person
user_4312,person
user_4313,person
user_4314,person
user_4315,person
user_4316,person
user_4317,person
user_4318,person
user_4319,person
user_4320,person
user_4321,person
user_4322,person
user_4323,person
user_4324,person
user_4325,person
user_4326,person
user_4327,person
user_4328,person
user_4329,person
user_4330,person
user_4331,person
user_4332,person
user_4333,person
user_4334,person
user_4335,person
user_4336,person
user_4337,person
user_4338,person
user_4339,person
user_4340,person
user_4341,person
user_4342,person
user_4343,person
user_4344,person
user_4345,person
user_4346,person
user_4347,person
user_4348,person
user_4349,person
user_4350,person
user_4351,person
user_4352,person
user_4353,person
user_4354,person
user_4355,person
user_4356,person
user_4357,person
user_4358,person
user_4359,person
user_4360,person
user_4361,person
user_4362,person
user_4363,person
user_4364,person
user_4365,person
user_4366,person
user_4367,person
user_4368,person
user_4369,person
user_4370,person
user_4371,person
user_4372,person
user_4373,person
user_4374,person
user_4375,person
user_4376,person
user_4377,person
user_4378,person
user_4379,person
user_4380,person
user_4381,person
user_4382,person
user_4383,person
user_4384,person
user_4385,person
user_4386,person
user_4387,person
user_4388,person
user_4389,person
user_4390,person
user_4391,person
user_4392,person
user_4393,person
user_4394,person
user_4395,person
user_4396,person
user_4397,person
user_4398,person
user_4399,person
user_4400,person
user_4401,person
user_4402,person
user_4403,person
user_4404,person
user_4405,person
user_4406,person
user_4407,person
user_4408,person
user_4409,person
user_4410,person
user_4411,person
user_4412,person
user_4413,person
user_4414,person
user_4415,person
user_4416,person
user_4417,person
user_4418,person
user_4419,person
user_4420,person
user_4421,person
user_4422,person
user_4423,person
user_4424,person
user_4425,person
user_4426,person
user_4427,person
user_4428,person
user_4429,person
user_4430,person
user_4431,person
user_4432,person
user_4433,person
user_4434,person
user_4435,person
user_4436,person
user_4437,person
user_4438,person
user_4439,person
user_4440,person
user_4441,person
user_4442,person
user_4443,person
user_4444,person
user_4445,person
user_4446,person
user_4447,person
user_4448,person
user_4449,person
user_4450,person
user_4451,person
user_4452,person
user_4453,person
user_4454,person
user_4455,person
user_4456,person
user_4457,person
user_4458,person
user_4459,person
user_4460,person
user_4461,person
user_4462,person
user_4463,person
user_4464,person
user_4465,person
user_4466,person
user_4467,person
user_4468,person
user_4469,person
user_4470,person
user_4471,person
user_4472,person
user_4473,person
user_4474,person
user_4475,person
user_4476,person
user_4477,person
user_4478,person
user_4479,person
user_4480,person
user_4481,person
user_4482,person
user_4483,person
user_4484,person
user_4485,person
user_4486,person
user_4487,person
user_4488,person
user_4489,person
user_4490,person
user_4491,person
user_4492,person
user_4493,person
user_4494,person
user_4495,person
user_4496,person
user_4497,person
user_4498,person
user_4499,person
user_4500,person
user_4501,person
user_4502,person
user_4503,person
user_4504,person
user_4505,person
user_4506,person
user_4507,person
user_4508,person
user_4509,person
user_4510,person
user_4511,person
user_4512,person
user_4513,person
user_4514,person
user_4515,person
user_4516,person
user_4517,person
user_4518,person
user_4519,person
user_4520,person
user_4521,person
user_4522,person
user_4523,person
user_4524,person
user_4525,person
user_4526,person
user_4527,person
user_4528,person
user_4529,person
user_4530,person
user_4531,person
user_4532,person
user_4533,person
user_4534,person
user_4535,person
user_4536,person
user_4537,person
user_4538,person
user_4539,person
user_4540,person
user_4541,person
user_4542,person
user_4543,person
user_4544,person
user_4545,person
user_4546,person
user_4547,person
user_4548,person
user_4549,person
user_4550,person
user_4551,person
user_4552,person
user_4553,person
user_4554,person
user_4555,person
user_4556,person
user_4557,person
user_4558,person
user_4559,person
user_4560,person
user_4561,person
user_4562,person
user_4563,person
user_4564,person
user_4565,person
user_4566,person
user_4567,person
user_4568,person
user_4569,person
user_4570,person
user_4571,person
user_4572,person
user_4573,person
user_4574,person
user_4575,person
user_4576,person
user_4577,person
user_4578,person
user_4579,person
user_4580,person
user_4581,person
user_4582,person
user_4583,person
user_4584,person
user_4585,person
user_4586,person
user_4587,person
user_4588,person
user_4589,person
user_4590,person
user_4591,person
user_4592,person
user_4593,person
user_4594,person
user_4595,person
user_4596,person
user_4597,person
user_4598,person
user_4599,person
user_4600,person
user_4601,person
user_4602,person
user_4603,person
user_4604,person
user_4605,person
user_4606,person
user_4607,person
user_4608,person
user_4609,person
user_4610,person
user_4611,person
user_4612,person
user_4613,person
user_4614,person
user_4615,person
user_4616,person
user_4617,person
user_4618,person
user_4619,person
user_4620,person
user_4621,person
user_4622,person
user_4623,person
user_4624,person
user_4625,person
user_4626,person
user_4627,person
user_4628,person
user_4629,person
user_4630,person
user_4631,person
user_4632,person
user_4633,person
user_4634,person
user_4635,person
user_4636,person
user_4637,person
user_4638,person
user_4639,person
user_4640,person
user_4641,person
user_4642,person
user_4643,person
user_4644,person
user_4645,person
user_4646,person
user_4647,person
user_4648,person
user_4649,person
user_4650,person
user_4651,person
user_4652,person
user_4653,person
user_4654,person
user_4655,person
user_4656,person
user_4657,person
user_4658,person
user_4659,person
user_4660,person
user_4661,person
user_4662,person
user_4663,person
user_4664,person
user_4665,person
user_4666,person
user_4667,person
user_4668,person
user_4669,person
user_4670,person
user_4671,person
user_4672,person
user_4673,person
user_4674,person
user_4675,person
user_4676,person
user_4677,person
user_4678,person
user_4679,person
user_4680,person
user_4681,person
user_4682,person
user_4683,person
user_4684,person
user_4685,person
user_4686,person
user_4687,person
user_4688,person
user_4689,person
user_4690,person
user_4691,person
user_4692,person
user_4693,person
user_4694,person
user_4695,person
user_4696,person
user_4697,person
user_4698,person
user_4699,person
user_4700,person
user_4701,person
user_4702,person
user_4703,person
user_4704,person
user_4705,person
user_4706,person
user_4707,person
user_4708,person
user_4709,person
user_4710,person
user_4711,person
user_4712,person
user_4713,person
user_4714,person
user_4715,person
user_4716,person
user_4717,person
user_4718,person
user_4719,person
user_4720,person
user_4721,person
user_4722,person
user_4723,person
user_4724,person
user_4725,person
user_4726,person
user_4727,person
user_4728,person
user_4729,person
user_4730,person
user_4731,person
user_4732,person
user_4733,person
user_4734,person
user_4735,person
user_4736,person
user_4737,person
user_4738,person
user_4739,person
user_4740,person
user_4741,person
user_4742,person
user_4743,person
user_4744,person
user_4745,person
user_4746,person
user_4747,person
user_4748,person
user_4749,person
user_4750,person
user_4751,person
user_4752,person
user_4753,person
user_4754,person
user_4755,person
user_4756,person
user_4757,person
user_4758,person
user_4759,person
user_4760,person
user_4761,person
user_4762,person
user_4763,person
user_4764,person
user_4765,person
user_4766,person
user_4767,person
user_4768,person
user_4769,person
user_4770,person
user_4771,person
user_4772,person
user_4773,person
user_4774,person
user_4775,person
user_4776,person
user_4777,person
user_4778,person
user_4779,person
user_4780,person
user_4781,person
user_4782,person
user_4783,person
user_4784,person
user_4785,person
user_4786,person
user_4787,person
user_4788,person
user_4789,person
user_4790,person
user_4791,person
user_4792,person
user_4793,person
user_4794,person
user_4795,person
user_4796,person
user_4797,person
user_4798,person
user_4799,person
user_4800,person
user_4801,person
user_4802,person
user_4803,person
user_4804,person
user_4805,person
user_4806,person
user_4807,person
user_4808,person
user_4809,person
user_4810,person
user_4811,person
user_4812,person
user_4813,person
user_4814,person
user_4815,person
user_4816,person
user_4817,person
user_4818,person
user_4819,person
user_4820,person
user_4821,person
user_4822,person
user_4823,person
user_4824,person
user_4825,person
user_4826,person
user_4827,person
user_4828,person
user_4829,person
user_4830,person
user_4831,person
user_4832,person
user_4833,person
user_4834,person
user_4835,person
user_4836,person
user_4837,person
user_4838,person
user_4839,person
user_4840,person
user_4841,person
user_4842,person
user_4843,person
user_4844,person
user_4845,person
user_4846,person
user_4847,person
user_4848,person
user_4849,person
user_4850,person
user_4851,person
user_4852,person
user_4853,person
user_4854,person
user_4855,person
user_4856,person
user_4857,person
user_4858,person
user_4859,person
user_4860,person
user_4861,person
user_4862,person
user_4863,person
user_4864,person
user_4865,person
user_4866,person
user_4867,person
user_4868,person
user_4869,person
user_4870,person
user_4871,person
user_4872,person
user_4873,person
user_4874,person
user_4875,person
user_4876,person
user_4877,person
user_4878,person
user_4879,person
user_4880,person
user_4881,person
user_4882,person
user_4883,person
user_4884,person
user_4885,person
user_4886,person
user_4887,person
user_4888,person
user_4889,person
user_4890,person
user_4891,person
user_4892,person
user_4893,person
user_4894,person
user_4895,person
user_4896,person
user_4897,person
user_4898,person
user_4899,person
user_4900,person
user_4901,person
user_4902,person
user_4903,person
user_4904,person
user_4905,person
user_4906,person
user_4907,person
user_4908,person
user_4909,person
user_4910,person
user_4911,person
user_4912,person
user_4913,person
user_4914,person
user_4915,person
user_4916,person
user_4917,person
user_4918,person
user_4919,person
user_4920,person
user_4921,person
user_4922,person
user_4923,person
user_4924,person
user_4925,person
user_4926,person
user_4927,person
user_4928,person
user_4929,person
user_4930,person
user_4931,person
user_4932,person
user_4933,person
user_4934,person
user_4935,person
user_4936,person
user_4937,person
user_4938,person
user_4939,person
user_4940,person
user_4941,person
user_4942,person
user_4943,person
user_4944,person
user_4945,person
user_4946,person
user_4947,person
user_4948,person
user_4949,person
user_4950,person
user_4951,person
user_4952,person
user_4953,person
user_4954,person
user_4955,person
user_4956,person
user_4957,person
user_4958,person
user_4959,person
user_4960,person
user_4961,person
user_4962,person
user_4963,person
user_4964,person
user_4965,person
user_4966,person
user_4967,person
user_4968,person
user_4969,person
user_4970,person
user_4971,person
user_4972,person
user_4973,person
user_4974,person
user_4975,person
user_4976,person
user_4977,person
user_4978,person
user_4979,person
user_4980,person
user_4981,person
user_4982,person
user_4983,person
user_4984,person
user_4985,person
user_4986,person
user_4987,person
user_4988,person
user_4989,person
user_4990,person
user_4991,person
user_4992,person
user_4993,person
user_4994,person
user_4995,person
user_4996,person
user_4997,person
user_4998,person
user_4999,person
user_5000,person
user_5001,person
user_5002,person
user_5003,person
user_5004,person
user_5005,person
user_5006,person
user_5007,person
user_5008,person
user_5009,person
user_5010,person
user_5011,person
user_5012,person
user_5013,person
user_5014,person
user_5015,person
user_5016,person
user_5017,person
user_5018,person
user_5019,person
user_5020,person
user_5021,person
user_5022,person
user_5023,person
user_5024,person
user_5025,person
user_5026,person
user_5027,person
user_5028,person
user_5029,person
user_5030,person
user_5031,person
user_5032,person
user_5033,person
user_5034,person
user_5035,person
user_5036,person
user_5037,person
user_5038,person
user_5039,person
user_5040,person
user_5041,person
user_5042,person
user_5043,person
user_5044,person
user_5045,person
user_5046,person
user_5047,person
user_5048,person
user_5049,person
user_5050,person
user_5051,person
user_5052,person
user_5053,person
user_5054,person
user_5055,person
user_5056,person
user_5057,person
user_5058,person
user_5059,person
user_5060,person
user_5061,person
user_5062,person
user_5063,person
user_5064,person
user_5065,person
user_5066,person
user_5067,person
user_5068,person
user_5069,person
user_5070,person
user_5071,person
user_5072,person
user_5073,person
user_5074,person
user_5075,person
user_5076,person
user_5077,person
user_5078,person
user_5079,person
user_5080,person
user_5081,person
user_5082,person
user_5083,person
user_5084,person
user_5085,person
user_5086,person
user_5087,person
user_5088,person
user_5089,person
user_5090,person
user_5091,person
user_5092,person
user_5093,person
user_5094,person
user_5095,person
user_5096,person
user_5097,person
user_5098,person
user_5099,person
user_5100,person
user_5101,person
user_5102,person
user_5103,person
user_5104,person
user_5105,person
user_5106,person
user_5107,person
user_5108,person
user_5109,person
user_5110,person
user_5111,person
user_5112,person
user_5113,person
user_5114,person
user_5115,person
user_5116,person
user_5117,person
user_5118,person
user_5119,person
user_5120,person
user_5121,person
user_5122,person
user_5123,person
user_5124,person
user_5125,person
user_5126,person
user_5127,person
user_5128,person
user_5129,person
user_5130,person
user_5131,person
user_5132,person
user_5133,person
user_5134,person
user_5135,person
user_5136,person
user_5137,person
user_5138,person
user_5139,person
user_5140,person
user_5141,person
user_5142,person
user_5143,person
user_5144,person
user_5145,person
user_5146,person
user_5147,person
user_5148,person
user_5149,person
user_5150,person
user_5151,person
user_5152,person
user_5153,person
user_5154,person
user_5155,person
user_5156,person
user_5157,person
user_5158,person
user_5159,person
user_5160,person
user_5161,person
user_5162,person
user_5163,person
user_5164,person
user_5165,person
user_5166,person
user_5167,person
user_5168,person
user_5169,person
user_5170,person
user_5171,person
user_5172,person
user_5173,person
user_5174,person
user_5175,person
user_5176,person
user_5177,person
user_5178,person
user_5179,person
user_5180,person
user_5181,person
user_5182,person
user_5183,person
user_5184,person
user_5185,person
user_5186,person
user_5187,person
user_5188,person
user_5189,person
user_5190,person
user_5191,person
user_5192,person
user_5193,person
user_5194,person
user_5195,person
user_5196,person
user_5197,person
user_5198,person
user_5199,person
user_5200,person
user_5201,person
user_5202,person
user_5203,person
user_5204,person
user_5205,person
user_5206,person
user_5207,person
user_5208,person
user_5209,person
user_5210,person
user_5211,person
user_5212,person
user_5213,person
user_5214,person
user_5215,person
user_5216,person
user_5217,person
user_5218,person
user_5219,person
user_5220,person
user_5221,person
user_5222,person
user_5223,person
user_5224,person
user_5225,person
user_5226,person
user_5227,person
user_5228,person
user_5229,person
user_5230,person
user_5231,person
user_5232,person
user_5233,person
user_5234,person
user_5235,person
user_5236,person
user_5237,person
user_5238,person
user_5239,person
user_5240,person
user_5241,person
user_5242,person
user_5243,person
user_5244,person
user_5245,person
user_5246,person
user_5247,person
user_5248,person
user_5249,person
user_5250,person
user_5251,person
user_5252,person
user_5253,person
user_5254,person
user_5255,person
user_5256,person
user_5257,person
user_5258,person
user_5259,person
user_5260,person
user_5261,person
user_5262,person
user_5263,person
user_5264,person
user_5265,person
user_5266,person
user_5267,person
user_5268,person
user_5269,person
user_5270,person
user_5271,person
user_5272,person
user_5273,person
user_5274,person
user_5275,person
user_5276,person
user_5277,person
user_5278,person
user_5279,person
user_5280,person
user_5281,person
user_5282,person
user_5283,person
user_5284,person
user_5285,person
user_5286,person
user_5287,person
user_5288,person
user_5289,person
user_5290,person
user_5291,person
user_5292,person
user_5293,person
user_5294,person
user_5295,person
user_5296,person
user_5297,person
user_5298,person
user_5299,person
user_5300,person
user_5301,person
user_5302,person
user_5303,person
user_5304,person
user_5305,person
user_5306,person
user_5307,person
user_5308,person
user_5309,person
user_5310,person
user_5311,person
user_5312,person
user_5313,person
user_5314,person
user_5315,person
user_5316,person
user_5317,person
user_5318,person
user_5319,person
user_5320,person
user_5321,person
user_5322,person
user_5323,person
user_5324,person
user_5325,person
user_5326,person
user_5327,person
user_5328,person
user_5329,person
user_5330,person
user_5331,person
user_5332,person
user_5333,person
user_5334,person
user_5335,person
user_5336,person
user_5337,person
user_5338,person
user_5339,person
user_5340,person
user_5341,person
user_5342,person
user_5343,person
user_5344,person
user_5345,person
user_5346,person
user_5347,person
user_5348,person
user_5349,person
user_5350,person
user_5351,person
user_5352,person
user_5353,person
user_5354,person
user_5355,person
user_5356,person
user_5357,person
user_5358,person
user_5359,person
user_5360,person
user_5361,person
user_5362,person
user_5363,person
user_5364,person
user_5365,person
user_5366,person
user_5367,person
user_5368,person
user_5369,person
user_5370,person
user_5371,person
user_5372,person
user_5373,person
user_5374,person
user_5375,person
user_5376,person
user_5377,person
user_5378,person
user_5379,person
user_5380,person
user_5381,person
user_5382,person
user_5383,person
user_5384,person
user_5385,person
user_5386,person
user_5387,person
user_5388,person
user_5389,person
user_5390,person
user_5391,person
user_5392,person
user_5393,person
user_5394,person
user_5395,person
user_5396,person
user_5397,person
user_5398,person
user_5399,person
user_5400,person
user_5401,person
user_5402,person
user_5403,person
user_5404,person
user_5405,person
user_5406,person
user_5407,person
user_5408,person
user_5409,person
user_5410,person
user_5411,person
user_5412,person
user_5413,person
user_5414,person
user_5415,person
user_5416,person
user_5417,person
user_5418,person
user_5419,person
user_5420,person
user_5421,person
user_5422,person
user_5423,person
user_5424,person
user_5425,person
user_5426,person
user_5427,person
user_5428,person
user_5429,person
user_5430,person
user_5431,person
user_5432,person
user_5433,person
user_5434,person
user_5435,person
user_5436,person
user_5437,person
user_5438,person
user_5439,person
user_5440,person
user_5441,person
user_5442,person
user_5443,person
user_5444,person
user_5445,person
user_5446,person
user_5447,person
user_5448,person
user_5449,person
user_5450,person
user_5451,person
user_5452,person
user_5453,person
user_5454,person
user_5455,person
user_5456,person
user_5457,person
user_5458,person
user_5459,person
user_5460,person
user_5461,person
user_5462,person
user_5463,person
user_5464,person
user_5465,person
user_5466,person
user_5467,person
user_5468,person
user_5469,person
user_5470,person
user_5471,person
user_5472,person
user_5473,person
user_5474,person
user_5475,person
user_5476,person
user_5477,person
user_5478,person
user_5479,person
user_5480,person
user_5481,person
user_5482,person
user_5483,person
user_5484,person
user_5485,person
user_5486,person
user_5487,person
user_5488,person
user_5489,person
user_5490,person
user_5491,person
user_5492,person
user_5493,person
user_5494,person
user_5495,person
user_5496,person
user_5497,person
user_5498,person
user_5499,person
user_5500,person
user_5501,person
user_5502,person
user_5503,person
user_5504,person
user_5505,person
user_5506,person
user_5507,person
user_5508,person
user_5509,person
user_5510,person
user_5511,person
user_5512,person
user_5513,person
user_5514,person
user_5515,person
user_5516,person
user_5517,person
user_5518,person
user_5519,person
user_5520,person
user_5521,person
user_5522,person
user_5523,person
user_5524,person
user_5525,person
user_5526,person
user_5527,person
user_5528,person
user_5529,person
user_5530,person
user_5531,person
user_5532,person
user_5533,person
user_5534,person
user_5535,person
user_5536,person
user_5537,person
user_5538,person
user_5539,person
user_5540,person
user_5541,person
user_5542,person
user_5543,person
user_5544,person
user_5545,person
user_5546,person
user_5547,person
user_5548,person
user_5549,person
user_5550,person
user_5551,person
user_5552,person
user_5553,person
user_5554,person
user_5555,person
user_5556,person
user_5557,person
user_5558,person
user_5559,person
user_5560,person
user_5561,person
user_5562,person
user_5563,person
user_5564,person
user_5565,person
user_5566,person
user_5567,person
user_5568,person
user_5569,person
user_5570,person
user_5571,person
user_5572,person
user_5573,person
user_5574,person
user_5575,person
user_5576,person
user_5577,person
user_5578,person
user_5579,person
user_5580,person
user_5581,person
user_5582,person
user_5583,person
user_5584,person
user_5585,person
user_5586,person
user_5587,person
user_5588,person
user_5589,person
user_5590,person
user_5591,person
user_5592,person
user_5593,person
user_5594,person
user_5595,person
user_5596,person
user_5597,person
user_5598,person
user_5599,person
user_5600,person
user_5601,person
user_5602,person
user_5603,person
user_5604,person
user_5605,person
user_5606,person
user_5607,person
user_5608,person
user_5609,person
user_5610,person
user_5611,person
user_5612,person
user_5613,person
user_5614,person
user_5615,person
user_5616,person
user_5617,person
user_5618,person
user_5619,person
user_5620,person
user_5621,person
user_5622,person
user_5623,person
user_5624,person
user_5625,person
user_5626,person
user_5627,person
user_5628,person
user_5629,person
user_5630,person
user_5631,person
user_5632,person
user_5633,person
user_5634,person
user_5635,person
user_5636,person
user_5637,person
user_5638,person
user_5639,person
user_5640,person
user_5641,person
user_5642,person
user_5643,person
user_5644,person
user_5645,person
user_5646,person
user_5647,person
user_5648,person
user_5649,person
user_5650,person
user_5651,person
user_5652,person
user_5653,person
user_5654,person
user_5655,person
user_5656,person
user_5657,person
user_5658,person
user_5659,person
user_5660,person
user_5661,person
user_5662,person
user_5663,person
user_5664,person
user_5665,person
user_5666,person
user_5667,person
user_5668,person
user_5669,person
user_5670,person
user_5671,person
user_5672,person
user_5673,person
user_5674,person
user_5675,person
user_5676,person
user_5677,person
user_5678,person
user_5679,person
user_5680,person
user_5681,person
user_5682,person
user_5683,person
user_5684,person
user_5685,person
user_5686,person
user_5687,person
user_5688,person
user_5689,person
user_5690,person
user_5691,person
user_5692,person
user_5693,person
user_5694,person
user_5695,person
user_5696,person
user_5697,person
user_5698,person
user_5699,person
user_5700,person
user_5701,person
user_5702,person
user_5703,person
user_5704,person
user_5705,person
user_5706,person
user_5707,person
user_5708,person
user_5709,person
user_5710,person
user_5711,person
user_5712,person
user_5713,person
user_5714,person
user_5715,person
user_5716,person
user_5717,person
user_5718,person
user_5719,person
user_5720,person
user_5721,person
user_5722,person
user_5723,person
user_5724,person
user_5725,person
user_5726,person
user_5727,person
user_5728,person
user_5729,person
user_5730,person
user_5731,person
user_5732,person
user_5733,person
user_5734,person
user_5735,person
user_5736,person
user_5737,person
user_5738,person
user_5739,person
user_5740,person
user_5741,person
user_5742,person
user_5743,person
user_5744,person
user_5745,person
user_5746,person
user_5747,person
user_5748,person
user_5749,person
user_5750,person
user_5751,person
user_5752,person
user_5753,person
user_5754,person
user_5755,person
user_5756,person
user_5757,person
user_5758,person
user_5759,person
user_5760,person
user_5761,person
user_5762,person
user_5763,person
user_5764,person
user_5765,person
user_5766,person
user_5767,person
user_5768,person
user_5769,person
user_5770,person
user_5771,person
user_5772,person
user_5773,person
user_5774,person
user_5775,person
user_5776,person
user_5777,person
user_5778,person
user_5779,person
user_5780,person
user_5781,person
user_5782,person
user_5783,person
user_5784,person
user_5785,person
user_5786,person
user_5787,person
user_5788,person
user_5789,person
user_5790,person
user_5791,person
user_5792,person
user_5793,person
user_5794,person
user_5795,person
user_5796,person
user_5797,person
user_5798,person
user_5799,person
user_5800,person
user_5801,person
user_5802,person
user_5803,person
user_5804,person
user_5805,person
user_5806,person
user_5807,person
user_5808,person
user_5809,person
user_5810,person
user_5811,person
user_5812,person
user_5813,person
user_5814,person
user_5815,person
user_5816,person
user_5817,person
user_5818,person
user_5819,person
user_5820,person
user_5821,person
user_5822,person
user_5823,person
user_5824,person
user_5825,person
user_5826,person
user_5827,person
user_5828,person
user_5829,person
user_5830,person
user_5831,person
user_5832,person
user_5833,person
user_5834,person
user_5835,person
user_5836,person
user_5837,person
user_5838,person
user_5839,person
user_5840,person
user_5841,person
user_5842,person
user_5843,person
user_5844,person
user_5845,person
user_5846,person
user_5847,person
user_5848,person
user_5849,person
user_5850,person
user_5851,person
user_5852,person
user_5853,person
user_5854,person
user_5855,person
user_5856,person
user_5857,person
user_5858,person
user_5859,person
user_5860,person
user_5861,person
user_5862,person
user_5863,person
user_5864,person
user_5865,person
user_5866,person
user_5867,person
user_5868,person
user_5869,person
user_5870,person
user_5871,person
user_5872,person
user_5873,person
user_5874,person
user_5875,person
user_5876,person
user_5877,person
user_5878,person
user_5879,person
user_5880,person
user_5881,person
user_5882,person
user_5883,person
user_5884,person
user_5885,person
user_5886,person
user_5887,person
user_5888,person
user_5889,person
user_5890,person
user_5891,person
user_5892,person
user_5893,person
user_5894,person
user_5895,person
user_5896,person
user_5897,person
user_5898,person
user_5899,person
user_5900,person
user_5901,person
user_5902,person
user_5903,person
user_5904,person
user_5905,person
user_5906,person
user_5907,person
user_5908,person
user_5909,person
user_5910,person
user_5911,person
user_5912,person
user_5913,person
user_5914,person
user_5915,person
user_5916,person
user_5917,person
user_5918,person
user_5919,person
user_5920,person
user_5921,person
user_5922,person
user_5923,person
user_5924,person
user_5925,person
user_5926,person
user_5927,person
user_5928,person
user_5929,person
user_5930,person
user_5931,person
user_5932,person
user_5933,person
user_5934,person
user_5935,person
user_5936,person
user_5937,person
user_5938,person
user_5939,person
user_5940,person
user_5941,person
user_5942,person
user_5943,person
user_5944,person
user_5945,person
user_5946,person
user_5947,person
user_5948,person
user_5949,person
user_5950,person
user_5951,person
user_5952,person
user_5953,person
user_5954,person
user_5955,person
user_5956,person
user_5957,person
user_5958,person
user_5959,person
user_5960,person
user_5961,person
user_5962,person
user_5963,person
user_5964,person
user_5965,person
user_5966,person
user_5967,person
user_5968,person
user_5969,person
user_5970,person
user_5971,person
user_5972,person
user_5973,person
user_5974,person
user_5975,person
user_5976,person
user_5977,person
user_5978,person
user_5979,person
user_5980,person
user_5981,person
user_5982,person
user_5983,person
user_5984,person
user_5985,person
user_5986,person
user_5987,person
user_5988,person
user_5989,person
user_5990,person
user_5991,person
user_5992,person
user_5993,person
user_5994,person
user_5995,person
user_5996,person
user_5997,person
user_5998,person
user_5999,person
user_6000,person
user_6001,person
user_6002,person
user_6003,person
user_6004,person
user_6005,person
user_6006,person
user_6007,person
user_6008,person
user_6009,person
user_6010,person
user_6011,person
user_6012,person
user_6013,person
user_6014,person
user_6015,person
user_6016,person
user_6017,person
user_6018,person
user_6019,person
user_6020,person
user_6021,person
user_6022,person
user_6023,person
user_6024,person
user_6025,person
user_6026,person
user_6027,person
user_6028,person
user_6029,person
user_6030,person
user_6031,person
user_6032,person
user_6033,person
user_6034,person
user_6035,person
user_6036,person
user_6037,person
user_6038,person
user_6039,person
user_6040,person
user_6041,person
user_6042,person
user_6043,person
user_6044,person
user_6045,person
user_6046,person
user_6047,person
user_6048,person
user_6049,person
user_6050,person
user_6051,person
user_6052,person
user_6053,person
user_6054,person
user_6055,person
user_6056,person
user_6057,person
user_6058,person
user_6059,person
user_6060,person
user_6061,person
user_6062,person
user_6063,person
user_6064,person
user_6065,person
user_6066,person
user_6067,person
user_6068,person
user_6069,person
user_6070,person
user_6071,person
user_6072,person
user_6073,person
user_6074,person
user_6075,person
user_6076,person
user_6077,person
user_6078,person
user_6079,person
user_6080,person
user_6081,person
user_6082,person
user_6083,person
user_6084,person
user_6085,person
user_6086,person
user_6087,person
user_6088,person
user_6089,person
user_6090,person
user_6091,person
user_6092,person
user_6093,person
user_6094,person
user_6095,person
user_6096,person
user_6097,person
user_6098,person
user_6099,person
user_6100,person
user_6101,person
user_6102,person
user_6103,person
user_6104,person
user_6105,person
user_6106,person
user_6107,person
user_6108,person
user_6109,person
user_6110,person
user_6111,person
user_6112,person
user_6113,person
user_6114,person
user_6115,person
user_6116,person
user_6117,person
user_6118,person
user_6119,person
user_6120,person
user_6121,person
user_6122,person
user_6123,person
user_6124,person
user_6125,person
user_6126,person
user_6127,person
user_6128,person
user_6129,person
user_6130,person
user_6131,person
user_6132,person
user_6133,person
user_6134,person
user_6135,person
user_6136,person
user_6137,person
user_6138,person
user_6139,person
user_6140,person
user_6141,person
user_6142,person
user_6143,person
user_6144,person
user_6145,person
user_6146,person
user_6147,person
user_6148,person
user_6149,person
user_6150,person
user_6151,person
user_6152,person
user_6153,person
user_6154,person
user_6155,person
user_6156,person
user_6157,person
user_6158,person
user_6159,person
user_6160,person
user_6161,person
user_6162,person
user_6163,person
user_6164,person
user_6165,person
user_6166,person
user_6167,person
user_6168,person
user_6169,person
user_6170,person
user_6171,person
user_6172,person
user_6173,person
user_6174,person
user_6175,person
user_6176,person
user_6177,person
user_6178,person
user_6179,person
user_6180,person
user_6181,person
user_6182,person
user_6183,person
user_6184,person
user_6185,person
user_6186,person
user_6187,person
user_6188,person
user_6189,person
user_6190,person
user_6191,person
user_6192,person
user_6193,person
user_6194,person
user_6195,person
user_6196,person
user_6197,person
user_6198,person
user_6199,person
user_6200,person
user_6201,person
user_6202,person
user_6203,person
user_6204,person
user_6205,person
user_6206,person
user_6207,person
user_6208,person
user_6209,person
user_6210,person
user_6211,person
user_6212,person
user_6213,person
user_6214,person
user_6215,person
user_6216,person
user_6217,person
user_6218,person
user_6219,person
user_6220,person
user_6221,person
user_6222,person
user_6223,person
user_6224,person
user_6225,person
user_6226,person
user_6227,person
user_6228,person
user_6229,person
user_6230,person
user_6231,person
user_6232,person
user_6233,person
user_6234,person
user_6235,person
user_6236,person
user_6237,person
user_6238,person
user_6239,person
user_6240,person
user_6241,person
user_6242,person
user_6243,person
user_6244,person
user_6245,person
user_6246,person
user_6247,person
user_6248,person
user_6249,person
user_6250,person
user_6251,person
user_6252,person
user_6253,person
user_6254,person
user_6255,person
user_6256,person
user_6257,person
user_6258,person
user_6259,person
user_6260,person
user_6261,person
user_6262,person
user_6263,person
user_6264,person
user_6265,person
user_6266,person
user_6267,person
user_6268,person
user_6269,person
user_6270,person
user_6271,person
user_6272,person
user_6273,person
user_6274,person
user_6275,person
user_6276,person
user_6277,person
user_6278,person
user_6279,person
user_6280,person
user_6281,person
user_6282,person
user_6283,person
user_6284,person
user_6285,person
user_6286,person
user_6287,person
user_6288,person
user_6289,person
user_6290,person
user_6291,person
user_6292,person
user_6293,person
user_6294,person
user_6295,person
user_6296,person
user_6297,person
user_6298,person
user_6299,person
user_6300,person
user_6301,person
user_6302,person
user_6303,person
user_6304,person
user_6305,person
user_6306,person
user_6307,person
user_6308,person
user_6309,person
user_6310,person
user_6311,person
user_6312,person
user_6313,person
user_6314,person
user_6315,person
user_6316,person
user_6317,person
user_6318,person
user_6319,person
user_6320,person
user_6321,person
user_6322,person
user_6323,person
user_6324,person
user_6325,person
user_6326,person
user_6327,person
user_6328,person
user_6329,person
user_6330,person
user_6331,person
user_6332,person
user_6333,person
user_6334,person
user_6335,person
user_6336,person
user_6337,person
user_6338,person
user_6339,person
user_6340,person
user_6341,person
user_6342,person
user_6343,person
user_6344,person
user_6345,person
user_6346,person
user_6347,person
user_6348,person
user_6349,person
user_6350,person
user_6351,person
user_6352,person
user_6353,person
user_6354,person
user_6355,person
user_6356,person
user_6357,person
user_6358,person
user_6359,person
user_6360,person
user_6361,person
user_6362,person
user_6363,person
user_6364,person
user_6365,person
user_6366,person
user_6367,person
user_6368,person
user_6369,person
user_6370,person
user_6371,person
user_6372,person
user_6373,person
user_6374,person
user_6375,person
user_6376,person
user_6377,person
user_6378,person
user_6379,person
user_6380,person
user_6381,person
user_6382,person
user_6383,person
user_6384,person
user_6385,person
user_6386,person
user_6387,person
user_6388,person
user_6389,person
user_6390,person
user_6391,person
user_6392,person
user_6393,person
user_6394,person
user_6395,person
user_6396,person
user_6397,person
user_6398,person
user_6399,person
user_6400,person
user_6401,person
user_6402,person
user_6403,person
user_6404,person
user_6405,person
user_6406,person
user_6407,person
user_6408,person
user_6409,person
user_6410,person
user_6411,person
user_6412,person
user_6413,person
user_6414,person
user_6415,person
user_6416,person
user_6417,person
user_6418,person
user_6419,person
user_6420,person
user_6421,person
user_6422,person
user_6423,person
user_6424,person
user_6425,person
user_6426,person
user_6427,person
user_6428,person
user_6429,person
user_6430,person
user_6431,person
user_6432,person
user_6433,person
user_6434,person
user_6435,person
user_6436,person
user_6437,person
user_6438,person
user_6439,person
user_6440,person
user_6441,person
user_6442,person
user_6443,person
user_6444,person
user_6445,person
user_6446,person
user_6447,person
user_6448,person
user_6449,person
user_6450,person
user_6451,person
user_6452,person
user_6453,person
user_6454,person
user_6455,person
user_6456,person
user_6457,person
user_6458,person
user_6459,person
user_6460,person
user_6461,person
user_6462,person
user_6463,person
user_6464,person
user_6465,person
user_6466,person
user_6467,person
user_6468,person
user_6469,person
user_6470,person
user_6471,person
user_6472,person
user_6473,person
user_6474,person
user_6475,person
user_6476,person
user_6477,person
user_6478,person
user_6479,person
user_6480,person
user_6481,person
user_6482,person
user_6483,person
user_6484,person
user_6485,person
user_6486,person
user_6487,person
user_6488,person
user_6489,person
user_6490,person
user_6491,person
user_6492,person
user_6493,person
user_6494,person
user_6495,person
user_6496,person
user_6497,person
user_6498,person
user_6499,person
user_6500,person
user_6501,person
user_6502,person
user_6503,person
user_6504,person
user_6505,person
user_6506,person
user_6507,person
user_6508,person
user_6509,person
user_6510,person
user_6511,person
user_6512,person
user_6513,person
user_6514,person
user_6515,person
user_6516,person
user_6517,person
user_6518,person
user_6519,person
user_6520,person
user_6521,person
user_6522,person
user_6523,person
user_6524,person
user_6525,person
user_6526,person
user_6527,person
user_6528,person
user_6529,person
user_6530,person
user_6531,person
user_6532,person
user_6533,person
user_6534,person
user_6535,person
user_6536,person
user_6537,person
user_6538,person
user_6539,person
user_6540,person
user_6541,person
user_6542,person
user_6543,person
user_6544,person
user_6545,person
user_6546,person
user_6547,person
user_6548,person
user_6549,person
user_6550,person
user_6551,person
user_6552,person
user_6553,person
user_6554,person
user_6555,person
user_6556,person
user_6557,person
user_6558,person
user_6559,person
user_6560,person
user_6561,person
user_6562,person
user_6563,person
user_6564,person
user_6565,person
user_6566,person
user_6567,person
user_6568,person
user_6569,person
user_6570,person
user_6571,person
user_6572,person
user_6573,person
user_6574,person
user_6575,person
user_6576,person
user_6577,person
user_6578,person
user_6579,person
user_6580,person
user_6581,person
user_6582,person
user_6583,person
user_6584,person
user_6585,person
user_6586,person
user_6587,person
user_6588,person
user_6589,person
user_6590,person
user_6591,person
user_6592,person
user_6593,person
user_6594,person
user_6595,person
user_6596,person
user_6597,person
user_6598,person
user_6599,person
user_6600,person
user_6601,person
user_6602,person
user_6603,person
user_6604,person
user_6605,person
user_6606,person
user_6607,person
user_6608,person
user_6609,person
user_6610,person
user_6611,person
user_6612,person
user_6613,person
user_6614,person
user_6615,person
user_6616,person
user_6617,person
user_6618,person
user_6619,person
user_6620,person
user_6621,person
user_6622,person
user_6623,person
user_6624,person
user_6625,person
user_6626,person
user_6627,person
user_6628,person
user_6629,person
user_6630,person
user_6631,person
user_6632,person
user_6633,person
user_6634,person
user_6635,person
user_6636,person
user_6637,person
user_6638,person
user_6639,person
user_6640,person
user_6641,person
user_6642,person
user_6643,person
user_6644,person
user_6645,person
user_6646,person
user_6647,person
user_6648,person
user_6649,person
user_6650,person
user_6651,person
user_6652,person
user_6653,person
user_6654,person
user_6655,person
user_6656,person
user_6657,person
user_6658,person
user_6659,person
user_6660,person
user_6661,person
user_6662,person
user_6663,person
user_6664,person
user_6665,person
user_6666,person
user_6667,person
user_6668,person
user_6669,person
user_6670,person
user_6671,person
user_6672,person
user_6673,person
user_6674,person
user_6675,person
user_6676,person
user_6677,person
user_6678,person
user_6679,person
user_6680,person
user_6681,person
user_6682,person
user_6683,person
user_6684,person
user_6685,person
user_6686,person
user_6687,person
user_6688,person
user_6689,person
user_6690,person
user_6691,person
user_6692,person
user_6693,person
user_6694,person
user_6695,person
user_6696,person
user_6697,person
user_6698,person
user_6699,person
user_6700,person
user_6701,person
user_6702,person
user_6703,person
user_6704,person
user_6705,person
user_6706,person
user_6707,person
user_6708,person
user_6709,person
user_6710,person
user_6711,person
user_6712,person
user_6713,person
user_6714,person
user_6715,person
user_6716,person
user_6717,person
user_6718,person
user_6719,person
user_6720,person
user_6721,person
user_6722,person
user_6723,person
user_6724,person
user_6725,person
user_6726,person
user_6727,person
user_6728,person
user_6729,person
user_6730,person
user_6731,person
user_6732,person
user_6733,person
user_6734,person
user_6735,person
user_6736,person
user_6737,person
user_6738,person
user_6739,person
user_6740,person
user_6741,person
user_6742,person
user_6743,person
user_6744,person
user_6745,person
user_6746,person
user_6747,person
user_6748,person
user_6749,person
user_6750,person
user_6751,person
user_6752,person
user_6753,person
user_6754,person
user_6755,person
user_6756,person
user_6757,person
user_6758,person
user_6759,person
user_6760,person
user_6761,person
user_6762,person
user_6763,person
user_6764,person
user_6765,person
user_6766,person
user_6767,person
user_6768,person
user_6769,person
user_6770,person
user_6771,person
user_6772,person
user_6773,person
user_6774,person
user_6775,person
user_6776,person
user_6777,person
user_6778,person
user_6779,person
user_6780,person
user_6781,person
user_6782,person
user_6783,person
user_6784,person
user_6785,person
user_6786,person
user_6787,person
user_6788,person
user_6789,person
user_6790,person
user_6791,person
user_6792,person
user_6793,person
user_6794,person
user_6795,person
user_6796,person
user_6797,person
user_6798,person
user_6799,person
user_6800,person
user_6801,person
user_6802,person
user_6803,person
user_6804,person
user_6805,person
user_6806,person
user_6807,person
user_6808,person
user_6809,person
user_6810,person
user_6811,person
user_6812,person
user_6813,person
user_6814,person
user_6815,person
user_6816,person
user_6817,person
user_6818,person
user_6819,person
user_6820,person
user_6821,person
user_6822,person
user_6823,person
user_6824,person
user_6825,person
user_6826,person
user_6827,person
user_6828,person
user_6829,person
user_6830,person
user_6831,person
user_6832,person
user_6833,person
user_6834,person
user_6835,person
user_6836,person
user_6837,person
user_6838,person
user_6839,person
user_6840,person
user_6841,person
user_6842,person
user_6843,person
user_6844,person
user_6845,person
user_6846,person
user_6847,person
user_6848,person
user_6849,person
user_6850,person
user_6851,person
user_6852,person
user_6853,person
user_6854,person
user_6855,person
user_6856,person
user_6857,person
user_6858,person
user_6859,person
user_6860,person
user_6861,person
user_6862,person
user_6863,person
user_6864,person
user_6865,person
user_6866,person
user_6867,person
user_6868,person
user_6869,person
user_6870,person
user_6871,person
user_6872,person
user_6873,person
user_6874,person
user_6875,person
user_6876,person
user_6877,person
user_6878,person
user_6879,person
user_6880,person
user_6881,person
user_6882,person
user_6883,person
user_6884,person
user_6885,person
user_6886,person
user_6887,person
user_6888,person
user_6889,person
user_6890,person
user_6891,person
user_6892,person
user_6893,person
user_6894,person
user_6895,person
user_6896,person
user_6897,person
user_6898,person
user_6899,person
user_6900,person
user_6901,person
user_6902,person
user_6903,person
user_6904,person
user_6905,person
user_6906,person
user_6907,person
user_6908,person
user_6909,person
user_6910,person
user_6911,person
user_6912,person
user_6913,person
user_6914,person
user_6915,person
user_6916,person
user_6917,person
user_6918,person
user_6919,person
user_6920,person
user_6921,person
user_6922,person
user_6923,person
user_6924,person
user_6925,person
user_6926,person
user_6927,person
user_6928,person
user_6929,person
user_6930,person
user_6931,person
user_6932,person
user_6933,person
user_6934,person
user_6935,person
user_6936,person
user_6937,person
user_6938,person
user_6939,person
user_6940,person
user_6941,person
user_6942,person
user_6943,person
user_6944,person
user_6945,person
user_6946,person
user_6947,person
user_6948,person
user_6949,person
user_6950,person
user_6951,person
user_6952,person
user_6953,person
user_6954,person
user_6955,person
user_6956,person
user_6957,person
user_6958,person
user_6959,person
user_6960,person
user_6961,person
user_6962,person
user_6963,person
user_6964,person
user_6965,person
user_6966,person
user_6967,person
user_6968,person
user_6969,person
user_6970,person
user_6971,person
user_6972,person
user_6973,person
user_6974,person
user_6975,person
user_6976,person
user_6977,person
user_6978,person
user_6979,person
user_6980,person
user_6981,person
user_6982,person
user_6983,person
user_6984,person
user_6985,person
user_6986,person
user_6987,person
user_6988,person
user_6989,person
user_6990,person
user_6991,person
user_6992,person
user_6993,person
user_6994,person
user_6995,person
user_6996,person
user_6997,person
user_6998,person
user_6999,person
user_7000,person
user_7001,person
user_7002,person
user_7003,person
user_7004,person
user_7005,person
user_7006,person
user_7007,person
user_7008,person
user_7009,person
user_7010,person
user_7011,person
user_7012,person
user_7013,person
user_7014,person
user_7015,person
user_7016,person
user_7017,person
user_7018,person
user_7019,person
user_7020,person
user_7021,person
user_7022,person
user_7023,person
user_7024,person
user_7025,person
user_7026,person
user_7027,person
user_7028,person
user_7029,person
user_7030,person
user_7031,person
user_7032,person
user_7033,person
user_7034,person
user_7035,person
user_7036,person
user_7037,person
user_7038,person
user_7039,person
user_7040,person
user_7041,person
user_7042,person
user_7043,person
user_7044,person
user_7045,person
user_7046,person
user_7047,person
user_7048,person
user_7049,person
user_7050,person
user_7051,person
user_7052,person
user_7053,person
user_7054,person
user_7055,person
user_7056,person
user_7057,person
user_7058,person
user_7059,person
user_7060,person
user_7061,person
user_7062,person
user_7063,person
user_7064,person
user_7065,person
user_7066,person
user_7067,person
user_7068,person
user_7069,person
user_7070,person
user_7071,person
user_7072,person
user_7073,person
user_7074,person
user_7075,person
user_7076,person
user_7077,person
user_7078,person
user_7079,person
user_7080,person
user_7081,person
user_7082,person
user_7083,person
user_7084,person
user_7085,person
user_7086,person
user_7087,person
user_7088,person
user_7089,person
user_7090,person
user_7091,person
user_7092,person
user_7093,person
user_7094,person
user_7095,person
user_7096,person
user_7097,person
user_7098,person
user_7099,person
user_7100,person
user_7101,person
user_7102,person
user_7103,person
user_7104,person
user_7105,person
user_7106,person
user_7107,person
user_7108,person
user_7109,person
user_7110,person
user_7111,person
user_7112,person
user_7113,person
user_7114,person
user_7115,person
user_7116,person
user_7117,person
user_7118,person
user_7119,person
user_7120,person
user_7121,person
user_7122,person
user_7123,person
user_7124,person
user_7125,person
user_7126,person
user_7127,person
user_7128,person
user_7129,person
user_7130,person
user_7131,person
user_7132,person
user_7133,person
user_7134,person
user_7135,person
user_7136,person
user_7137,person
user_7138,person
user_7139,person
user_7140,person
user_7141,person
user_7142,person
user_7143,person
user_7144,person
user_7145,person
user_7146,person
user_7147,person
user_7148,person
user_7149,person
user_7150,person
user_7151,person
user_7152,person
user_7153,person
user_7154,person
user_7155,person
user_7156,person
user_7157,person
user_7158,person
user_7159,person
user_7160,person
user_7161,person
user_7162,person
user_7163,person
user_7164,person
user_7165,person
user_7166,person
user_7167,person
user_7168,person
user_7169,person
user_7170,person
user_7171,person
user_7172,person
user_7173,person
user_7174,person
user_7175,person
user_7176,person
user_7177,person
user_7178,person
user_7179,person
user_7180,person
user_7181,person
user_7182,person
user_7183,person
user_7184,person
user_7185,person
user_7186,person
user_7187,person
user_7188,person
user_7189,person
user_7190,person
user_7191,person
user_7192,person
user_7193,person
user_7194,person
user_7195,person
user_7196,person
user_7197,person
user_7198,person
user_7199,person
user_7200,person
user_7201,person
user_7202,person
user_7203,person
user_7204,person
user_7205,person
user_7206,person
user_7207,person
user_7208,person
user_7209,person
user_7210,person
user_7211,person
user_7212,person
user_7213,person
user_7214,person
user_7215,person
user_7216,person
user_7217,person
user_7218,person
user_7219,person
user_7220,person
user_7221,person
user_7222,person
user_7223,person
user_7224,person
user_7225,person
user_7226,person
user_7227,person
user_7228,person
user_7229,person
user_7230,person
user_7231,person
user_7232,person
user_7233,person
user_7234,person
user_7235,person
user_7236,person
user_7237,person
user_7238,person
user_7239,person
user_7240,person
user_7241,person
user_7242,person
user_7243,person
user_7244,person
user_7245,person
user_7246,person
user_7247,person
user_7248,person
user_7249,person
user_7250,person
user_7251,person
user_7252,person
user_7253,person
user_7254,person
user_7255,person
user_7256,person
user_7257,person
user_7258,person
user_7259,person
user_7260,person
user_7261,person
user_7262,person
user_7263,person
user_7264,person
user_7265,person
user_7266,person
user_7267,person
user_7268,person
user_7269,person
user_7270,person
user_7271,person
user_7272,person
user_7273,person
user_7274,person
user_7275,person
user_7276,person
user_7277,person
user_7278,person
user_7279,person
user_7280,person
user_7281,person
user_7282,person
user_7283,person
user_7284,person
user_7285,person
user_7286,person
user_7287,person
user_7288,person
user_7289,person
user_7290,person
user_7291,person
user_7292,person
user_7293,person
user_7294,person
user_7295,person
user_7296,person
user_7297,person
user_7298,person
user_7299,person
user_7300,person
user_7301,person
user_7302,person
user_7303,person
user_7304,person
user_7305,person
user_7306,person
user_7307,person
user_7308,person
user_7309,person
user_7310,person
user_7311,person
user_7312,person
user_7313,person
user_7314,person
user_7315,person
user_7316,person
user_7317,person
user_7318,person
user_7319,person
user_7320,person
user_7321,person
user_7322,person
user_7323,person
user_7324,person
user_7325,person
user_7326,person
user_7327,person
user_7328,person
user_7329,person
user_7330,person
user_7331,person
user_7332,person
user_7333,person
user_7334,person
user_7335,person
user_7336,person
user_7337,person
user_7338,person
user_7339,person
user_7340,person
user_7341,person
user_7342,person
user_7343,person
user_7344,person
user_7345,person
user_7346,person
user_7347,person
user_7348,person
user_7349,person
user_7350,person
user_7351,person
user_7352,person
user_7353,person
user_7354,person
user_7355,person
user_7356,person
user_7357,person
user_7358,person
user_7359,person
user_7360,person
user_7361,person
user_7362,person
user_7363,person
user_7364,person
user_7365,person
user_7366,person
user_7367,person
user_7368,person
user_7369,person
user_7370,person
user_7371,person
user_7372,person
user_7373,person
user_7374,person
user_7375,person
user_7376,person
user_7377,person
user_7378,person
user_7379,person
user_7380,person
user_7381,person
user_7382,person
user_7383,person
user_7384,person
user_7385,person
user_7386,person
user_7387,person
user_7388,person
user_7389,person
user_7390,person
user_7391,person
user_7392,person
user_7393,person
user_7394,person
user_7395,person
user_7396,person
user_7397,person
user_7398,person
user_7399,person
user_7400,person
user_7401,person
user_7402,person
user_7403,person
user_7404,person
user_7405,person
user_7406,person
user_7407,person
user_7408,person
user_7409,person
user_7410,person
user_7411,person
user_7412,person
user_7413,person
user_7414,person
user_7415,person
user_7416,person
user_7417,person
user_7418,person
user_7419,person
user_7420,person
user_7421,person
user_7422,person
user_7423,person
user_7424,person
user_7425,person
user_7426,person
user_7427,person
user_7428,person
user_7429,person
user_7430,person
user_7431,person
user_7432,person
user_7433,person
user_7434,person
user_7435,person
user_7436,person
user_7437,person
user_7438,person
user_7439,person
user_7440,person
user_7441,person
user_7442,person
user_7443,person
user_7444,person
user_7445,person
user_7446,person
user_7447,person
user_7448,person
user_7449,person
user_7450,person
user_7451,person
user_7452,person
user_7453,person
user_7454,person
user_7455,person
user_7456,person
user_7457,person
user_7458,person
user_7459,person
user_7460,person
user_7461,person
user_7462,person
user_7463,person
user_7464,person
user_7465,person
user_7466,person
user_7467,person
user_7468,person
user_7469,person
user_7470,person
user_7471,person
user_7472,person
user_7473,person
user_7474,person
user_7475,person
user_7476,person
user_7477,person
user_7478,person
user_7479,person
user_7480,person
user_7481,person
user_7482,person
user_7483,person
user_7484,person
user_7485,person
user_7486,person
user_7487,person
user_7488,person
user_7489,person
user_7490,person
user_7491,person
user_7492,person
user_7493,person
user_7494,person
user_7495,person
user_7496,person
user_7497,person
user_7498,person
user_7499,person
user_7500,person
user_7501,person
user_7502,person
user_7503,person
user_7504,person
user_7505,person
user_7506,person
user_7507,person
user_7508,person
user_7509,person
user_7510,person
user_7511,person
user_7512,person
user_7513,person
user_7514,person
user_7515,person
user_7516,person
user_7517,person
user_7518,person
user_7519,person
user_7520,person
user_7521,person
user_7522,person
user_7523,person
user_7524,person
user_7525,person
user_7526,person
user_7527,person
user_7528,person
user_7529,person
user_7530,person
user_7531,person
user_7532,person
user_7533,person
user_7534,person
user_7535,person
user_7536,person
user_7537,person
user_7538,person
user_7539,person
user_7540,person
user_7541,person
user_7542,person
user_7543,person
user_7544,person
user_7545,person
user_7546,person
user_7547,person
user_7548,person
user_7549,person
user_7550,person
user_7551,person
user_7552,person
user_7553,person
user_7554,person
user_7555,person
user_7556,person
user_7557,person
user_7558,person
user_7559,person
user_7560,person
user_7561,person
user_7562,person
user_7563,person
user_7564,person
user_7565,person
user_7566,person
user_7567,person
user_7568,person
user_7569,person
user_7570,person
user_7571,person
user_7572,person
user_7573,person
user_7574,person
user_7575,person
user_7576,person
user_7577,person
user_7578,person
user_7579,person
user_7580,person
user_7581,person
user_7582,person
user_7583,person
user_7584,person
user_7585,person
user_7586,person
user_7587,person
user_7588,person
user_7589,person
user_7590,person
user_7591,person
user_7592,person
user_7593,person
user_7594,person
user_7595,person
user_7596,person
user_7597,person
user_7598,person
user_7599,person
user_7600,person
user_7601,person
user_7602,person
user_7603,person
user_7604,person
user_7605,person
user_7606,person
user_7607,person
user_7608,person
user_7609,person
user_7610,person
user_7611,person
user_7612,person
user_7613,person
user_7614,person
user_7615,person
user_7616,person
user_7617,person
user_7618,person
user_7619,person
user_7620,person
user_7621,person
user_7622,person
user_7623,person
user_7624,person
user_7625,person
user_7626,person
user_7627,person
user_7628,person
user_7629,person
user_7630,person
user_7631,person
user_7632,person
user_7633,person
user_7634,person
user_7635,person
user_7636,person
user_7637,person
user_7638,person
user_7639,person
user_7640,person
user_7641,person
user_7642,person
user_7643,person
user_7644,person
user_7645,person
user_7646,person
user_7647,person
user_7648,person
user_7649,person
user_7650,person
user_7651,person
user_7652,person
user_7653,person
user_7654,person
user_7655,person
user_7656,person
user_7657,person
user_7658,person
user_7659,person
user_7660,person
user_7661,person
user_7662,person
user_7663,person
user_7664,person
user_7665,person
user_7666,person
user_7667,person
user_7668,person
user_7669,person
user_7670,person
user_7671,person
user_7672,person
user_7673,person
user_7674,person
user_7675,person
user_7676,person
user_7677,person
user_7678,person
user_7679,person
user_7680,person
user_7681,person
user_7682,person
user_7683,person
user_7684,person
user_7685,person
user_7686,person
user_7687,person
user_7688,person
user_7689,person
user_7690,person
user_7691,person
user_7692,person
user_7693,person
user_7694,person
user_7695,person
user_7696,person
user_7697,person
user_7698,person
user_7699,person
user_7700,person
user_7701,person
user_7702,person
user_7703,person
user_7704,person
user_7705,person
user_7706,person
user_7707,person
user_7708,person
user_7709,person
user_7710,person
user_7711,person
user_7712,person
user_7713,person
user_7714,person
user_7715,person
user_7716,person
user_7717,person
user_7718,person
user_7719,person
user_7720,person
user_7721,person
user_7722,person
user_7723,person
user_7724,person
user_7725,person
user_7726,person
user_7727,person
user_7728,person
user_7729,person
user_7730,person
user_7731,person
user_7732,person
user_7733,person
user_7734,person
user_7735,person
user_7736,person
user_7737,person
user_7738,person
user_7739,person
user_7740,person
user_7741,person
user_7742,person
user_7743,person
user_7744,person
user_7745,person
user_7746,person
user_7747,person
user_7748,person
user_7749,person
user_7750,person
user_7751,person
user_7752,person
user_7753,person
user_7754,person
user_7755,person
user_7756,person
user_7757,person
user_7758,person
user_7759,person
user_7760,person
user_7761,person
user_7762,person
user_7763,person
user_7764,person
user_7765,person
user_7766,person
user_7767,person
user_7768,person
user_7769,person
user_7770,person
user_7771,person
user_7772,person
user_7773,person
user_7774,person
user_7775,person
user_7776,person
user_7777,person
user_7778,person
user_7779,person
user_7780,person
user_7781,person
user_7782,person
user_7783,person
user_7784,person
user_7785,person
user_7786,person
user_7787,person
user_7788,person
user_7789,person
user_7790,person
user_7791,person
user_7792,person
user_7793,person
user_7794,person
user_7795,person
user_7796,person
user_7797,person
user_7798,person
user_7799,person
user_7800,person
user_7801,person
user_7802,person
user_7803,person
user_7804,person
user_7805,person
user_7806,person
user_7807,person
user_7808,person
user_7809,person
user_7810,person
user_7811,person
user_7812,person
user_7813,person
user_7814,person
user_7815,person
user_7816,person
user_7817,person
user_7818,person
user_7819,person
user_7820,person
user_7821,person
user_7822,person
user_7823,person
user_7824,person
user_7825,person
user_7826,person
user_7827,person
user_7828,person
user_7829,person
user_7830,person
user_7831,person
user_7832,person
user_7833,person
user_7834,person
user_7835,person
user_7836,person
user_7837,person
user_7838,person
user_7839,person
user_7840,person
user_7841,person
user_7842,person
user_7843,person
user_7844,person
user_7845,person
user_7846,person
user_7847,person
user_7848,person
user_7849,person
user_7850,person
user_7851,person
user_7852,person
user_7853,person
user_7854,person
user_7855,person
user_7856,person
user_7857,person
user_7858,person
user_7859,person
user_7860,person
user_7861,person
user_7862,person
user_7863,person
user_7864,person
user_7865,person
user_7866,person
user_7867,person
user_7868,person
user_7869,person
user_7870,person
user_7871,person
user_7872,person
user_7873,person
user_7874,person
user_7875,person
user_7876,person
user_7877,person
user_7878,person
user_7879,person
user_7880,person
user_7881,person
user_7882,person
user_7883,person
user_7884,person
user_7885,person
user_7886,person
user_7887,person
user_7888,person
user_7889,person
user_7890,person
user_7891,person
user_7892,person
user_7893,person
user_7894,person
user_7895,person
user_7896,person
user_7897,person
user_7898,person
user_7899,person
user_7900,person
user_7901,person
user_7902,person
user_7903,person
user_7904,person
user_7905,person
user_7906,person
user_7907,person
user_7908,person
user_7909,person
user_7910,person
user_7911,person
user_7912,person
user_7913,person
user_7914,person
user_7915,person
user_7916,person
user_7917,person
user_7918,person
user_7919,person
user_7920,person
user_7921,person
user_7922,person
user_7923,person
user_7924,person
user_7925,person
user_7926,person
user_7927,person
user_7928,person
user_7929,person
user_7930,person
user_7931,person
user_7932,person
user_7933,person
user_7934,person
user_7935,person
user_7936,person
user_7937,person
user_7938,person
user_7939,person
user_7940,person
user_7941,person
user_7942,person
user_7943,person
user_7944,person
user_7945,person
user_7946,person
user_7947,person
user_7948,person
user_7949,person
user_7950,person
user_7951,person
user_7952,person
user_7953,person
user_7954,person
user_7955,person
user_7956,person
user_7957,person
user_7958,person
user_7959,person
user_7960,person
user_7961,person
user_7962,person
user_7963,person
user_7964,person
user_7965,person
user_7966,person
user_7967,person
user_7968,person
user_7969,person
user_7970,person
user_7971,person
user_7972,person
user_7973,person
user_7974,person
user_7975,person
user_7976,person
user_7977,person
user_7978,person
user_7979,person
user_7980,person
user_7981,person
user_7982,person
user_7983,person
user_7984,person
user_7985,person
user_7986,person
user_7987,person
user_7988,person
user_7989,person
user_7990,person
user_7991,person
user_7992,person
user_7993,person
user_7994,person
user_7995,person
user_7996,person
user_7997,person
user_7998,person
user_7999,person
user_8000,person
user_8001,person
user_8002,person
user_8003,person
user_8004,person
user_8005,person
user_8006,person
user_8007,person
user_8008,person
user_8009,person
user_8010,person
user_8011,person
user_8012,person
user_8013,person
user_8014,person
user_8015,person
user_8016,person
user_8017,person
user_8018,person
user_8019,person
user_8020,person
user_8021,person
user_8022,person
user_8023,person
user_8024,person
user_8025,person
user_8026,person
user_8027,person
user_8028,person
user_8029,person
user_8030,person
user_8031,person
user_8032,person
user_8033,person
user_8034,person
user_8035,person
user_8036,person
user_8037,person
user_8038,person
user_8039,person
user_8040,person
user_8041,person
user_8042,person
user_8043,person
user_8044,person
user_8045,person
user_8046,person
user_8047,person
user_8048,person
user_8049,person
user_8050,person
user_8051,person
user_8052,person
user_8053,person
user_8054,person
user_8055,person
user_8056,person
user_8057,person
user_8058,person
user_8059,person
user_8060,person
user_8061,person
user_8062,person
user_8063,person
user_8064,person
user_8065,person
user_8066,person
user_8067,person
user_8068,person
user_8069,person
user_8070,person
user_8071,person
user_8072,person
user_8073,person
user_8074,person
user_8075,person
user_8076,person
user_8077,person
user_8078,person
user_8079,person
user_8080,person
user_8081,person
user_8082,person
user_8083,person
user_8084,person
user_8085,person
user_8086,person
user_8087,person
user_8088,person
user_8089,person
user_8090,person
user_8091,person
user_8092,person
user_8093,person
user_8094,person
user_8095,person
user_8096,person
user_8097,person
user_8098,person
user_8099,person
user_8100,person
user_8101,person
user_8102,person
user_8103,person
user_8104,person
user_8105,person
user_8106,person
user_8107,person
user_8108,person
user_8109,person
user_8110,person
user_8111,person
user_8112,person
user_8113,person
user_8114,person
user_8115,person
user_8116,person
user_8117,person
user_8118,person
user_8119,person
user_8120,person
user_8121,person
user_8122,person
user_8123,person
user_8124,person
user_8125,person
user_8126,person
user_8127,person
user_8128,person
user_8129,person
user_8130,person
user_8131,person
user_8132,person
user_8133,person
user_8134,person
user_8135,person
user_8136,person
user_8137,person
user_8138,person
user_8139,person
user_8140,person
user_8141,person
user_8142,person
user_8143,person
user_8144,person
user_8145,person
user_8146,person
user_8147,person
user_8148,person
user_8149,person
user_8150,person
user_8151,person
user_8152,person
user_8153,person
user_8154,person
user_8155,person
user_8156,person
user_8157,person
user_8158,person
user_8159,person
user_8160,person
user_8161,person
user_8162,person
user_8163,person
user_8164,person
user_8165,person
user_8166,person
user_8167,person
user_8168,person
user_8169,person
user_8170,person
user_8171,person
user_8172,person
user_8173,person
user_8174,person
user_8175,person
user_8176,person
user_8177,person
user_8178,person
user_8179,person
user_8180,person
user_8181,person
user_8182,person
user_8183,person
user_8184,person
user_8185,person
user_8186,person
user_8187,person
user_8188,person
user_8189,person
user_8190,person
user_8191,person
user_8192,person
user_8193,person
user_8194,person
user_8195,person
user_8196,person
user_8197,person
user_8198,person
user_8199,person
user_8200,person
user_8201,person
user_8202,person
user_8203,person
user_8204,person
user_8205,person
user_8206,person
user_8207,person
user_8208,person
user_8209,person
user_8210,person
user_8211,person
user_8212,person
user_8213,person
user_8214,person
user_8215,person
user_8216,person
user_8217,person
user_8218,person
user_8219,person
user_8220,person
user_8221,person
user_8222,person
user_8223,person
user_8224,person
user_8225,person
user_8226,person
user_8227,person
user_8228,person
user_8229,person
user_8230,person
user_8231,person
user_8232,person
user_8233,person
user_8234,person
user_8235,person
user_8236,person
user_8237,person
user_8238,person
user_8239,person
user_8240,person
user_8241,person
user_8242,person
user_8243,person
user_8244,person
user_8245,person
user_8246,person
user_8247,person
user_8248,person
user_8249,person
user_8250,person
user_8251,person
user_8252,person
user_8253,person
user_8254,person
user_8255,person
user_8256,person
user_8257,person
user_8258,person
user_8259,person
user_8260,person
user_8261,person
user_8262,person
user_8263,person
user_8264,person
user_8265,person
user_8266,person
user_8267,person
user_8268,person
user_8269,person
user_8270,person
user_8271,person
user_8272,person
user_8273,person
user_8274,person
user_8275,person
user_8276,person
user_8277,person
user_8278,person
user_8279,person
user_8280,person
user_8281,person
user_8282,person
user_8283,person
user_8284,person
user_8285,person
user_8286,person
user_8287,person
user_8288,person
user_8289,person
user_8290,person
user_8291,person
user_8292,person
user_8293,person
user_8294,person
user_8295,person
user_8296,person
user_8297,person
user_8298,person
user_8299,person
user_8300,person
user_8301,person
user_8302,person
user_8303,person
user_8304,person
user_8305,person
user_8306,person
user_8307,person
user_8308,person
user_8309,person
user_8310,person
user_8311,person
user_8312,person
user_8313,person
user_8314,person
user_8315,person
user_8316,person
user_8317,person
user_8318,person
user_8319,person
user_8320,person
user_8321,person
user_8322,person
user_8323,person
user_8324,person
user_8325,person
user_8326,person
user_8327,person
user_8328,person
user_8329,person
user_8330,person
user_8331,person
user_8332,person
user_8333,person
user_8334,person
user_8335,person
user_8336,person
user_8337,person
user_8338,person
user_8339,person
user_8340,person
user_8341,person
user_8342,person
user_8343,person
user_8344,person
user_8345,person
user_8346,person
user_8347,person
user_8348,person
user_8349,person
user_8350,person
user_8351,person
user_8352,person
user_8353,person
user_8354,person
user_8355,person
user_8356,person
user_8357,person
user_8358,person
user_8359,person
user_8360,person
user_8361,person
user_8362,person
user_8363,person
user_8364,person
user_8365,person
user_8366,person
user_8367,person
user_8368,person
user_8369,person
user_8370,person
user_8371,person
user_8372,person
user_8373,person
user_8374,person
user_8375,person
user_8376,person
user_8377,person
user_8378,person
user_8379,person
user_8380,person
user_8381,person
user_8382,person
user_8383,person
user_8384,person
user_8385,person
user_8386,person
user_8387,person
user_8388,person
user_8389,person
user_8390,person
user_8391,person
user_8392,person
user_8393,person
user_8394,person
user_8395,person
user_8396,person
user_8397,person
user_8398,person
user_8399,person
user_8400,person
user_8401,person
user_8402,person
user_8403,person
user_8404,person
user_8405,person
user_8406,person
user_8407,person
user_8408,person
user_8409,person
user_8410,person
user_8411,person
user_8412,person
user_8413,person
user_8414,person
user_8415,person
user_8416,person
user_8417,person
user_8418,person
user_8419,person
user_8420,person
user_8421,person
user_8422,person
user_8423,person
user_8424,person
user_8425,person
user_8426,person
user_8427,person
user_8428,person
user_8429,person
user_8430,person
user_8431,person
user_8432,person
user_8433,person
user_8434,person
user_8435,person
user_8436,person
user_8437,person
user_8438,person
user_8439,person
user_8440,person
user_8441,person
user_8442,person
user_8443,person
user_8444,person
user_8445,person
user_8446,person
user_8447,person
user_8448,person
user_8449,person
user_8450,person
user_8451,person
user_8452,person
user_8453,person
user_8454,person
user_8455,person
user_8456,person
user_8457,person
user_8458,person
user_8459,person
user_8460,person
user_8461,person
user_8462,person
user_8463,person
user_8464,person
user_8465,person
user_8466,person
user_8467,person
user_8468,person
user_8469,person
user_8470,person
user_8471,person
user_8472,person
user_8473,person
user_8474,person
user_8475,person
user_8476,person
user_8477,person
user_8478,person
user_8479,person
user_8480,person
user_8481,person
user_8482,person
user_8483,person
user_8484,person
user_8485,person
user_8486,person
user_8487,person
user_8488,person
user_8489,person
user_8490,person
user_8491,person
user_8492,person
user_8493,person
user_8494,person
user_8495,person
user_8496,person
user_8497,person
user_8498,person
user_8499,person
user_8500,person
user_8501,person
user_8502,person
user_8503,person
user_8504,person
user_8505,person
user_8506,person
user_8507,person
user_8508,person
user_8509,person
user_8510,person
user_8511,person
user_8512,person
user_8513,person
user_8514,person
user_8515,person
user_8516,person
user_8517,person
user_8518,person
user_8519,person
user_8520,person
user_8521,person
user_8522,person
user_8523,person
user_8524,person
user_8525,person
user_8526,person
user_8527,person
user_8528,person
user_8529,person
user_8530,person
user_8531,person
user_8532,person
user_8533,person
user_8534,person
user_8535,person
user_8536,person
user_8537,person
user_8538,person
user_8539,person
user_8540,person
user_8541,person
user_8542,person
user_8543,person
user_8544,person
user_8545,person
user_8546,person
user_8547,person
user_8548,person
user_8549,person
user_8550,person
user_8551,person
user_8552,person
user_8553,person
user_8554,person
user_8555,person
user_8556,person
user_8557,person
user_8558,person
user_8559,person
user_8560,person
user_8561,person
user_8562,person
user_8563,person
user_8564,person
user_8565,person
user_8566,person
user_8567,person
user_8568,person
user_8569,person
user_8570,person
user_8571,person
user_8572,person
user_8573,person
user_8574,person
user_8575,person
user_8576,person
user_8577,person
user_8578,person
user_8579,person
user_8580,person
user_8581,person
user_8582,person
user_8583,person
user_8584,person
user_8585,person
user_8586,person
user_8587,person
user_8588,person
user_8589,person
user_8590,person
user_8591,person
user_8592,person
user_8593,person
user_8594,person
user_8595,person
user_8596,person
user_8597,person
user_8598,person
user_8599,person
user_8600,person
user_8601,person
user_8602,person
user_8603,person
user_8604,person
user_8605,person
user_8606,person
user_8607,person
user_8608,person
user_8609,person
user_8610,person
user_8611,person
user_8612,person
user_8613,person
user_8614,person
user_8615,person
user_8616,person
user_8617,person
user_8618,person
user_8619,person
user_8620,person
user_8621,person
user_8622,person
user_8623,person
user_8624,person
user_8625,person
user_8626,person
user_8627,person
user_8628,person
user_8629,person
user_8630,person
user_8631,person
user_8632,person
user_8633,person
user_8634,person
user_8635,person
user_8636,person
user_8637,person
user_8638,person
user_8639,person
user_8640,person
user_8641,person
user_8642,person
user_8643,person
user_8644,person
user_8645,person
user_8646,person
user_8647,person
user_8648,person
user_8649,person
user_8650,person
user_8651,person
user_8652,person
user_8653,person
user_8654,person
user_8655,person
user_8656,person
user_8657,person
user_8658,person
user_8659,person
user_8660,person
user_8661,person
user_8662,person
user_8663,person
user_8664,person
user_8665,person
user_8666,person
user_8667,person
user_8668,person
user_8669,person
user_8670,person
user_8671,person
user_8672,person
user_8673,person
user_8674,person
user_8675,person
user_8676,person
user_8677,person
user_8678,person
user_8679,person
user_8680,person
user_8681,person
user_8682,person
user_8683,person
user_8684,person
user_8685,person
user_8686,person
user_8687,person
user_8688,person
user_8689,person
user_8690,person
user_8691,person
user_8692,person
user_8693,person
user_8694,person
user_8695,person
user_8696,person
user_8697,person
user_8698,person
user_8699,person
user_8700,person
user_8701,person
user_8702,person
user_8703,person
user_8704,person
user_8705,person
user_8706,person
user_8707,person
user_8708,person
user_8709,person
user_8710,person
user_8711,person
user_8712,person
user_8713,person
user_8714,person
user_8715,person
user_8716,person
user_8717,person
user_8718,person
user_8719,person
user_8720,person
user_8721,person
user_8722,person
user_8723,person
user_8724,person
user_8725,person
user_8726,person
user_8727,person
user_8728,person
user_8729,person
user_8730,person
user_8731,person
user_8732,person
user_8733,person
user_8734,person
user_8735,person
user_8736,person
user_8737,person
user_8738,person
user_8739,person
user_8740,person
user_8741,person
user_8742,person
user_8743,person
user_8744,person
user_8745,person
user_8746,person
user_8747,person
user_8748,person
user_8749,person
user_8750,person
user_8751,person
user_8752,person
user_8753,person
user_8754,person
user_8755,person
user_8756,person
user_8757,person
user_8758,person
user_8759,person
user_8760,person
user_8761,person
user_8762,person
user_8763,person
user_8764,person
user_8765,person
user_8766,person
user_8767,person
user_8768,person
user_8769,person
user_8770,person
user_8771,person
user_8772,person
user_8773,person
user_8774,person
user_8775,person
user_8776,person
user_8777,person
user_8778,person
user_8779,person
user_8780,person
user_8781,person
user_8782,person
user_8783,person
user_8784,person
user_8785,person
user_8786,person
user_8787,person
user_8788,person
user_8789,person
user_8790,person
user_8791,person
user_8792,person
user_8793,person
user_8794,person
user_8795,person
user_8796,person
user_8797,person
user_8798,person
user_8799,person
user_8800,person
user_8801,person
user_8802,person
user_8803,person
user_8804,person
user_8805,person
user_8806,person
user_8807,person
user_8808,person
user_8809,person
user_8810,person
user_8811,person
user_8812,person
user_8813,person
user_8814,person
user_8815,person
user_8816,person
user_8817,person
user_8818,person
user_8819,person
user_8820,person
user_8821,person
user_8822,person
user_8823,person
user_8824,person
user_8825,person
user_8826,person
user_8827,person
user_8828,person
user_8829,person
user_8830,person
user_8831,person
user_8832,person
user_8833,person
user_8834,person
user_8835,person
user_8836,person
user_8837,person
user_8838,person
user_8839,person
user_8840,person
user_8841,person
user_8842,person
user_8843,person
user_8844,person
user_8845,person
user_8846,person
user_8847,person
user_8848,person
user_8849,person
user_8850,person
user_8851,person
user_8852,person
user_8853,person
user_8854,person
user_8855,person
user_8856,person
user_8857,person
user_8858,person
user_8859,person
user_8860,person
user_8861,person
user_8862,person
user_8863,person
user_8864,person
user_8865,person
user_8866,person
user_8867,person
user_8868,person
user_8869,person
user_8870,person
user_8871,person
user_8872,person
user_8873,person
user_8874,person
user_8875,person
user_8876,person
user_8877,person
user_8878,person
user_8879,person
user_8880,person
user_8881,person
user_8882,person
user_8883,person
user_8884,person
user_8885,person
user_8886,person
user_8887,person
user_8888,person
user_8889,person
user_8890,person
user_8891,person
user_8892,person
user_8893,person
user_8894,person
user_8895,person
user_8896,person
user_8897,person
user_8898,person
user_8899,person
user_8900,person
user_8901,person
user_8902,person
user_8903,person
user_8904,person
user_8905,person
user_8906,person
user_8907,person
user_8908,person
user_8909,person
user_8910,person
user_8911,person
user_8912,person
user_8913,person
user_8914,person
user_8915,person
user_8916,person
user_8917,person
user_8918,person
user_8919,person
user_8920,person
user_8921,person
user_8922,person
user_8923,person
user_8924,person
user_8925,person
user_8926,person
user_8927,person
user_8928,person
user_8929,person
user_8930,person
user_8931,person
user_8932,person
user_8933,person
user_8934,person
user_8935,person
user_8936,person
user_8937,person
user_8938,person
user_8939,person
user_8940,person
user_8941,person
user_8942,person
user_8943,person
user_8944,person
user_8945,person
user_8946,person
user_8947,person
user_8948,person
user_8949,person
user_8950,person
user_8951,person
user_8952,person
user_8953,person
user_8954,person
user_8955,person
user_8956,person
user_8957,person
user_8958,person
user_8959,person
user_8960,person
user_8961,person
user_8962,person
user_8963,person
user_8964,person
user_8965,person
user_8966,person
user_8967,person
user_8968,person
user_8969,person
user_8970,person
user_8971,person
user_8972,person
user_8973,person
user_8974,person
user_8975,person
user_8976,person
user_8977,person
user_8978,person
user_8979,person
user_8980,person
user_8981,person
user_8982,person
user_8983,person
user_8984,person
user_8985,person
user_8986,person
user_8987,person
user_8988,person
user_8989,person
user_8990,person
user_8991,person
user_8992,person
user_8993,person
user_8994,person
user_8995,person
user_8996,person
user_8997,person
user_8998,person
user_8999,person
user_9000,person
user_9001,person
user_9002,person
user_9003,person
user_9004,person
user_9005,person
user_9006,person
user_9007,person
user_9008,person
user_9009,person
user_9010,person
user_9011,person
user_9012,person
user_9013,person
user_9014,person
user_9015,person
user_9016,person
user_9017,person
user_9018,person
user_9019,person
user_9020,person
user_9021,person
user_9022,person
user_9023,person
user_9024,person
user_9025,person
user_9026,person
user_9027,person
user_9028,person
user_9029,person
user_9030,person
user_9031,person
user_9032,person
user_9033,person
user_9034,person
user_9035,person
user_9036,person
user_9037,person
user_9038,person
user_9039,person
user_9040,person
user_9041,person
user_9042,person
user_9043,person
user_9044,person
user_9045,person
user_9046,person
user_9047,person
user_9048,person
user_9049,person
user_9050,person
user_9051,person
user_9052,person
user_9053,person
user_9054,person
user_9055,person
user_9056,person
user_9057,person
user_9058,person
user_9059,person
user_9060,person
user_9061,person
user_9062,person
user_9063,person
user_9064,person
user_9065,person
user_9066,person
user_9067,person
user_9068,person
user_9069,person
user_9070,person
user_9071,person
user_9072,person
user_9073,person
user_9074,person
user_9075,person
user_9076,person
user_9077,person
user_9078,person
user_9079,person
user_9080,person
user_9081,person
user_9082,person
user_9083,person
user_9084,person
user_9085,person
user_9086,person
user_9087,person
user_9088,person
user_9089,person
user_9090,person
user_9091,person
user_9092,person
user_9093,person
user_9094,person
user_9095,person
user_9096,person
user_9097,person
user_9098,person
user_9099,person
user_9100,person
user_9101,person
user_9102,person
user_9103,person
user_9104,person
user_9105,person
user_9106,person
user_9107,person
user_9108,person
user_9109,person
user_9110,person
user_9111,person
user_9112,person
user_9113,person
user_9114,person
user_9115,person
user_9116,person
user_9117,person
user_9118,person
user_9119,person
user_9120,person
user_9121,person
user_9122,person
user_9123,person
user_9124,person
user_9125,person
user_9126,person
user_9127,person
user_9128,person
user_9129,person
user_9130,person
user_9131,person
user_9132,person
user_9133,person
user_9134,person
user_9135,person
user_9136,person
user_9137,person
user_9138,person
user_9139,person
user_9140,person
user_9141,person
user_9142,person
user_9143,person
user_9144,person
user_9145,person
user_9146,person
user_9147,person
user_9148,person
user_9149,person
user_9150,person
user_9151,person
user_9152,person
user_9153,person
user_9154,person
user_9155,person
user_9156,person
user_9157,person
user_9158,person
user_9159,person
user_9160,person
user_9161,person
user_9162,person
user_9163,person
user_9164,person
user_9165,person
user_9166,person
user_9167,person
user_9168,person
user_9169,person
user_9170,person
user_9171,person
user_9172,person
user_9173,person
user_9174,person
user_9175,person
user_9176,person
user_9177,person
user_9178,person
user_9179,person
user_9180,person
user_9181,person
user_9182,person
user_9183,person
user_9184,person
user_9185,person
user_9186,person
user_9187,person
user_9188,person
user_9189,person
user_9190,person
user_9191,person
user_9192,person
user_9193,person
user_9194,person
user_9195,person
user_9196,person
user_9197,person
user_9198,person
user_9199,person
user_9200,person
user_9201,person
user_9202,person
user_9203,person
user_9204,person
user_9205,person
user_9206,person
user_9207,person
user_9208,person
user_9209,person
user_9210,person
user_9211,person
user_9212,person
user_9213,person
user_9214,person
user_9215,person
user_9216,person
user_9217,person
user_9218,person
user_9219,person
user_9220,person
user_9221,person
user_9222,person
user_9223,person
user_9224,person
user_9225,person
user_9226,person
user_9227,person
user_9228,person
user_9229,person
user_9230,person
user_9231,person
user_9232,person
user_9233,person
user_9234,person
user_9235,person
user_9236,person
user_9237,person
user_9238,person
user_9239,person
user_9240,person
user_9241,person
user_9242,person
user_9243,person
user_9244,person
user_9245,person
user_9246,person
user_9247,person
user_9248,person
user_9249,person
user_9250,person
user_9251,person
user_9252,person
user_9253,person
user_9254,person
user_9255,person
user_9256,person
user_9257,person
user_9258,person
user_9259,person
user_9260,person
user_9261,person
user_9262,person
user_9263,person
user_9264,person
user_9265,person
user_9266,person
user_9267,person
user_9268,person
user_9269,person
user_9270,person
user_9271,person
user_9272,person
user_9273,person
user_9274,person
user_9275,person
user_9276,person
user_9277,person
user_9278,person
user_9279,person
user_9280,person
user_9281,person
user_9282,person
user_9283,person
user_9284,person
user_9285,person
user_9286,person
user_9287,person
user_9288,person
user_9289,person
user_9290,person
user_9291,person
user_9292,person
user_9293,person
user_9294,person
user_9295,person
user_9296,person
user_9297,person
user_9298,person
user_9299,person
user_9300,person
user_9301,person
user_9302,person
user_9303,person
user_9304,person
user_9305,person
user_9306,person
user_9307,person
user_9308,person
user_9309,person
user_9310,person
user_9311,person
user_9312,person
user_9313,person
user_9314,person
user_9315,person
user_9316,person
user_9317,person
user_9318,person
user_9319,person
user_9320,person
user_9321,person
user_9322,person
user_9323,person
user_9324,person
user_9325,person
user_9326,person
user_9327,person
user_9328,person
user_9329,person
user_9330,person
user_9331,person
user_9332,person
user_9333,person
user_9334,person
user_9335,person
user_9336,person
user_9337,person
user_9338,person
user_9339,person
user_9340,person
user_9341,person
user_9342,person
user_9343,person
user_9344,person
user_9345,person
user_9346,person
user_9347,person
user_9348,person
user_9349,person
user_9350,person
user_9351,person
user_9352,person
user_9353,person
user_9354,person
user_9355,person
user_9356,person
user_9357,person
user_9358,person
user_9359,person
user_9360,person
user_9361,person
user_9362,person
user_9363,person
user_9364,person
user_9365,person
user_9366,person
user_9367,person
user_9368,person
user_9369,person
user_9370,person
user_9371,person
user_9372,person
user_9373,person
user_9374,person
user_9375,person
user_9376,person
user_9377,person
user_9378,person
user_9379,person
user_9380,person
user_9381,person
user_9382,person
user_9383,person
user_9384,person
user_9385,person
user_9386,person
user_9387,person
user_9388,person
user_9389,person
user_9390,person
user_9391,person
user_9392,person
user_9393,person
user_9394,person
user_9395,person
user_9396,person
user_9397,person
user_9398,person
user_9399,person
user_9400,person
user_9401,person
user_9402,person
user_9403,person
user_9404,person
user_9405,person
user_9406,person
user_9407,person
user_9408,person
user_9409,person
user_9410,person
user_9411,person
user_9412,person
user_9413,person
user_9414,person
user_9415,person
user_9416,person
user_9417,person
user_9418,person
user_9419,person
user_9420,person
user_9421,person
user_9422,person
user_9423,person
user_9424,person
user_9425,person
user_9426,person
user_9427,person
user_9428,person
user_9429,person
user_9430,person
user_9431,person
user_9432,person
user_9433,person
user_9434,person
user_9435,person
user_9436,person
user_9437,person
user_9438,person
user_9439,person
user_9440,person
user_9441,person
user_9442,person
user_9443,person
user_9444,person
user_9445,person
user_9446,person
user_9447,person
user_9448,person
user_9449,person
user_9450,person
user_9451,person
user_9452,person
user_9453,person
user_9454,person
user_9455,person
user_9456,person
user_9457,person
user_9458,person
user_9459,person
user_9460,person
user_9461,person
user_9462,person
user_9463,person
user_9464,person
user_9465,person
user_9466,person
user_9467,person
user_9468,person
user_9469,person
user_9470,person
user_9471,person
user_9472,person
user_9473,person
user_9474,person
user_9475,person
user_9476,person
user_9477,person
user_9478,person
user_9479,person
user_9480,person
user_9481,person
user_9482,person
user_9483,person
user_9484,person
user_9485,person
user_9486,person
user_9487,person
user_9488,person
user_9489,person
user_9490,person
user_9491,person
user_9492,person
user_9493,person
user_9494,person
user_9495,person
user_9496,person
user_9497,person
user_9498,person
user_9499,person
user_9500,person
user_9501,person
user_9502,person
user_9503,person
user_9504,person
user_9505,person
user_9506,person
user_9507,person
user_9508,person
user_9509,person
user_9510,person
user_9511,person
user_9512,person
user_9513,person
user_9514,person
user_9515,person
user_9516,person
user_9517,person
user_9518,person
user_9519,person
user_9520,person
user_9521,person
user_9522,person
user_9523,person
user_9524,person
user_9525,person
user_9526,person
user_9527,person
user_9528,person
user_9529,person
user_9530,person
user_9531,person
user_9532,person
user_9533,person
user_9534,person
user_9535,person
user_9536,person
user_9537,person
user_9538,person
user_9539,person
user_9540,person
user_9541,person
user_9542,person
user_9543,person
user_9544,person
user_9545,person
user_9546,person
user_9547,person
user_9548,person
user_9549,person
user_9550,person
user_9551,person
user_9552,person
user_9553,person
user_9554,person
user_9555,person
user_9556,person
user_9557,person
user_9558,person
user_9559,person
user_9560,person
user_9561,person
user_9562,person
user_9563,person
user_9564,person
user_9565,person
user_9566,person
user_9567,person
user_9568,person
user_9569,person
user_9570,person
user_9571,person
user_9572,person
user_9573,person
user_9574,person
user_9575,person
user_9576,person
user_9577,person
user_9578,person
user_9579,person
user_9580,person
user_9581,person
user_9582,person
user_9583,person
user_9584,person
user_9585,person
user_9586,person
user_9587,person
user_9588,person
user_9589,person
user_9590,person
user_9591,person
user_9592,person
user_9593,person
user_9594,person
user_9595,person
user_9596,person
user_9597,person
user_9598,person
user_9599,person
user_9600,person
user_9601,person
user_9602,person
user_9603,person
user_9604,person
user_9605,person
user_9606,person
user_9607,person
user_9608,person
user_9609,person
user_9610,person
user_9611,person
user_9612,person
user_9613,person
user_9614,person
user_9615,person
user_9616,person
user_9617,person
user_9618,person
user_9619,person
user_9620,person
user_9621,person
user_9622,person
user_9623,person
user_9624,person
user_9625,person
user_9626,person
user_9627,person
user_9628,person
user_9629,person
user_9630,person
user_9631,person
user_9632,person
user_9633,person
user_9634,person
user_9635,person
user_9636,person
user_9637,person
user_9638,person
user_9639,person
user_9640,person
user_9641,person
user_9642,person
user_9643,person
user_9644,person
user_9645,person
user_9646,person
user_9647,person
user_9648,person
user_9649,person
user_9650,person
user_9651,person
user_9652,person
user_9653,person
user_9654,person
user_9655,person
user_9656,person
user_9657,person
user_9658,person
user_9659,person
user_9660,person
user_9661,person
user_9662,person
user_9663,person
user_9664,person
user_9665,person
user_9666,person
user_9667,person
user_9668,person
user_9669,person
user_9670,person
user_9671,person
user_9672,person
user_9673,person
user_9674,person
user_9675,person
user_9676,person
user_9677,person
user_9678,person
user_9679,person
user_9680,person
user_9681,person
user_9682,person
user_9683,person
user_9684,person
user_9685,person
user_9686,person
user_9687,person
user_9688,person
user_9689,person
user_9690,person
user_9691,person
user_9692,person
user_9693,person
user_9694,person
user_9695,person
user_9696,person
user_9697,person
user_9698,person
user_9699,person
user_9700,person
user_9701,person
user_9702,person
user_9703,person
user_9704,person
user_9705,person
user_9706,person
user_9707,person
user_9708,person
user_9709,person
user_9710,person
user_9711,person
user_9712,person
user_9713,person
user_9714,person
user_9715,person
user_9716,person
user_9717,person
user_9718,person
user_9719,person
user_9720,person
user_9721,person
user_9722,person
user_9723,person
user_9724,person
user_9725,person
user_9726,person
user_9727,person
user_9728,person
user_9729,person
user_9730,person
user_9731,person
user_9732,person
user_9733,person
user_9734,person
user_9735,person
user_9736,person
user_9737,person
user_9738,person
user_9739,person
user_9740,person
user_9741,person
user_9742,person
user_9743,person
user_9744,person
user_9745,person
user_9746,person
user_9747,person
user_9748,person
user_9749,person
user_9750,person
user_9751,person
user_9752,person
user_9753,person
user_9754,person
user_9755,person
user_9756,person
user_9757,person
user_9758,person
user_9759,person
user_9760,person
user_9761,person
user_9762,person
user_9763,person
user_9764,person
user_9765,person
user_9766,person
user_9767,person
user_9768,person
user_9769,person
user_9770,person
user_9771,person
user_9772,person
user_9773,person
user_9774,person
user_9775,person
user_9776,person
user_9777,person
user_9778,person
user_9779,person
user_9780,person
user_9781,person
user_9782,person
user_9783,person
user_9784,person
user_9785,person
user_9786,person
user_9787,person
user_9788,person
user_9789,person
user_9790,person
user_9791,person
user_9792,person
user_9793,person
user_9794,person
user_9795,person
user_9796,person
user_9797,person
user_9798,person
user_9799,person
user_9800,person
user_9801,person
user_9802,person
user_9803,person
user_9804,person
user_9805,person
user_9806,person
user_9807,person
user_9808,person
user_9809,person
user_9810,person
user_9811,person
user_9812,person
user_9813,person
user_9814,person
user_9815,person
user_9816,person
user_9817,person
user_9818,person
user_9819,person
user_9820,person
user_9821,person
user_9822,person
user_9823,person
user_9824,person
user_9825,person
user_9826,person
user_9827,person
user_9828,person
user_9829,person
user_9830,person
user_9831,person
user_9832,person
user_9833,person
user_9834,person
user_9835,person
user_9836,person
user_9837,person
user_9838,person
user_9839,person
user_9840,person
user_9841,person
user_9842,person
user_9843,person
user_9844,person
user_9845,person
user_9846,person
user_9847,person
user_9848,person
user_9849,person
user_9850,person
user_9851,person
user_9852,person
user_9853,person
user_9854,person
user_9855,person
user_9856,person
user_9857,person
user_9858,person
user_9859,person
user_9860,person
user_9861,person
user_9862,person
user_9863,person
user_9864,person
user_9865,person
user_9866,person
user_9867,person
user_9868,person
user_9869,person
user_9870,person
user_9871,person
user_9872,person
user_9873,person
user_9874,person
user_9875,person
user_9876,person
user_9877,person
user_9878,person
user_9879,person
user_9880,person
user_9881,person
user_9882,person
user_9883,person
user_9884,person
user_9885,person
user_9886,person
user_9887,person
user_9888,person
user_9889,person
user_9890,person
user_9891,person
user_9892,person
user_9893,person
user_9894,person
user_9895,person
user_9896,person
user_9897,person
user_9898,person
user_9899,person
user_9900,person
user_9901,person
user_9902,person
user_9903,person
user_9904,person
user_9905,person
user_9906,person
user_9907,person
user_9908,person
user_9909,person
user_9910,person
user_9911,person
user_9912,person
user_9913,person
user_9914,person
user_9915,person
user_9916,person
user_9917,person
user_9918,person
user_9919,person
user_9920,person
user_9921,person
user_9922,person
user_9923,person
user_9924,person
user_9925,person
user_9926,person
user_9927,person
user_9928,person
user_9929,person
user_9930,person
user_9931,person
user_9932,person
user_9933,person
user_9934,person
user_9935,person
user_9936,person
user_9937,person
user_9938,person
user_9939,person
user_9940,person
user_9941,person
user_9942,person
user_9943,person
user_9944,person
user_9945,person
user_9946,person
user_9947,person
user_9948,person
user_9949,person
user_9950,person
user_9951,person
user_9952,person
user_9953,person
user_9954,person
user_9955,person
user_9956,person
user_9957,person
user_9958,person
user_9959,person
user_9960,person
user_9961,person
user_9962,person
user_9963,person
user_9964,person
user_9965,person
user_9966,person
user_9967,person
user_9968,person
user_9969,person
user_9970,person
user_9971,person
user_9972,person
user_9973,person
user_9974,person
user_9975,person
user_9976,person
user_9977,person
user_9978,person
user_9979,person
user_9980,person
user_9981,person
user_9982,person
user_9983,person
user_9984,person
user_9985,person
user_9986,person
user_9987,person
user_9988,person
user_9989,person
user_9990,person
user_9991,person
user_9992,person
user_9993,person
user_9994,person
user_9995,person
user_9996,person
user_9997,person
user_9998,person
user_9999,person
user_10000,person
user_10001,person
user_10002,person
user_10003,person
user_10004,person
user_10005,person
user_10006,person
user_10007,person
user_10008,person
user_10009,person
user_10010,person
user_10011,person
user_10012,person
user_10013,person
user_10014,person
user_10015,person
user_10016,person
user_10017,person
user_10018,person
user_10019,person
user_10020,person
user_10021,person
user_10022,person
user_10023,person
user_10024,person
user_10025,person
user_10026,person
user_10027,person
user_10028,person
user_10029,person
user_10030,person
user_10031,person
user_10032,person
user_10033,person
user_10034,person
user_10035,person
user_10036,person
user_10037,person
user_10038,person
user_10039,person
user_10040,person
user_10041,person
user_10042,person
user_10043,person
user_10044,person
user_10045,person
user_10046,person
user_10047,person
user_10048,person
user_10049,person
user_10050,person
user_10051,person
user_10052,person
user_10053,person
user_10054,person
user_10055,person
user_10056,person
user_10057,person
user_10058,person
user_10059,person
user_10060,person
user_10061,person
user_10062,person
user_10063,person
user_10064,person
user_10065,person
user_10066,person
user_10067,person
user_10068,person
user_10069,person
user_10070,person
user_10071,person
user_10072,person
user_10073,person
user_10074,person
user_10075,person
user_10076,person
user_10077,person
user_10078,person
user_10079,person
user_10080,person
user_10081,person
user_10082,person
user_10083,person
user_10084,person
user_10085,person
user_10086,person
user_10087,person
user_10088,person
user_10089,person
user_10090,person
user_10091,person
user_10092,person
user_10093,person
user_10094,person
user_10095,person
user_10096,person
user_10097,person
user_10098,person
user_10099,person
user_10100,person
user_10101,person
user_10102,person
user_10103,person
user_10104,person
user_10105,person
user_10106,person
user_10107,person
user_10108,person
user_10109,person
user_10110,person
user_10111,person
user_10112,person
user_10113,person
user_10114,person
user_10115,person
user_10116,person
user_10117,person
user_10118,person
user_10119,person
user_10120,person
user_10121,person
user_10122,person
user_10123,person
user_10124,person
user_10125,person
user_10126,person
user_10127,person
user_10128,person
user_10129,person
user_10130,person
user_10131,person
user_10132,person
user_10133,person
user_10134,person
user_10135,person
user_10136,person
user_10137,person
user_10138,person
user_10139,person
user_10140,person
user_10141,person
user_10142,person
user_10143,person
user_10144,person
user_10145,person
user_10146,person
user_10147,person
user_10148,person
user_10149,person
user_10150,person
user_10151,person
user_10152,person
user_10153,person
user_10154,person
user_10155,person
user_10156,person
user_10157,person
user_10158,person
user_10159,person
user_10160,person
user_10161,person
user_10162,person
user_10163,person
user_10164,person
user_10165,person
user_10166,person
user_10167,person
user_10168,person
user_10169,person
user_10170,person
user_10171,person
user_10172,person
user_10173,person
user_10174,person
user_10175,person
user_10176,person
user_10177,person
user_10178,person
user_10179,person
user_10180,person
user_10181,person
user_10182,person
user_10183,person
user_10184,person
user_10185,person
user_10186,person
user_10187,person
user_10188,person
user_10189,person
user_10190,person
user_10191,person
user_10192,person
user_10193,person
user_10194,person
user_10195,person
user_10196,person
user_10197,person
user_10198,person
user_10199,person
user_10200,person
user_10201,person
user_10202,person
user_10203,person
user_10204,person
user_10205,person
user_10206,person
user_10207,person
user_10208,person
user_10209,person
user_10210,person
user_10211,person
user_10212,person
user_10213,person
user_10214,person
user_10215,person
user_10216,person
user_10217,person
user_10218,person
user_10219,person
user_10220,person
user_10221,person
user_10222,person
user_10223,person
user_10224,person
user_10225,person
user_10226,person
user_10227,person
user_10228,person
user_10229,person
user_10230,person
user_10231,person
user_10232,person
user_10233,person
user_10234,person
user_10235,person
user_10236,person
user_10237,person
user_10238,person
user_10239,person
user_10240,person
user_10241,person
user_10242,person
user_10243,person
user_10244,person
user_10245,person
user_10246,person
user_10247,person
user_10248,person
user_10249,person
user_10250,person
user_10251,person
user_10252,person
user_10253,person
user_10254,person
user_10255,person
user_10256,person
user_10257,person
user_10258,person
user_10259,person
user_10260,person
user_10261,person
user_10262,person
user_10263,person
user_10264,person
user_10265,person
user_10266,person
user_10267,person
user_10268,person
user_10269,person
user_10270,person
user_10271,person
user_10272,person
user_10273,person
user_10274,person
user_10275,person
user_10276,person
user_10277,person
user_10278,person
user_10279,person
user_10280,person
user_10281,person
user_10282,person
user_10283,person
user_10284,person
user_10285,person
user_10286,person
user_10287,person
user_10288,person
user_10289,person
user_10290,person
user_10291,person
user_10292,person
user_10293,person
user_10294,person
user_10295,person
user_10296,person
user_10297,person
user_10298,person
user_10299,person
user_10300,person
user_10301,person
user_10302,person
user_10303,person
user_10304,person
user_10305,person
user_10306,person
user_10307,person
user_10308,person
user_10309,person
user_10310,person
user_10311,person
user_10312,person
user_10313,person
user_10314,person
user_10315,person
user_10316,person
user_10317,person
user_10318,person
user_10319,person
user_10320,person
user_10321,person
user_10322,person
user_10323,person
user_10324,person
user_10325,person
user_10326,person
user_10327,person
user_10328,person
user_10329,person
user_10330,person
user_10331,person
user_10332,person
user_10333,person
user_10334,person
user_10335,person
user_10336,person
user_10337,person
user_10338,person
user_10339,person
user_10340,person
user_10341,person
user_10342,person
user_10343,person
user_10344,person
user_10345,person
user_10346,person
user_10347,person
user_10348,person
user_10349,person
user_10350,person
user_10351,person
user_10352,person
user_10353,person
user_10354,person
user_10355,person
user_10356,person
user_10357,person
user_10358,person
user_10359,person
user_10360,person
user_10361,person
user_10362,person
user_10363,person
user_10364,person
user_10365,person
user_10366,person
user_10367,person
user_10368,person
user_10369,person
user_10370,person
user_10371,person
user_10372,person
user_10373,person
user_10374,person
user_10375,person
user_10376,person
user_10377,person
user_10378,person
user_10379,person
user_10380,person
user_10381,person
user_10382,person
user_10383,person
user_10384,person
user_10385,person
user_10386,person
user_10387,person
user_10388,person
user_10389,person
user_10390,person
user_10391,person
user_10392,person
user_10393,person
user_10394,person
user_10395,person
user_10396,person
user_10397,person
user_10398,person
user_10399,person
user_10400,person
user_10401,person
user_10402,person
user_10403,person
user_10404,person
user_10405,person
user_10406,person
user_10407,person
user_10408,person
user_10409,person
user_10410,person
user_10411,person
user_10412,person
user_10413,person
user_10414,person
user_10415,person
user_10416,person
user_10417,person
user_10418,person
user_10419,person
user_10420,person
user_10421,person
user_10422,person
user_10423,person
user_10424,person
user_10425,person
user_10426,person
user_10427,person
user_10428,person
user_10429,person
user_10430,person
user_10431,person
user_10432,person
user_10433,person
user_10434,person
user_10435,person
user_10436,person
user_10437,person
user_10438,person
user_10439,person
user_10440,person
user_10441,person
user_10442,person
user_10443,person
user_10444,person
user_10445,person
user_10446,person
user_10447,person
user_10448,person
user_10449,person
user_10450,person
user_10451,person
user_10452,person
user_10453,person
user_10454,person
user_10455,person
user_10456,person
user_10457,person
user_10458,person
user_10459,person
user_10460,person
user_10461,person
user_10462,person
user_10463,person
user_10464,person
user_10465,person
user_10466,person
user_10467,person
user_10468,person
user_10469,person
user_10470,person
user_10471,person
user_10472,person
user_10473,person
user_10474,person
user_10475,person
user_10476,person
user_10477,person
user_10478,person
user_10479,person
user_10480,person
user_10481,person
user_10482,person
user_10483,person
user_10484,person
user_10485,person
user_10486,person
user_10487,person
user_10488,person
user_10489,person
user_10490,person
user_10491,person
user_10492,person
user_10493,person
user_10494,person
user_10495,person
user_10496,person
user_10497,person
user_10498,person
user_10499,person
user_10500,person
user_10501,person
user_10502,person
user_10503,person
user_10504,person
user_10505,person
user_10506,person
user_10507,person
user_10508,person
user_10509,person
user_10510,person
user_10511,person
user_10512,person
user_10513,person
user_10514,person
user_10515,person
user_10516,person
user_10517,person
user_10518,person
user_10519,person
user_10520,person
user_10521,person
user_10522,person
user_10523,person
user_10524,person
user_10525,person
user_10526,person
user_10527,person
user_10528,person
user_10529,person
user_10530,person
user_10531,person
user_10532,person
user_10533,person
user_10534,person
user_10535,person
user_10536,person
user_10537,person
user_10538,person
user_10539,person
user_10540,person
user_10541,person
user_10542,person
user_10543,person
user_10544,person
user_10545,person
user_10546,person
user_10547,person
user_10548,person
user_10549,person
user_10550,person
user_10551,person
user_10552,person
user_10553,person
user_10554,person
user_10555,person
user_10556,person
user_10557,person
user_10558,person
user_10559,person
user_10560,person
user_10561,person
user_10562,person
user_10563,person
user_10564,person
user_10565,person
user_10566,person
user_10567,person
user_10568,person
user_10569,person
user_10570,person
user_10571,person
user_10572,person
user_10573,person
user_10574,person
user_10575,person
user_10576,person
user_10577,person
user_10578,person
user_10579,person
user_10580,person
user_10581,person
user_10582,person
user_10583,person
user_10584,person
user_10585,person
user_10586,person
user_10587,person
user_10588,person
user_10589,person
user_10590,person
user_10591,person
user_10592,person
user_10593,person
user_10594,person
user_10595,person
user_10596,person
user_10597,person
user_10598,person
user_10599,person
user_10600,person
user_10601,person
user_10602,person
user_10603,person
user_10604,person
user_10605,person
user_10606,person
user_10607,person
user_10608,person
user_10609,person
user_10610,person
user_10611,person
user_10612,person
user_10613,person
user_10614,person
user_10615,person
user_10616,person
user_10617,person
user_10618,person
user_10619,person
user_10620,person
user_10621,person
user_10622,person
user_10623,person
user_10624,person
user_10625,person
user_10626,person
user_10627,person
user_10628,person
user_10629,person
user_10630,person
user_10631,person
user_10632,person
user_10633,person
user_10634,person
user_10635,person
user_10636,person
user_10637,person
user_10638,person
user_10639,person
user_10640,person
user_10641,person
user_10642,person
user_10643,person
user_10644,person
user_10645,person
user_10646,person
user_10647,person
user_10648,person
user_10649,person
user_10650,person
user_10651,person
user_10652,person
user_10653,person
user_10654,person
user_10655,person
user_10656,person
user_10657,person
user_10658,person
user_10659,person
user_10660,person
user_10661,person
user_10662,person
user_10663,person
user_10664,person
user_10665,person
user_10666,person
user_10667,person
user_10668,person
user_10669,person
user_10670,person
user_10671,person
user_10672,person
user_10673,person
user_10674,person
user_10675,person
user_10676,person
user_10677,person
user_10678,person
user_10679,person
user_10680,person
user_10681,person
user_10682,person
user_10683,person
user_10684,person
user_10685,person
user_10686,person
user_10687,person
user_10688,person
user_10689,person
user_10690,person
user_10691,person
user_10692,person
user_10693,person
user_10694,person
user_10695,person
user_10696,person
user_10697,person
user_10698,person
user_10699,person
user_10700,person
user_10701,person
user_10702,person
user_10703,person
user_10704,person
user_10705,person
user_10706,person
user_10707,person
user_10708,person
user_10709,person
user_10710,person
user_10711,person
user_10712,person
user_10713,person
user_10714,person
user_10715,person
user_10716,person
user_10717,person
user_10718,person
user_10719,person
user_10720,person
user_10721,person
user_10722,person
user_10723,person
user_10724,person
user_10725,person
user_10726,person
user_10727,person
user_10728,person
user_10729,person
user_10730,person
user_10731,person
user_10732,person
user_10733,person
user_10734,person
user_10735,person
user_10736,person
user_10737,person
user_10738,person
user_10739,person
user_10740,person
user_10741,person
user_10742,person
user_10743,person
user_10744,person
user_10745,person
user_10746,person
user_10747,person
user_10748,person
user_10749,person
user_10750,person
user_10751,person
user_10752,person
user_10753,person
user_10754,person
user_10755,person
user_10756,person
user_10757,person
user_10758,person
user_10759,person
user_10760,person
user_10761,person
user_10762,person
user_10763,person
user_10764,person
user_10765,person
user_10766,person
user_10767,person
user_10768,person
user_10769,person
user_10770,person
user_10771,person
user_10772,person
user_10773,person
user_10774,person
user_10775,person
user_10776,person
user_10777,person
user_10778,person
user_10779,person
user_10780,person
user_10781,person
user_10782,person
user_10783,person
user_10784,person
user_10785,person
user_10786,person
user_10787,person
user_10788,person
user_10789,person
user_10790,person
user_10791,person
user_10792,person
user_10793,person
user_10794,person
user_10795,person
user_10796,person
user_10797,person
user_10798,person
user_10799,person
user_10800,person
user_10801,person
user_10802,person
user_10803,person
user_10804,person
user_10805,person
user_10806,person
user_10807,person
user_10808,person
user_10809,person
user_10810,person
user_10811,person
user_10812,person
user_10813,person
user_10814,person
user_10815,person
user_10816,person
user_10817,person
user_10818,person
user_10819,person
user_10820,person
user_10821,person
user_10822,person
user_10823,person
user_10824,person
user_10825,person
user_10826,person
user_10827,person
user_10828,person
user_10829,person
user_10830,person
user_10831,person
user_10832,person
user_10833,person
user_10834,person
user_10835,person
user_10836,person
user_10837,person
user_10838,person
user_10839,person
user_10840,person
user_10841,person
user_10842,person
user_10843,person
user_10844,person
user_10845,person
user_10846,person
user_10847,person
user_10848,person
user_10849,person
user_10850,person
user_10851,person
user_10852,person
user_10853,person
user_10854,person
user_10855,person
user_10856,person
user_10857,person
user_10858,person
user_10859,person
user_10860,person
user_10861,person
user_10862,person
user_10863,person
user_10864,person
user_10865,person
user_10866,person
user_10867,person
user_10868,person
user_10869,person
user_10870,person
user_10871,person
user_10872,person
user_10873,person
user_10874,person
user_10875,person
user_10876,person
user_10877,person
user_10878,person
user_10879,person
user_10880,person
user_10881,person
user_10882,person
user_10883,person
user_10884,person
user_10885,person
user_10886,person
user_10887,person
user_10888,person
user_10889,person
user_10890,person
user_10891,person
user_10892,person
user_10893,person
user_10894,person
user_10895,person
user_10896,person
user_10897,person
user_10898,person
user_10899,person
user_10900,person
user_10901,person
user_10902,person
user_10903,person
user_10904,person
user_10905,person
user_10906,person
user_10907,person
user_10908,person
user_10909,person
user_10910,person
user_10911,person
user_10912,person
user_10913,person
user_10914,person
user_10915,person
user_10916,person
user_10917,person
user_10918,person
user_10919,person
user_10920,person
user_10921,person
user_10922,person
user_10923,person
user_10924,person
user_10925,person
user_10926,person
user_10927,person
user_10928,person
user_10929,person
user_10930,person
user_10931,person
user_10932,person
user_10933,person
user_10934,person
user_10935,person
user_10936,person
user_10937,person
user_10938,person
user_10939,person
user_10940,person
user_10941,person
user_10942,person
user_10943,person
user_10944,person
user_10945,person
user_10946,person
user_10947,person
user_10948,person
user_10949,person
user_10950,person
user_10951,person
user_10952,person
user_10953,person
user_10954,person
user_10955,person
user_10956,person
user_10957,person
user_10958,person
user_10959,person
user_10960,person
user_10961,person
user_10962,person
user_10963,person
user_10964,person
user_10965,person
user_10966,person
user_10967,person
user_10968,person
user_10969,person
user_10970,person
user_10971,person
user_10972,person
user_10973,person
user_10974,person
user_10975,person
user_10976,person
user_10977,person
user_10978,person
user_10979,person
user_10980,person
user_10981,person
user_10982,person
user_10983,person
user_10984,person
user_10985,person
user_10986,person
user_10987,person
user_10988,person
user_10989,person
user_10990,person
user_10991,person
user_10992,person
user_10993,person
user_10994,person
user_10995,person
user_10996,person
user_10997,person
user_10998,person
user_10999,person
user_11000,person
user_11001,person
user_11002,person
user_11003,person
user_11004,person
user_11005,person
user_11006,person
user_11007,person
user_11008,person
user_11009,person
user_11010,person
user_11011,person
user_11012,person
user_11013,person
user_11014,person
user_11015,person
user_11016,person
user_11017,person
user_11018,person
user_11019,person
user_11020,person
user_11021,person
user_11022,person
user_11023,person
user_11024,person
user_11025,person
user_11026,person
user_11027,person
user_11028,person
user_11029,person
user_11030,person
user_11031,person
user_11032,person
user_11033,person
user_11034,person
user_11035,person
user_11036,person
user_11037,person
user_11038,person
user_11039,person
user_11040,person
user_11041,person
user_11042,person
user_11043,person
user_11044,person
user_11045,person
user_11046,person
user_11047,person
user_11048,person
user_11049,person
user_11050,person
user_11051,person
user_11052,person
user_11053,person
user_11054,person
user_11055,person
user_11056,person
user_11057,person
user_11058,person
user_11059,person
user_11060,person
user_11061,person
user_11062,person
user_11063,person
user_11064,person
user_11065,person
user_11066,person
user_11067,person
user_11068,person
user_11069,person
user_11070,person
user_11071,person
user_11072,person
user_11073,person
user_11074,person
user_11075,person
user_11076,person
user_11077,person
user_11078,person
user_11079,person
user_11080,person
user_11081,person
user_11082,person
user_11083,person
user_11084,person
user_11085,person
user_11086,person
user_11087,person
user_11088,person
user_11089,person
user_11090,person
user_11091,person
user_11092,person
user_11093,person
user_11094,person
user_11095,person
user_11096,person
user_11097,person
user_11098,person
user_11099,person
user_11100,person
user_11101,person
user_11102,person
user_11103,person
user_11104,person
user_11105,person
user_11106,person
user_11107,person
user_11108,person
user_11109,person
user_11110,person
user_11111,person
user_11112,person
user_11113,person
user_11114,person
user_11115,person
user_11116,person
user_11117,person
user_11118,person
user_11119,person
user_11120,person
user_11121,person
user_11122,person
user_11123,person
user_11124,person
user_11125,person
user_11126,person
user_11127,person
user_11128,person
user_11129,person
user_11130,person
user_11131,person
user_11132,person
user_11133,person
user_11134,person
user_11135,person
user_11136,person
user_11137,person
user_11138,person
user_11139,person
user_11140,person
user_11141,person
user_11142,person
user_11143,person
user_11144,person
user_11145,person
user_11146,person
user_11147,person
user_11148,person
user_11149,person
user_11150,person
user_11151,person
user_11152,person
user_11153,person
user_11154,person
user_11155,person
user_11156,person
user_11157,person
user_11158,person
user_11159,person
user_11160,person
user_11161,person
user_11162,person
user_11163,person
user_11164,person
user_11165,person
user_11166,person
user_11167,person
user_11168,person
user_11169,person
user_11170,person
user_11171,person
user_11172,person
user_11173,person
user_11174,person
user_11175,person
user_11176,person
user_11177,person
user_11178,person
user_11179,person
user_11180,person
user_11181,person
user_11182,person
user_11183,person
user_11184,person
user_11185,person
user_11186,person
user_11187,person
user_11188,person
user_11189,person
user_11190,person
user_11191,person
user_11192,person
user_11193,person
user_11194,person
user_11195,person
user_11196,person
user_11197,person
user_11198,person
user_11199,person
user_11200,person
user_11201,person
user_11202,person
user_11203,person
user_11204,person
user_11205,person
user_11206,person
user_11207,person
user_11208,person
user_11209,person
user_11210,person
user_11211,person
user_11212,person
user_11213,person
user_11214,person
user_11215,person
user_11216,person
user_11217,person
user_11218,person
user_11219,person
user_11220,person
user_11221,person
user_11222,person
user_11223,person
user_11224,person
user_11225,person
user_11226,person
user_11227,person
user_11228,person
user_11229,person
user_11230,person
user_11231,person
user_11232,person
user_11233,person
user_11234,person
user_11235,person
user_11236,person
user_11237,person
user_11238,person
user_11239,person
user_11240,person
user_11241,person
user_11242,person
user_11243,person
user_11244,person
user_11245,person
user_11246,person
user_11247,person
user_11248,person
user_11249,person
user_11250,person
user_11251,person
user_11252,person
user_11253,person
user_11254,person
user_11255,person
user_11256,person
user_11257,person
user_11258,person
user_11259,person
user_11260,person
user_11261,person
user_11262,person
user_11263,person
user_11264,person
user_11265,person
user_11266,person
user_11267,person
user_11268,person
user_11269,person
user_11270,person
user_11271,person
user_11272,person
user_11273,person
user_11274,person
user_11275,person
user_11276,person
user_11277,person
user_11278,person
user_11279,person
user_11280,person
user_11281,person
user_11282,person
user_11283,person
user_11284,person
user_11285,person
user_11286,person
user_11287,person
user_11288,person
user_11289,person
user_11290,person
user_11291,person
user_11292,person
user_11293,person
user_11294,person
user_11295,person
user_11296,person
user_11297,person
user_11298,person
user_11299,person
user_11300,person
user_11301,person
user_11302,person
user_11303,person
user_11304,person
user_11305,person
user_11306,person
user_11307,person
user_11308,person
user_11309,person
user_11310,person
user_11311,person
user_11312,person
user_11313,person
user_11314,person
user_11315,person
user_11316,person
user_11317,person
user_11318,person
user_11319,person
user_11320,person
user_11321,person
user_11322,person
user_11323,person
user_11324,person
user_11325,person
user_11326,person
user_11327,person
user_11328,person
user_11329,person
user_11330,person
user_11331,person
user_11332,person
user_11333,person
user_11334,person
user_11335,person
user_11336,person
user_11337,person
user_11338,person
user_11339,person
user_11340,person
user_11341,person
user_11342,person
user_11343,person
user_11344,person
user_11345,person
user_11346,person
user_11347,person
user_11348,person
user_11349,person
user_11350,person
user_11351,person
user_11352,person
user_11353,person
user_11354,person
user_11355,person
user_11356,person
user_11357,person
user_11358,person
user_11359,person
user_11360,person
user_11361,person
user_11362,person
user_11363,person
user_11364,person
user_11365,person
user_11366,person
user_11367,person
user_11368,person
user_11369,person
user_11370,person
user_11371,person
user_11372,person
user_11373,person
user_11374,person
user_11375,person
user_11376,person
user_11377,person
user_11378,person
user_11379,person
user_11380,person
user_11381,person
user_11382,person
user_11383,person
user_11384,person
user_11385,person
user_11386,person
user_11387,person
user_11388,person
user_11389,person
user_11390,person
user_11391,person
user_11392,person
user_11393,person
user_11394,person
user_11395,person
user_11396,person
user_11397,person
user_11398,person
user_11399,person
user_11400,person
user_11401,person
user_11402,person
user_11403,person
user_11404,person
user_11405,person
user_11406,person
user_11407,person
user_11408,person
user_11409,person
user_11410,person
user_11411,person
user_11412,person
user_11413,person
user_11414,person
user_11415,person
user_11416,person
user_11417,person
user_11418,person
user_11419,person
user_11420,person
user_11421,person
user_11422,person
user_11423,person
user_11424,person
user_11425,person
user_11426,person
user_11427,person
user_11428,person
user_11429,person
user_11430,person
user_11431,person
user_11432,person
user_11433,person
user_11434,person
user_11435,person
user_11436,person
user_11437,person
user_11438,person
user_11439,person
user_11440,person
user_11441,person
user_11442,person
user_11443,person
user_11444,person
user_11445,person
user_11446,person
user_11447,person
user_11448,person
user_11449,person
user_11450,person
user_11451,person
user_11452,person
user_11453,person
user_11454,person
user_11455,person
user_11456,person
user_11457,person
user_11458,person
user_11459,person
user_11460,person
user_11461,person
user_11462,person
user_11463,person
user_11464,person
user_11465,person
user_11466,person
user_11467,person
user_11468,person
user_11469,person
user_11470,person
user_11471,person
user_11472,person
user_11473,person
user_11474,person
user_11475,person
user_11476,person
user_11477,person
user_11478,person
user_11479,person
user_11480,person
user_11481,person
user_11482,person
user_11483,person
user_11484,person
user_11485,person
user_11486,person
user_11487,person
user_11488,person
user_11489,person
user_11490,person
user_11491,person
user_11492,person
user_11493,person
user_11494,person
user_11495,person
user_11496,person
user_11497,person
user_11498,person
user_11499,person
user_11500,person
user_11501,person
user_11502,person
user_11503,person
user_11504,person
user_11505,person
user_11506,person
user_11507,person
user_11508,person
user_11509,person
user_11510,person
user_11511,person
user_11512,person
user_11513,person
user_11514,person
user_11515,person
user_11516,person
user_11517,person
user_11518,person
user_11519,person
user_11520,person
user_11521,person
user_11522,person
user_11523,person
user_11524,person
user_11525,person
user_11526,person
user_11527,person
user_11528,person
user_11529,person
user_11530,person
user_11531,person
user_11532,person
user_11533,person
user_11534,person
user_11535,person
user_11536,person
user_11537,person
user_11538,person
user_11539,person
user_11540,person
user_11541,person
user_11542,person
user_11543,person
user_11544,person
user_11545,person
user_11546,person
user_11547,person
user_11548,person
user_11549,person
user_11550,person
user_11551,person
user_11552,person
user_11553,person
user_11554,person
user_11555,person
user_11556,person
user_11557,person
user_11558,person
user_11559,person
user_11560,person
user_11561,person
user_11562,person
user_11563,person
user_11564,person
user_11565,person
user_11566,person
user_11567,person
user_11568,person
user_11569,person
user_11570,person
user_11571,person
user_11572,person
user_11573,person
user_11574,person
user_11575,person
user_11576,person
user_11577,person
user_11578,person
user_11579,person
user_11580,person
user_11581,person
user_11582,person
user_11583,person
user_11584,person
user_11585,person
user_11586,person
user_11587,person
user_11588,person
user_11589,person
user_11590,person
user_11591,person
user_11592,person
user_11593,person
user_11594,person
user_11595,person
user_11596,person
user_11597,person
user_11598,person
user_11599,person
user_11600,person
user_11601,person
user_11602,person
user_11603,person
user_11604,person
user_11605,person
user_11606,person
user_11607,person
user_11608,person
user_11609,person
user_11610,person
user_11611,person
user_11612,person
user_11613,person
user_11614,person
user_11615,person
user_11616,person
user_11617,person
user_11618,person
user_11619,person
user_11620,person
user_11621,person
user_11622,person
user_11623,person
user_11624,person
user_11625,person
user_11626,person
user_11627,person
user_11628,person
user_11629,person
user_11630,person
user_11631,person
user_11632,person
user_11633,person
user_11634,person
user_11635,person
user_11636,person
user_11637,person
user_11638,person
user_11639,person
user_11640,person
user_11641,person
user_11642,person
user_11643,person
user_11644,person
user_11645,person
user_11646,person
user_11647,person
user_11648,person
user_11649,person
user_11650,person
user_11651,person
user_11652,person
user_11653,person
user_11654,person
user_11655,person
user_11656,person
user_11657,person
user_11658,person
user_11659,person
user_11660,person
user_11661,person
user_11662,person
user_11663,person
user_11664,person
user_11665,person
user_11666,person
user_11667,person
user_11668,person
user_11669,person
user_11670,person
user_11671,person
user_11672,person
user_11673,person
user_11674,person
user_11675,person
user_11676,person
user_11677,person
user_11678,person
user_11679,person
user_11680,person
user_11681,person
user_11682,person
user_11683,person
user_11684,person
user_11685,person
user_11686,person
user_11687,person
user_11688,person
user_11689,person
user_11690,person
user_11691,person
user_11692,person
user_11693,person
user_11694,person
user_11695,person
user_11696,person
user_11697,person
user_11698,person
user_11699,person
user_11700,person
user_11701,person
user_11702,person
user_11703,person
user_11704,person
user_11705,person
user_11706,person
user_11707,person
user_11708,person
user_11709,person
user_11710,person
user_11711,person
user_11712,person
user_11713,person
user_11714,person
user_11715,person
user_11716,person
user_11717,person
user_11718,person
user_11719,person
user_11720,person
user_11721,person
user_11722,person
user_11723,person
user_11724,person
user_11725,person
user_11726,person
user_11727,person
user_11728,person
user_11729,person
user_11730,person
user_11731,person
user_11732,person
user_11733,person
user_11734,person
user_11735,person
user_11736,person
user_11737,person
user_11738,person
user_11739,person
user_11740,person
user_11741,person
user_11742,person
user_11743,person
user_11744,person
user_11745,person
user_11746,person
user_11747,person
user_11748,person
user_11749,person
user_11750,person
user_11751,person
user_11752,person
user_11753,person
user_11754,person
user_11755,person
user_11756,person
user_11757,person
user_11758,person
user_11759,person
user_11760,person
user_11761,person
user_11762,person
user_11763,person
user_11764,person
user_11765,person
user_11766,person
user_11767,person
user_11768,person
user_11769,person
user_11770,person
user_11771,person
user_11772,person
user_11773,person
user_11774,person
user_11775,person
user_11776,person
user_11777,person
user_11778,person
user_11779,person
user_11780,person
user_11781,person
user_11782,person
user_11783,person
user_11784,person
user_11785,person
user_11786,person
user_11787,person
user_11788,person
user_11789,person
user_11790,person
user_11791,person
user_11792,person
user_11793,person
user_11794,person
user_11795,person
user_11796,person
user_11797,person
user_11798,person
user_11799,person
user_11800,person
user_11801,person
user_11802,person
user_11803,person
user_11804,person
user_11805,person
user_11806,person
user_11807,person
user_11808,person
user_11809,person
user_11810,person
user_11811,person
user_11812,person
user_11813,person
user_11814,person
user_11815,person
user_11816,person
user_11817,person
user_11818,person
user_11819,person
user_11820,person
user_11821,person
user_11822,person
user_11823,person
user_11824,person
user_11825,person
user_11826,person
user_11827,person
user_11828,person
user_11829,person
user_11830,person
user_11831,person
user_11832,person
user_11833,person
user_11834,person
user_11835,person
user_11836,person
user_11837,person
user_11838,person
user_11839,person
user_11840,person
user_11841,person
user_11842,person
user_11843,person
user_11844,person
user_11845,person
user_11846,person
user_11847,person
user_11848,person
user_11849,person
user_11850,person
user_11851,person
user_11852,person
user_11853,person
user_11854,person
user_11855,person
user_11856,person
user_11857,person
user_11858,person
user_11859,person
user_11860,person
user_11861,person
user_11862,person
user_11863,person
user_11864,person
user_11865,person
user_11866,person
user_11867,person
user_11868,person
user_11869,person
user_11870,person
user_11871,person
user_11872,person
user_11873,person
user_11874,person
user_11875,person
user_11876,person
user_11877,person
user_11878,person
user_11879,person
user_11880,person
user_11881,person
user_11882,person
user_11883,person
user_11884,person
user_11885,person
user_11886,person
user_11887,person
user_11888,person
user_11889,person
user_11890,person
user_11891,person
user_11892,person
user_11893,person
user_11894,person
user_11895,person
user_11896,person
user_11897,person
user_11898,person
user_11899,person
user_11900,person
user_11901,person
user_11902,person
user_11903,person
user_11904,person
user_11905,person
user_11906,person
user_11907,person
user_11908,person
user_11909,person
user_11910,person
user_11911,person
user_11912,person
user_11913,person
user_11914,person
user_11915,person
user_11916,person
user_11917,person
user_11918,person
user_11919,person
user_11920,person
user_11921,person
user_11922,person
user_11923,person
user_11924,person
user_11925,person
user_11926,person
user_11927,person
user_11928,person
user_11929,person
user_11930,person
user_11931,person
user_11932,person
user_11933,person
user_11934,person
user_11935,person
user_11936,person
user_11937,person
user_11938,person
user_11939,person
user_11940,person
user_11941,person
user_11942,person
user_11943,person
user_11944,person
user_11945,person
user_11946,person
user_11947,person
user_11948,person
user_11949,person
user_11950,person
user_11951,person
user_11952,person
user_11953,person
user_11954,person
user_11955,person
user_11956,person
user_11957,person
user_11958,person
user_11959,person
user_11960,person
user_11961,person
user_11962,person
user_11963,person
user_11964,person
user_11965,person
user_11966,person
user_11967,person
user_11968,person
user_11969,person
user_11970,person
user_11971,person
user_11972,person
user_11973,person
user_11974,person
user_11975,person
user_11976,person
user_11977,person
user_11978,person
user_11979,person
user_11980,person
user_11981,person
user_11982,person
user_11983,person
user_11984,person
user_11985,person
user_11986,person
user_11987,person
user_11988,person
user_11989,person
user_11990,person
user_11991,person
user_11992,person
user_11993,person
user_11994,person
user_11995,person
user_11996,person
user_11997,person
user_11998,person
user_11999,person
user_12000,person
user_12001,person
user_12002,person
user_12003,person
user_12004,person
user_12005,person
user_12006,person
user_12007,person
user_12008,person
user_12009,person
user_12010,person
user_12011,person
user_12012,person
user_12013,person
user_12014,person
user_12015,person
user_12016,person
user_12017,person
user_12018,person
user_12019,person
user_12020,person
user_12021,person
user_12022,person
user_12023,person
user_12024,person
user_12025,person
user_12026,person
user_12027,person
user_12028,person
user_12029,person
user_12030,person
user_12031,person
user_12032,person
user_12033,person
user_12034,person
user_12035,person
user_12036,person
user_12037,person
user_12038,person
user_12039,person
user_12040,person
user_12041,person
user_12042,person
user_12043,person
user_12044,person
user_12045,person
user_12046,person
user_12047,person
user_12048,person
user_12049,person
user_12050,person
user_12051,person
user_12052,person
user_12053,person
user_12054,person
user_12055,person
user_12056,person
user_12057,person
user_12058,person
user_12059,person
user_12060,person
user_12061,person
user_12062,person
user_12063,person
user_12064,person
user_12065,person
user_12066,person
user_12067,person
user_12068,person
user_12069,person
user_12070,person
user_12071,person
user_12072,person
user_12073,person
user_12074,person
user_12075,person
user_12076,person
user_12077,person
user_12078,person
user_12079,person
user_12080,person
user_12081,person
user_12082,person
user_12083,person
user_12084,person
user_12085,person
user_12086,person
user_12087,person
user_12088,person
user_12089,person
user_12090,person
user_12091,person
user_12092,person
user_12093,person
user_12094,person
user_12095,person
user_12096,person
user_12097,person
user_12098,person
user_12099,person
user_12100,person
user_12101,person
user_12102,person
user_12103,person
user_12104,person
user_12105,person
user_12106,person
user_12107,person
user_12108,person
user_12109,person
user_12110,person
user_12111,person
user_12112,person
user_12113,person
user_12114,person
user_12115,person
user_12116,person
user_12117,person
user_12118,person
user_12119,person
user_12120,person
user_12121,person
user_12122,person
user_12123,person
user_12124,person
user_12125,person
user_12126,person
user_12127,person
user_12128,person
user_12129,person
user_12130,person
user_12131,person
user_12132,person
user_12133,person
user_12134,person
user_12135,person
user_12136,person
user_12137,person
user_12138,person
user_12139,person
user_12140,person
user_12141,person
user_12142,person
user_12143,person
user_12144,person
user_12145,person
user_12146,person
user_12147,person
user_12148,person
user_12149,person
user_12150,person
user_12151,person
user_12152,person
user_12153,person
user_12154,person
user_12155,person
user_12156,person
user_12157,person
user_12158,person
user_12159,person
user_12160,person
user_12161,person
user_12162,person
user_12163,person
user_12164,person
user_12165,person
user_12166,person
user_12167,person
user_12168,person
user_12169,person
user_12170,person
user_12171,person
user_12172,person
user_12173,person
user_12174,person
user_12175,person
user_12176,person
user_12177,person
user_12178,person
user_12179,person
user_12180,person
user_12181,person
user_12182,person
user_12183,person
user_12184,person
user_12185,person
user_12186,person
user_12187,person
user_12188,person
user_12189,person
user_12190,person
user_12191,person
user_12192,person
user_12193,person
user_12194,person
user_12195,person
user_12196,person
user_12197,person
user_12198,person
user_12199,person
user_12200,person
user_12201,person
user_12202,person
user_12203,person
user_12204,person
user_12205,person
user_12206,person
user_12207,person
user_12208,person
user_12209,person
user_12210,person
user_12211,person
user_12212,person
user_12213,person
user_12214,person
user_12215,person
user_12216,person
user_12217,person
user_12218,person
user_12219,person
user_12220,person
user_12221,person
user_12222,person
user_12223,person
user_12224,person
user_12225,person
user_12226,person
user_12227,person
user_12228,person
user_12229,person
user_12230,person
user_12231,person
user_12232,person
user_12233,person
user_12234,person
user_12235,person
user_12236,person
user_12237,person
user_12238,person
user_12239,person
user_12240,person
user_12241,person
user_12242,person
user_12243,person
user_12244,person
user_12245,person
user_12246,person
user_12247,person
user_12248,person
user_12249,person
user_12250,person
user_12251,person
user_12252,person
user_12253,person
user_12254,person
user_12255,person
user_12256,person
user_12257,person
user_12258,person
user_12259,person
user_12260,person
user_12261,person
user_12262,person
user_12263,person
user_12264,person
user_12265,person
user_12266,person
user_12267,person
user_12268,person
user_12269,person
user_12270,person
user_12271,person
user_12272,person
user_12273,person
user_12274,person
user_12275,person
user_12276,person
user_12277,person
user_12278,person
user_12279,person
user_12280,person
user_12281,person
user_12282,person
user_12283,person
user_12284,person
user_12285,person
user_12286,person
user_12287,person
user_12288,person
user_12289,person
user_12290,person
user_12291,person
user_12292,person
user_12293,person
user_12294,person
user_12295,person
user_12296,person
user_12297,person
user_12298,person
user_12299,person
user_12300,person
user_12301,person
user_12302,person
user_12303,person
user_12304,person
user_12305,person
user_12306,person
user_12307,person
user_12308,person
user_12309,person
user_12310,person
user_12311,person
user_12312,person
user_12313,person
user_12314,person
user_12315,person
user_12316,person
user_12317,person
user_12318,person
user_12319,person
user_12320,person
user_12321,person
user_12322,person
user_12323,person
user_12324,person
user_12325,person
user_12326,person
user_12327,person
user_12328,person
user_12329,person
user_12330,person
user_12331,person
user_12332,person
user_12333,person
user_12334,person
user_12335,person
user_12336,person
user_12337,person
user_12338,person
user_12339,person
user_12340,person
user_12341,person
user_12342,person
user_12343,person
user_12344,person
user_12345,person
user_12346,person
user_12347,person
user_12348,person
user_12349,person
user_12350,person
user_12351,person
user_12352,person
user_12353,person
user_12354,person
user_12355,person
user_12356,person
user_12357,person
user_12358,person
user_12359,person
user_12360,person
user_12361,person
user_12362,person
user_12363,person
user_12364,person
user_12365,person
user_12366,person
user_12367,person
user_12368,person
user_12369,person
user_12370,person
user_12371,person
user_12372,person
user_12373,person
user_12374,person
user_12375,person
user_12376,person
user_12377,person
user_12378,person
user_12379,person
user_12380,person
user_12381,person
user_12382,person
user_12383,person
user_12384,person
user_12385,person
user_12386,person
user_12387,person
user_12388,person
user_12389,person
user_12390,person
user_12391,person
user_12392,person
user_12393,person
user_12394,person
user_12395,person
user_12396,person
user_12397,person
user_12398,person
user_12399,person
user_12400,person
user_12401,person
user_12402,person
user_12403,person
user_12404,person
user_12405,person
user_12406,person
user_12407,person
user_12408,person
user_12409,person
user_12410,person
user_12411,person
user_12412,person
user_12413,person
user_12414,person
user_12415,person
user_12416,person
user_12417,person
user_12418,person
user_12419,person
user_12420,person
user_12421,person
user_12422,person
user_12423,person
user_12424,person
user_12425,person
user_12426,person
user_12427,person
user_12428,person
user_12429,person
user_12430,person
user_12431,person
user_12432,person
user_12433,person
user_12434,person
user_12435,person
user_12436,person
user_12437,person
user_12438,person
user_12439,person
user_12440,person
user_12441,person
user_12442,person
user_12443,person
user_12444,person
user_12445,person
user_12446,person
user_12447,person
user_12448,person
user_12449,person
user_12450,person
user_12451,person
user_12452,person
user_12453,person
user_12454,person
user_12455,person
user_12456,person
user_12457,person
user_12458,person
user_12459,person
user_12460,person
user_12461,person
user_12462,person
user_12463,person
user_12464,person
user_12465,person
user_12466,person
user_12467,person
user_12468,person
user_12469,person
user_12470,person
user_12471,person
user_12472,person
user_12473,person
user_12474,person
user_12475,person
user_12476,person
user_12477,person
user_12478,person
user_12479,person
user_12480,person
user_12481,person
user_12482,person
user_12483,person
user_12484,person
user_12485,person
user_12486,person
user_12487,person
user_12488,person
user_12489,person
user_12490,person
user_12491,person
user_12492,person
user_12493,person
user_12494,person
user_12495,person
user_12496,person
user_12497,person
user_12498,person
user_12499,person
user_12500,person
user_12501,person
user_12502,person
user_12503,person
user_12504,person
user_12505,person
user_12506,person
user_12507,person
user_12508,person
user_12509,person
user_12510,person
user_12511,person
user_12512,person
user_12513,person
user_12514,person
user_12515,person
user_12516,person
user_12517,person
user_12518,person
user_12519,person
user_12520,person
user_12521,person
user_12522,person
user_12523,person
user_12524,person
user_12525,person
user_12526,person
user_12527,person
user_12528,person
user_12529,person
user_12530,person
user_12531,person
user_12532,person
user_12533,person
user_12534,person
user_12535,person
user_12536,person
user_12537,person
user_12538,person
user_12539,person
user_12540,person
user_12541,person
user_12542,person
user_12543,person
user_12544,person
user_12545,person
user_12546,person
user_12547,person
user_12548,person
user_12549,person
user_12550,person
user_12551,person
user_12552,person
user_12553,person
user_12554,person
user_12555,person
user_12556,person
user_12557,person
user_12558,person
user_12559,person
user_12560,person
user_12561,person
user_12562,person
user_12563,person
user_12564,person
user_12565,person
user_12566,person
user_12567,person
user_12568,person
user_12569,person
user_12570,person
user_12571,person
user_12572,person
user_12573,person
user_12574,person
user_12575,person
user_12576,person
user_12577,person
user_12578,person
user_12579,person
user_12580,person
user_12581,person
user_12582,person
user_12583,person
user_12584,person
user_12585,person
user_12586,person
user_12587,person
user_12588,person
user_12589,person
user_12590,person
user_12591,person
user_12592,person
user_12593,person
user_12594,person
user_12595,person
user_12596,person
user_12597,person
user_12598,person
user_12599,person
user_12600,person
user_12601,person
user_12602,person
user_12603,person
user_12604,person
user_12605,person
user_12606,person
user_12607,person
user_12608,person
user_12609,person
user_12610,person
user_12611,person
user_12612,person
user_12613,person
user_12614,person
user_12615,person
user_12616,person
user_12617,person
user_12618,person
user_12619,person
user_12620,person
user_12621,person
user_12622,person
user_12623,person
user_12624,person
user_12625,person
user_12626,person
user_12627,person
user_12628,person
user_12629,person
user_12630,person
user_12631,person
user_12632,person
user_12633,person
user_12634,person
user_12635,person
user_12636,person
user_12637,person
user_12638,person
user_12639,person
user_12640,person
user_12641,person
user_12642,person
user_12643,person
user_12644,person
user_12645,person
user_12646,person
user_12647,person
user_12648,person
user_12649,person
user_12650,person
user_12651,person
user_12652,person
user_12653,person
user_12654,person
user_12655,person
user_12656,person
user_12657,person
user_12658,person
user_12659,person
user_12660,person
user_12661,person
user_12662,person
user_12663,person
user_12664,person
user_12665,person
user_12666,person
user_12667,person
user_12668,person
user_12669,person
user_12670,person
user_12671,person
user_12672,person
user_12673,person
user_12674,person
user_12675,person
user_12676,person
user_12677,person
user_12678,person
user_12679,person
user_12680,person
user_12681,person
user_12682,person
user_12683,person
user_12684,person
user_12685,person
user_12686,person
user_12687,person
user_12688,person
user_12689,person
user_12690,person
user_12691,person
user_12692,person
user_12693,person
user_12694,person
user_12695,person
user_12696,person
user_12697,person
user_12698,person
user_12699,person
user_12700,person
user_12701,person
user_12702,person
user_12703,person
user_12704,person
user_12705,person
user_12706,person
user_12707,person
user_12708,person
user_12709,person
user_12710,person
user_12711,person
user_12712,person
user_12713,person
user_12714,person
user_12715,person
user_12716,person
user_12717,person
user_12718,person
user_12719,person
user_12720,person
user_12721,person
user_12722,person
user_12723,person
user_12724,person
user_12725,person
user_12726,person
user_12727,person
user_12728,person
user_12729,person
user_12730,person
user_12731,person
user_12732,person
user_12733,person
user_12734,person
user_12735,person
user_12736,person
user_12737,person
user_12738,person
user_12739,person
user_12740,person
user_12741,person
user_12742,person
user_12743,person
user_12744,person
user_12745,person
user_12746,person
user_12747,person
user_12748,person
user_12749,person
user_12750,person
user_12751,person
user_12752,person
user_12753,person
user_12754,person
user_12755,person
user_12756,person
user_12757,person
user_12758,person
user_12759,person
user_12760,person
user_12761,person
user_12762,person
user_12763,person
user_12764,person
user_12765,person
user_12766,person
user_12767,person
user_12768,person
user_12769,person
user_12770,person
user_12771,person
user_12772,person
user_12773,person
user_12774,person
user_12775,person
user_12776,person
user_12777,person
user_12778,person
user_12779,person
user_12780,person
user_12781,person
user_12782,person
user_12783,person
user_12784,person
user_12785,person
user_12786,person
user_12787,person
user_12788,person
user_12789,person
user_12790,person
user_12791,person
user_12792,person
user_12793,person
user_12794,person
user_12795,person
user_12796,person
user_12797,person
user_12798,person
user_12799,person
user_12800,person
user_12801,person
user_12802,person
user_12803,person
user_12804,person
user_12805,person
user_12806,person
user_12807,person
user_12808,person
user_12809,person
user_12810,person
user_12811,person
user_12812,person
user_12813,person
user_12814,person
user_12815,person
user_12816,person
user_12817,person
user_12818,person
user_12819,person
user_12820,person
user_12821,person
user_12822,person
user_12823,person
user_12824,person
user_12825,person
user_12826,person
user_12827,person
user_12828,person
user_12829,person
user_12830,person
user_12831,person
user_12832,person
user_12833,person
user_12834,person
user_12835,person
user_12836,person
user_12837,person
user_12838,person
user_12839,person
user_12840,person
user_12841,person
user_12842,person
user_12843,person
user_12844,person
user_12845,person
user_12846,person
user_12847,person
user_12848,person
user_12849,person
user_12850,person
user_12851,person
user_12852,person
user_12853,person
user_12854,person
user_12855,person
user_12856,person
user_12857,person
user_12858,person
user_12859,person
user_12860,person
user_12861,person
user_12862,person
user_12863,person
user_12864,person
user_12865,person
user_12866,person
user_12867,person
user_12868,person
user_12869,person
user_12870,person
user_12871,person
user_12872,person
user_12873,person
user_12874,person
user_12875,person
user_12876,person
user_12877,person
user_12878,person
user_12879,person
user_12880,person
user_12881,person
user_12882,person
user_12883,person
user_12884,person
user_12885,person
user_12886,person
user_12887,person
user_12888,person
user_12889,person
user_12890,person
user_12891,person
user_12892,person
user_12893,person
user_12894,person
user_12895,person
user_12896,person
user_12897,person
user_12898,person
user_12899,person
user_12900,person
user_12901,person
user_12902,person
user_12903,person
user_12904,person
user_12905,person
user_12906,person
user_12907,person
user_12908,person
user_12909,person
user_12910,person
user_12911,person
user_12912,person
user_12913,person
user_12914,person
user_12915,person
user_12916,person
user_12917,person
user_12918,person
user_12919,person
user_12920,person
user_12921,person
user_12922,person
user_12923,person
user_12924,person
user_12925,person
user_12926,person
user_12927,person
user_12928,person
user_12929,person
user_12930,person
user_12931,person
user_12932,person
user_12933,person
user_12934,person
user_12935,person
user_12936,person
user_12937,person
user_12938,person
user_12939,person
user_12940,person
user_12941,person
user_12942,person
user_12943,person
user_12944,person
user_12945,person
user_12946,person
user_12947,person
user_12948,person
user_12949,person
user_12950,person
user_12951,person
user_12952,person
user_12953,person
user_12954,person
user_12955,person
user_12956,person
user_12957,person
user_12958,person
user_12959,person
user_12960,person
user_12961,person
user_12962,person
user_12963,person
user_12964,person
user_12965,person
user_12966,person
user_12967,person
user_12968,person
user_12969,person
user_12970,person
user_12971,person
user_12972,person
user_12973,person
user_12974,person
user_12975,person
user_12976,person
user_12977,person
user_12978,person
user_12979,person
user_12980,person
user_12981,person
user_12982,person
user_12983,person
user_12984,person
user_12985,person
user_12986,person
user_12987,person
user_12988,person
user_12989,person
user_12990,person
user_12991,person
user_12992,person
user_12993,person
user_12994,person
user_12995,person
user_12996,person
user_12997,person
user_12998,person
user_12999,person
user_13000,person
user_13001,person
user_13002,person
user_13003,person
user_13004,person
user_13005,person
user_13006,person
user_13007,person
user_13008,person
user_13009,person
user_13010,person
user_13011,person
user_13012,person
user_13013,person
user_13014,person
user_13015,person
user_13016,person
user_13017,person
user_13018,person
user_13019,person
user_13020,person
user_13021,person
user_13022,person
user_13023,person
user_13024,person
user_13025,person
user_13026,person
user_13027,person
user_13028,person
user_13029,person
user_13030,person
user_13031,person
user_13032,person
user_13033,person
user_13034,person
user_13035,person
user_13036,person
user_13037,person
user_13038,person
user_13039,person
user_13040,person
user_13041,person
user_13042,person
user_13043,person
user_13044,person
user_13045,person
user_13046,person
user_13047,person
user_13048,person
user_13049,person
user_13050,person
user_13051,person
user_13052,person
user_13053,person
user_13054,person
user_13055,person
user_13056,person
user_13057,person
user_13058,person
user_13059,person
user_13060,person
user_13061,person
user_13062,person
user_13063,person
user_13064,person
user_13065,person
user_13066,person
user_13067,person
user_13068,person
user_13069,person
user_13070,person
user_13071,person
user_13072,person
user_13073,person
user_13074,person
user_13075,person
user_13076,person
user_13077,person
user_13078,person
user_13079,person
user_13080,person
user_13081,person
user_13082,person
user_13083,person
user_13084,person
user_13085,person
user_13086,person
user_13087,person
user_13088,person
user_13089,person
user_13090,person
user_13091,person
user_13092,person
user_13093,person
user_13094,person
user_13095,person
user_13096,person
user_13097,person
user_13098,person
user_13099,person
user_13100,person
user_13101,person
user_13102,person
user_13103,person
user_13104,person
user_13105,person
user_13106,person
user_13107,person
user_13108,person
user_13109,person
user_13110,person
user_13111,person
user_13112,person
user_13113,person
user_13114,person
user_13115,person
user_13116,person
user_13117,person
user_13118,person
user_13119,person
user_13120,person
user_13121,person
user_13122,person
user_13123,person
user_13124,person
user_13125,person
user_13126,person
user_13127,person
user_13128,person
user_13129,person
user_13130,person
user_13131,person
user_13132,person
user_13133,person
user_13134,person
user_13135,person
user_13136,person
user_13137,person
user_13138,person
user_13139,person
user_13140,person
user_13141,person
user_13142,person
user_13143,person
user_13144,person
user_13145,person
user_13146,person
user_13147,person
user_13148,person
user_13149,person
user_13150,person
user_13151,person
user_13152,person
user_13153,person
user_13154,person
user_13155,person
user_13156,person
user_13157,person
user_13158,person
user_13159,person
user_13160,person
user_13161,person
user_13162,person
user_13163,person
user_13164,person
user_13165,person
user_13166,person
user_13167,person
user_13168,person
user_13169,person
user_13170,person
user_13171,person
user_13172,person
user_13173,person
user_13174,person
user_13175,person
user_13176,person
user_13177,person
user_13178,person
user_13179,person
user_13180,person
user_13181,person
user_13182,person
user_13183,person
user_13184,person
user_13185,person
user_13186,person
user_13187,person
user_13188,person
user_13189,person
user_13190,person
user_13191,person
user_13192,person
user_13193,person
user_13194,person
user_13195,person
user_13196,person
user_13197,person
user_13198,person
user_13199,person
user_13200,person
user_13201,person
user_13202,person
user_13203,person
user_13204,person
user_13205,person
user_13206,person
user_13207,person
user_13208,person
user_13209,person
user_13210,person
user_13211,person
user_13212,person
user_13213,person
user_13214,person
user_13215,person
user_13216,person
user_13217,person
user_13218,person
user_13219,person
user_13220,person
user_13221,person
user_13222,person
user_13223,person
user_13224,person
user_13225,person
user_13226,person
user_13227,person
user_13228,person
user_13229,person
user_13230,person
user_13231,person
user_13232,person
user_13233,person
user_13234,person
user_13235,person
user_13236,person
user_13237,person
user_13238,person
user_13239,person
user_13240,person
user_13241,person
user_13242,person
user_13243,person
user_13244,person
user_13245,person
user_13246,person
user_13247,person
user_13248,person
user_13249,person
user_13250,person
user_13251,person
user_13252,person
user_13253,person
user_13254,person
user_13255,person
user_13256,person
user_13257,person
user_13258,person
user_13259,person
user_13260,person
user_13261,person
user_13262,person
user_13263,person
user_13264,person
user_13265,person
user_13266,person
user_13267,person
user_13268,person
user_13269,person
user_13270,person
user_13271,person
user_13272,person
user_13273,person
user_13274,person
user_13275,person
user_13276,person
user_13277,person
user_13278,person
user_13279,person
user_13280,person
user_13281,person
user_13282,person
user_13283,person
user_13284,person
user_13285,person
user_13286,person
user_13287,person
user_13288,person
user_13289,person
user_13290,person
user_13291,person
user_13292,person
user_13293,person
user_13294,person
user_13295,person
user_13296,person
user_13297,person
user_13298,person
user_13299,person
user_13300,person
user_13301,person
user_13302,person
user_13303,person
user_13304,person
user_13305,person
user_13306,person
user_13307,person
user_13308,person
user_13309,person
user_13310,person
user_13311,person
user_13312,person
user_13313,person
user_13314,person
user_13315,person
user_13316,person
user_13317,person
user_13318,person
user_13319,person
user_13320,person
user_13321,person
user_13322,person
user_13323,person
user_13324,person
user_13325,person
user_13326,person
user_13327,person
user_13328,person
user_13329,person
user_13330,person
user_13331,person
user_13332,person
user_13333,person
user_13334,person
user_13335,person
user_13336,person
user_13337,person
user_13338,person
user_13339,person
user_13340,person
user_13341,person
user_13342,person
user_13343,person
user_13344,person
user_13345,person
user_13346,person
user_13347,person
user_13348,person
user_13349,person
user_13350,person
user_13351,person
user_13352,person
user_13353,person
user_13354,person
user_13355,person
user_13356,person
user_13357,person
user_13358,person
user_13359,person
user_13360,person
user_13361,person
user_13362,person
user_13363,person
user_13364,person
user_13365,person
user_13366,person
user_13367,person
user_13368,person
user_13369,person
user_13370,person
user_13371,person
user_13372,person
user_13373,person
user_13374,person
user_13375,person
user_13376,person
user_13377,person
user_13378,person
user_13379,person
user_13380,person
user_13381,person
user_13382,person
user_13383,person
user_13384,person
user_13385,person
user_13386,person
user_13387,person
user_13388,person
user_13389,person
user_13390,person
user_13391,person
user_13392,person
user_13393,person
user_13394,person
user_13395,person
user_13396,person
user_13397,person
user_13398,person
user_13399,person
user_13400,person
user_13401,person
user_13402,person
user_13403,person
user_13404,person
user_13405,person
user_13406,person
user_13407,person
user_13408,person
user_13409,person
user_13410,person
user_13411,person
user_13412,person
user_13413,person
user_13414,person
user_13415,person
user_13416,person
user_13417,person
user_13418,person
user_13419,person
user_13420,person
user_13421,person
user_13422,person
user_13423,person
user_13424,person
user_13425,person
user_13426,person
user_13427,person
user_13428,person
user_13429,person
user_13430,person
user_13431,person
user_13432,person
user_13433,person
user_13434,person
user_13435,person
user_13436,person
user_13437,person
user_13438,person
user_13439,person
user_13440,person
user_13441,person
user_13442,person
user_13443,person
user_13444,person
user_13445,person
user_13446,person
user_13447,person
user_13448,person
user_13449,person
user_13450,person
user_13451,person
user_13452,person
user_13453,person
user_13454,person
user_13455,person
user_13456,person
user_13457,person
user_13458,person
user_13459,person
user_13460,person
user_13461,person
user_13462,person
user_13463,person
user_13464,person
user_13465,person
user_13466,person
user_13467,person
user_13468,person
user_13469,person
user_13470,person
user_13471,person
user_13472,person
user_13473,person
user_13474,person
user_13475,person
user_13476,person
user_13477,person
user_13478,person
user_13479,person
user_13480,person
user_13481,person
user_13482,person
user_13483,person
user_13484,person
user_13485,person
user_13486,person
user_13487,person
user_13488,person
user_13489,person
user_13490,person
user_13491,person
user_13492,person
user_13493,person
user_13494,person
user_13495,person
user_13496,person
user_13497,person
user_13498,person
user_13499,person
user_13500,person
user_13501,person
user_13502,person
user_13503,person
user_13504,person
user_13505,person
user_13506,person
user_13507,person
user_13508,person
user_13509,person
user_13510,person
user_13511,person
user_13512,person
user_13513,person
user_13514,person
user_13515,person
user_13516,person
user_13517,person
user_13518,person
user_13519,person
user_13520,person
user_13521,person
user_13522,person
user_13523,person
user_13524,person
user_13525,person
user_13526,person
user_13527,person
user_13528,person
user_13529,person
user_13530,person
user_13531,person
user_13532,person
user_13533,person
user_13534,person
user_13535,person
user_13536,person
user_13537,person
user_13538,person
user_13539,person
user_13540,person
user_13541,person
user_13542,person
user_13543,person
user_13544,person
user_13545,person
user_13546,person
user_13547,person
user_13548,person
user_13549,person
user_13550,person
user_13551,person
user_13552,person
user_13553,person
user_13554,person
user_13555,person
user_13556,person
user_13557,person
user_13558,person
user_13559,person
user_13560,person
user_13561,person
user_13562,person
user_13563,person
user_13564,person
user_13565,person
user_13566,person
user_13567,person
user_13568,person
user_13569,person
user_13570,person
user_13571,person
user_13572,person
user_13573,person
user_13574,person
user_13575,person
user_13576,person
user_13577,person
user_13578,person
user_13579,person
user_13580,person
user_13581,person
user_13582,person
user_13583,person
user_13584,person
user_13585,person
user_13586,person
user_13587,person
user_13588,person
user_13589,person
user_13590,person
user_13591,person
user_13592,person
user_13593,person
user_13594,person
user_13595,person
user_13596,person
user_13597,person
user_13598,person
user_13599,person
user_13600,person
user_13601,person
user_13602,person
user_13603,person
user_13604,person
user_13605,person
user_13606,person
user_13607,person
user_13608,person
user_13609,person
user_13610,person
user_13611,person
user_13612,person
user_13613,person
user_13614,person
user_13615,person
user_13616,person
user_13617,person
user_13618,person
user_13619,person
user_13620,person
user_13621,person
user_13622,person
user_13623,person
user_13624,person
user_13625,person
user_13626,person
user_13627,person
user_13628,person
user_13629,person
user_13630,person
user_13631,person
user_13632,person
user_13633,person
user_13634,person
user_13635,person
user_13636,person
user_13637,person
user_13638,person
user_13639,person
user_13640,person
user_13641,person
user_13642,person
user_13643,person
user_13644,person
user_13645,person
user_13646,person
user_13647,person
user_13648,person
user_13649,person
user_13650,person
user_13651,person
user_13652,person
user_13653,person
user_13654,person
user_13655,person
user_13656,person
user_13657,person
user_13658,person
user_13659,person
user_13660,person
user_13661,person
user_13662,person
user_13663,person
user_13664,person
user_13665,person
user_13666,person
user_13667,person
user_13668,person
user_13669,person
user_13670,person
user_13671,person
user_13672,person
user_13673,person
user_13674,person
user_13675,person
user_13676,person
user_13677,person
user_13678,person
user_13679,person
user_13680,person
user_13681,person
user_13682,person
user_13683,person
user_13684,person
user_13685,person
user_13686,person
user_13687,person
user_13688,person
user_13689,person
user_13690,person
user_13691,person
user_13692,person
user_13693,person
user_13694,person
user_13695,person
user_13696,person
user_13697,person
user_13698,person
user_13699,person
user_13700,person
user_13701,person
user_13702,person
user_13703,person
user_13704,person
user_13705,person
user_13706,person
user_13707,person
user_13708,person
user_13709,person
user_13710,person
user_13711,person
user_13712,person
user_13713,person
user_13714,person
user_13715,person
user_13716,person
user_13717,person
user_13718,person
user_13719,person
user_13720,person
user_13721,person
user_13722,person
user_13723,person
user_13724,person
user_13725,person
user_13726,person
user_13727,person
user_13728,person
user_13729,person
user_13730,person
user_13731,person
user_13732,person
user_13733,person
user_13734,person
user_13735,person
user_13736,person
user_13737,person
user_13738,person
user_13739,person
user_13740,person
user_13741,person
user_13742,person
user_13743,person
user_13744,person
user_13745,person
user_13746,person
user_13747,person
user_13748,person
user_13749,person
user_13750,person
user_13751,person
user_13752,person
user_13753,person
user_13754,person
user_13755,person
user_13756,person
user_13757,person
user_13758,person
user_13759,person
user_13760,person
user_13761,person
user_13762,person
user_13763,person
user_13764,person
user_13765,person
user_13766,person
user_13767,person
user_13768,person
user_13769,person
user_13770,person
user_13771,person
user_13772,person
user_13773,person
user_13774,person
user_13775,person
user_13776,person
user_13777,person
user_13778,person
user_13779,person
user_13780,person
user_13781,person
user_13782,person
user_13783,person
user_13784,person
user_13785,person
user_13786,person
user_13787,person
user_13788,person
user_13789,person
user_13790,person
user_13791,person
user_13792,person
user_13793,person
user_13794,person
user_13795,person
user_13796,person
user_13797,person
user_13798,person
user_13799,person
user_13800,person
user_13801,person
user_13802,person
user_13803,person
user_13804,person
user_13805,person
user_13806,person
user_13807,person
user_13808,person
user_13809,person
user_13810,person
user_13811,person
user_13812,person
user_13813,person
user_13814,person
user_13815,person
user_13816,person
user_13817,person
user_13818,person
user_13819,person
user_13820,person
user_13821,person
user_13822,person
user_13823,person
user_13824,person
user_13825,person
user_13826,person
user_13827,person
user_13828,person
user_13829,person
user_13830,person
user_13831,person
user_13832,person
user_13833,person
user_13834,person
user_13835,person
user_13836,person
user_13837,person
user_13838,person
user_13839,person
user_13840,person
user_13841,person
user_13842,person
user_13843,person
user_13844,person
user_13845,person
user_13846,person
user_13847,person
user_13848,person
user_13849,person
user_13850,person
user_13851,person
user_13852,person
user_13853,person
user_13854,person
user_13855,person
user_13856,person
user_13857,person
user_13858,person
user_13859,person
user_13860,person
user_13861,person
user_13862,person
user_13863,person
user_13864,person
user_13865,person
user_13866,person
user_13867,person
user_13868,person
user_13869,person
user_13870,person
user_13871,person
user_13872,person
user_13873,person
user_13874,person
user_13875,person
user_13876,person
user_13877,person
user_13878,person
user_13879,person
user_13880,person
user_13881,person
user_13882,person
user_13883,person
user_13884,person
user_13885,person
user_13886,person
user_13887,person
user_13888,person
user_13889,person
user_13890,person
user_13891,person
user_13892,person
user_13893,person
user_13894,person
user_13895,person
user_13896,person
user_13897,person
user_13898,person
user_13899,person
user_13900,person
user_13901,person
user_13902,person
user_13903,person
user_13904,person
user_13905,person
user_13906,person
user_13907,person
user_13908,person
user_13909,person
user_13910,person
user_13911,person
user_13912,person
user_13913,person
user_13914,person
user_13915,person
user_13916,person
user_13917,person
user_13918,person
user_13919,person
user_13920,person
user_13921,person
user_13922,person
user_13923,person
user_13924,person
user_13925,person
user_13926,person
user_13927,person
user_13928,person
user_13929,person
user_13930,person
user_13931,person
user_13932,person
user_13933,person
user_13934,person
user_13935,person
user_13936,person
user_13937,person
user_13938,person
user_13939,person
user_13940,person
user_13941,person
user_13942,person
user_13943,person
user_13944,person
user_13945,person
user_13946,person
user_13947,person
user_13948,person
user_13949,person
user_13950,person
user_13951,person
user_13952,person
user_13953,person
user_13954,person
user_13955,person
user_13956,person
user_13957,person
user_13958,person
user_13959,person
user_13960,person
user_13961,person
user_13962,person
user_13963,person
user_13964,person
user_13965,person
user_13966,person
user_13967,person
user_13968,person
user_13969,person
user_13970,person
user_13971,person
user_13972,person
user_13973,person
user_13974,person
user_13975,person
user_13976,person
user_13977,person
user_13978,person
user_13979,person
user_13980,person
user_13981,person
user_13982,person
user_13983,person
user_13984,person
user_13985,person
user_13986,person
user_13987,person
user_13988,person
user_13989,person
user_13990,person
user_13991,person
user_13992,person
user_13993,person
user_13994,person
user_13995,person
user_13996,person
user_13997,person
user_13998,person
user_13999,person
user_14000,person
user_14001,person
user_14002,person
user_14003,person
user_14004,person
user_14005,person
user_14006,person
user_14007,person
user_14008,person
user_14009,person
user_14010,person
user_14011,person
user_14012,person
user_14013,person
user_14014,person
user_14015,person
user_14016,person
user_14017,person
user_14018,person
user_14019,person
user_14020,person
user_14021,person
user_14022,person
user_14023,person
user_14024,person
user_14025,person
user_14026,person
user_14027,person
user_14028,person
user_14029,person
user_14030,person
user_14031,person
user_14032,person
user_14033,person
user_14034,person
user_14035,person
user_14036,person
user_14037,person
user_14038,person
user_14039,person
user_14040,person
user_14041,person
user_14042,person
user_14043,person
user_14044,person
user_14045,person
user_14046,person
user_14047,person
user_14048,person
user_14049,person
user_14050,person
user_14051,person
user_14052,person
user_14053,person
user_14054,person
user_14055,person
user_14056,person
user_14057,person
user_14058,person
user_14059,person
user_14060,person
user_14061,person
user_14062,person
user_14063,person
user_14064,person
user_14065,person
user_14066,person
user_14067,person
user_14068,person
user_14069,person
user_14070,person
user_14071,person
user_14072,person
user_14073,person
user_14074,person
user_14075,person
user_14076,person
user_14077,person
user_14078,person
user_14079,person
user_14080,person
user_14081,person
user_14082,person
user_14083,person
user_14084,person
user_14085,person
user_14086,person
user_14087,person
user_14088,person
user_14089,person
user_14090,person
user_14091,person
user_14092,person
user_14093,person
user_14094,person
user_14095,person
user_14096,person
user_14097,person
user_14098,person
user_14099,person
user_14100,person
user_14101,person
user_14102,person
user_14103,person
user_14104,person
user_14105,person
user_14106,person
user_14107,person
user_14108,person
user_14109,person
user_14110,person
user_14111,person
user_14112,person
user_14113,person
user_14114,person
user_14115,person
user_14116,person
user_14117,person
user_14118,person
user_14119,person
user_14120,person
user_14121,person
user_14122,person
user_14123,person
user_14124,person
user_14125,person
user_14126,person
user_14127,person
user_14128,person
user_14129,person
user_14130,person
user_14131,person
user_14132,person
user_14133,person
user_14134,person
user_14135,person
user_14136,person
user_14137,person
user_14138,person
user_14139,person
user_14140,person
user_14141,person
user_14142,person
user_14143,person
user_14144,person
user_14145,person
user_14146,person
user_14147,person
user_14148,person
user_14149,person
user_14150,person
user_14151,person
user_14152,person
user_14153,person
user_14154,person
user_14155,person
user_14156,person
user_14157,person
user_14158,person
user_14159,person
user_14160,person
user_14161,person
user_14162,person
user_14163,person
user_14164,person
user_14165,person
user_14166,person
user_14167,person
user_14168,person
user_14169,person
user_14170,person
user_14171,person
user_14172,person
user_14173,person
user_14174,person
user_14175,person
user_14176,person
user_14177,person
user_14178,person
user_14179,person
user_14180,person
user_14181,person
user_14182,person
user_14183,person
user_14184,person
user_14185,person
user_14186,person
user_14187,person
user_14188,person
user_14189,person
user_14190,person
user_14191,person
user_14192,person
user_14193,person
user_14194,person
user_14195,person
user_14196,person
user_14197,person
user_14198,person
user_14199,person
user_14200,person
user_14201,person
user_14202,person
user_14203,person
user_14204,person
user_14205,person
user_14206,person
user_14207,person
user_14208,person
user_14209,person
user_14210,person
user_14211,person
user_14212,person
user_14213,person
user_14214,person
user_14215,person
user_14216,person
user_14217,person
user_14218,person
user_14219,person
user_14220,person
user_14221,person
user_14222,person
user_14223,person
user_14224,person
user_14225,person
user_14226,person
user_14227,person
user_14228,person
user_14229,person
user_14230,person
user_14231,person
user_14232,person
user_14233,person
user_14234,person
user_14235,person
user_14236,person
user_14237,person
user_14238,person
user_14239,person
user_14240,person
user_14241,person
user_14242,person
user_14243,person
user_14244,person
user_14245,person
user_14246,person
user_14247,person
user_14248,person
user_14249,person
user_14250,person
user_14251,person
user_14252,person
user_14253,person
user_14254,person
user_14255,person
user_14256,person
user_14257,person
user_14258,person
user_14259,person
user_14260,person
user_14261,person
user_14262,person
user_14263,person
user_14264,person
user_14265,person
user_14266,person
user_14267,person
user_14268,person
user_14269,person
user_14270,person
user_14271,person
user_14272,person
user_14273,person
user_14274,person
user_14275,person
user_14276,person
user_14277,person
user_14278,person
user_14279,person
user_14280,person
user_14281,person
user_14282,person
user_14283,person
user_14284,person
user_14285,person
user_14286,person
user_14287,person
user_14288,person
user_14289,person
user_14290,person
user_14291,person
user_14292,person
user_14293,person
user_14294,person
user_14295,person
user_14296,person
user_14297,person
user_14298,person
user_14299,person
user_14300,person
user_14301,person
user_14302,person
user_14303,person
user_14304,person
user_14305,person
user_14306,person
user_14307,person
user_14308,person
user_14309,person
user_14310,person
user_14311,person
user_14312,person
user_14313,person
user_14314,person
user_14315,person
user_14316,person
user_14317,person
user_14318,person
user_14319,person
user_14320,person
user_14321,person
user_14322,person
user_14323,person
user_14324,person
user_14325,person
user_14326,person
user_14327,person
user_14328,person
user_14329,person
user_14330,person
user_14331,person
user_14332,person
user_14333,person
user_14334,person
user_14335,person
user_14336,person
user_14337,person
user_14338,person
user_14339,person
user_14340,person
user_14341,person
user_14342,person
user_14343,person
user_14344,person
user_14345,person
user_14346,person
user_14347,person
user_14348,person
user_14349,person
user_14350,person
user_14351,person
user_14352,person
user_14353,person
user_14354,person
user_14355,person
user_14356,person
user_14357,person
user_14358,person
user_14359,person
user_14360,person
user_14361,person
user_14362,person
user_14363,person
user_14364,person
user_14365,person
user_14366,person
user_14367,person
user_14368,person
user_14369,person
user_14370,person
user_14371,person
user_14372,person
user_14373,person
user_14374,person
user_14375,person
user_14376,person
user_14377,person
user_14378,person
user_14379,person
user_14380,person
user_14381,person
user_14382,person
user_14383,person
user_14384,person
user_14385,person
user_14386,person
user_14387,person
user_14388,person
user_14389,person
user_14390,person
user_14391,person
user_14392,person
user_14393,person
user_14394,person
user_14395,person
user_14396,person
user_14397,person
user_14398,person
user_14399,person
user_14400,person
user_14401,person
user_14402,person
user_14403,person
user_14404,person
user_14405,person
user_14406,person
user_14407,person
user_14408,person
user_14409,person
user_14410,person
user_14411,person
user_14412,person
user_14413,person
user_14414,person
user_14415,person
user_14416,person
user_14417,person
user_14418,person
user_14419,person
user_14420,person
user_14421,person
user_14422,person
user_14423,person
user_14424,person
user_14425,person
user_14426,person
user_14427,person
user_14428,person
user_14429,person
user_14430,person
user_14431,person
user_14432,person
user_14433,person
user_14434,person
user_14435,person
user_14436,person
user_14437,person
user_14438,person
user_14439,person
user_14440,person
user_14441,person
user_14442,person
user_14443,person
user_14444,person
user_14445,person
user_14446,person
user_14447,person
user_14448,person
user_14449,person
user_14450,person
user_14451,person
user_14452,person
user_14453,person
user_14454,person
user_14455,person
user_14456,person
user_14457,person
user_14458,person
user_14459,person
user_14460,person
user_14461,person
user_14462,person
user_14463,person
user_14464,person
user_14465,person
user_14466,person
user_14467,person
user_14468,person
user_14469,person
user_14470,person
user_14471,person
user_14472,person
user_14473,person
user_14474,person
user_14475,person
user_14476,person
user_14477,person
user_14478,person
user_14479,person
user_14480,person
user_14481,person
user_14482,person
user_14483,person
user_14484,person
user_14485,person
user_14486,person
user_14487,person
user_14488,person
user_14489,person
user_14490,person
user_14491,person
user_14492,person
user_14493,person
user_14494,person
user_14495,person
user_14496,person
user_14497,person
user_14498,person
user_14499,person
user_14500,person
user_14501,person
user_14502,person
user_14503,person
user_14504,person
user_14505,person
user_14506,person
user_14507,person
user_14508,person
user_14509,person
user_14510,person
user_14511,person
user_14512,person
user_14513,person
user_14514,person
user_14515,person
user_14516,person
user_14517,person
user_14518,person
user_14519,person
user_14520,person
user_14521,person
user_14522,person
user_14523,person
user_14524,person
user_14525,person
user_14526,person
user_14527,person
user_14528,person
user_14529,person
user_14530,person
user_14531,person
user_14532,person
user_14533,person
user_14534,person
user_14535,person
user_14536,person
user_14537,person
user_14538,person
user_14539,person
user_14540,person
user_14541,person
user_14542,person
user_14543,person
user_14544,person
user_14545,person
user_14546,person
user_14547,person
user_14548,person
user_14549,person
user_14550,person
user_14551,person
user_14552,person
user_14553,person
user_14554,person
user_14555,person
user_14556,person
user_14557,person
user_14558,person
user_14559,person
user_14560,person
user_14561,person
user_14562,person
user_14563,person
user_14564,person
user_14565,person
user_14566,person
user_14567,person
user_14568,person
user_14569,person
user_14570,person
user_14571,person
user_14572,person
user_14573,person
user_14574,person
user_14575,person
user_14576,person
user_14577,person
user_14578,person
user_14579,person
user_14580,person
user_14581,person
user_14582,person
user_14583,person
user_14584,person
user_14585,person
user_14586,person
user_14587,person
user_14588,person
user_14589,person
user_14590,person
user_14591,person
user_14592,person
user_14593,person
user_14594,person
user_14595,person
user_14596,person
user_14597,person
user_14598,person
user_14599,person
user_14600,person
user_14601,person
user_14602,person
user_14603,person
user_14604,person
user_14605,person
user_14606,person
user_14607,person
user_14608,person
user_14609,person
user_14610,person
user_14611,person
user_14612,person
user_14613,person
user_14614,person
user_14615,person
user_14616,person
user_14617,person
user_14618,person
user_14619,person
user_14620,person
user_14621,person
user_14622,person
user_14623,person
user_14624,person
user_14625,person
user_14626,person
user_14627,person
user_14628,person
user_14629,person
user_14630,person
user_14631,person
user_14632,person
user_14633,person
user_14634,person
user_14635,person
user_14636,person
user_14637,person
user_14638,person
user_14639,person
user_14640,person
user_14641,person
user_14642,person
user_14643,person
user_14644,person
user_14645,person
user_14646,person
user_14647,person
user_14648,person
user_14649,person
user_14650,person
user_14651,person
user_14652,person
user_14653,person
user_14654,person
user_14655,person
user_14656,person
user_14657,person
user_14658,person
user_14659,person
user_14660,person
user_14661,person
user_14662,person
user_14663,person
user_14664,person
user_14665,person
user_14666,person
user_14667,person
user_14668,person
user_14669,person
user_14670,person
user_14671,person
user_14672,person
user_14673,person
user_14674,person
user_14675,person
user_14676,person
user_14677,person
user_14678,person
user_14679,person
user_14680,person
user_14681,person
user_14682,person
user_14683,person
user_14684,person
user_14685,person
user_14686,person
user_14687,person
user_14688,person
user_14689,person
user_14690,person
user_14691,person
user_14692,person
user_14693,person
user_14694,person
user_14695,person
user_14696,person
user_14697,person
user_14698,person
user_14699,person
user_14700,person
user_14701,person
user_14702,person
user_14703,person
user_14704,person
user_14705,person
user_14706,person
user_14707,person
user_14708,person
user_14709,person
user_14710,person
user_14711,person
user_14712,person
user_14713,person
user_14714,person
user_14715,person
user_14716,person
user_14717,person
user_14718,person
user_14719,person
user_14720,person
user_14721,person
user_14722,person
user_14723,person
user_14724,person
user_14725,person
user_14726,person
user_14727,person
user_14728,person
user_14729,person
user_14730,person
user_14731,person
user_14732,person
user_14733,person
user_14734,person
user_14735,person
user_14736,person
user_14737,person
user_14738,person
user_14739,person
user_14740,person
user_14741,person
user_14742,person
user_14743,person
user_14744,person
user_14745,person
user_14746,person
user_14747,person
user_14748,person
user_14749,person
user_14750,person
user_14751,person
user_14752,person
user_14753,person
user_14754,person
user_14755,person
user_14756,person
user_14757,person
user_14758,person
user_14759,person
user_14760,person
user_14761,person
user_14762,person
user_14763,person
user_14764,person
user_14765,person
user_14766,person
user_14767,person
user_14768,person
user_14769,person
user_14770,person
user_14771,person
user_14772,person
user_14773,person
user_14774,person
user_14775,person
user_14776,person
user_14777,person
user_14778,person
user_14779,person
user_14780,person
user_14781,person
user_14782,person
user_14783,person
user_14784,person
user_14785,person
user_14786,person
user_14787,person
user_14788,person
user_14789,person
user_14790,person
user_14791,person
user_14792,person
user_14793,person
user_14794,person
user_14795,person
user_14796,person
user_14797,person
user_14798,person
user_14799,person
user_14800,person
user_14801,person
user_14802,person
user_14803,person
user_14804,person
user_14805,person
user_14806,person
user_14807,person
user_14808,person
user_14809,person
user_14810,person
user_14811,person
user_14812,person
user_14813,person
user_14814,person
user_14815,person
user_14816,person
user_14817,person
user_14818,person
user_14819,person
user_14820,person
user_14821,person
user_14822,person
user_14823,person
user_14824,person
user_14825,person
user_14826,person
user_14827,person
user_14828,person
user_14829,person
user_14830,person
user_14831,person
user_14832,person
user_14833,person
user_14834,person
user_14835,person
user_14836,person
user_14837,person
user_14838,person
user_14839,person
user_14840,person
user_14841,person
user_14842,person
user_14843,person
user_14844,person
user_14845,person
user_14846,person
user_14847,person
user_14848,person
user_14849,person
user_14850,person
user_14851,person
user_14852,person
user_14853,person
user_14854,person
user_14855,person
user_14856,person
user_14857,person
user_14858,person
user_14859,person
user_14860,person
user_14861,person
user_14862,person
user_14863,person
user_14864,person
user_14865,person
user_14866,person
user_14867,person
user_14868,person
user_14869,person
user_14870,person
user_14871,person
user_14872,person
user_14873,person
user_14874,person
user_14875,person
user_14876,person
user_14877,person
user_14878,person
user_14879,person
user_14880,person
user_14881,person
user_14882,person
user_14883,person
user_14884,person
user_14885,person
user_14886,person
user_14887,person
user_14888,person
user_14889,person
user_14890,person
user_14891,person
user_14892,person
user_14893,person
user_14894,person
user_14895,person
user_14896,person
user_14897,person
user_14898,person
user_14899,person
user_14900,person
user_14901,person
user_14902,person
user_14903,person
user_14904,person
user_14905,person
user_14906,person
user_14907,person
user_14908,person
user_14909,person
user_14910,person
user_14911,person
user_14912,person
user_14913,person
user_14914,person
user_14915,person
user_14916,person
user_14917,person
user_14918,person
user_14919,person
user_14920,person
user_14921,person
user_14922,person
user_14923,person
user_14924,person
user_14925,person
user_14926,person
user_14927,person
user_14928,person
user_14929,person
user_14930,person
user_14931,person
user_14932,person
user_14933,person
user_14934,person
user_14935,person
user_14936,person
user_14937,person
user_14938,person
user_14939,person
user_14940,person
user_14941,person
user_14942,person
user_14943,person
user_14944,person
user_14945,person
user_14946,person
user_14947,person
user_14948,person
user_14949,person
user_14950,person
user_14951,person
user_14952,person
user_14953,person
user_14954,person
user_14955,person
user_14956,person
user_14957,person
user_14958,person
user_14959,person
user_14960,person
user_14961,person
user_14962,person
user_14963,person
user_14964,person
user_14965,person
user_14966,person
user_14967,person
user_14968,person
user_14969,person
user_14970,person
user_14971,person
user_14972,person
user_14973,person
user_14974,person
user_14975,person
user_14976,person
user_14977,person
user_14978,person
user_14979,person
user_14980,person
user_14981,person
user_14982,person
user_14983,person
user_14984,person
user_14985,person
user_14986,person
user_14987,person
user_14988,person
user_14989,person
user_14990,person
user_14991,person
user_14992,person
user_14993,person
user_14994,person
user_14995,person
user_14996,person
user_14997,person
user_14998,person
user_14999,person
user_15000,person
user_15001,person
user_15002,person
user_15003,person
user_15004,person
user_15005,person
user_15006,person
user_15007,person
user_15008,person
user_15009,person
user_15010,person
user_15011,person
user_15012,person
user_15013,person
user_15014,person
user_15015,person
user_15016,person
user_15017,person
user_15018,person
user_15019,person
user_15020,person
user_15021,person
user_15022,person
user_15023,person
user_15024,person
user_15025,person
user_15026,person
user_15027,person
user_15028,person
user_15029,person
user_15030,person
user_15031,person
user_15032,person
user_15033,person
user_15034,person
user_15035,person
user_15036,person
user_15037,person
user_15038,person
user_15039,person
user_15040,person
user_15041,person
user_15042,person
user_15043,person
user_15044,person
user_15045,person
user_15046,person
user_15047,person
user_15048,person
user_15049,person
user_15050,person
user_15051,person
user_15052,person
user_15053,person
user_15054,person
user_15055,person
user_15056,person
user_15057,person
user_15058,person
user_15059,person
user_15060,person
user_15061,person
user_15062,person
user_15063,person
user_15064,person
user_15065,person
user_15066,person
user_15067,person
user_15068,person
user_15069,person
user_15070,person
user_15071,person
user_15072,person
user_15073,person
user_15074,person
user_15075,person
user_15076,person
user_15077,person
user_15078,person
user_15079,person
user_15080,person
user_15081,person
user_15082,person
user_15083,person
user_15084,person
user_15085,person
user_15086,person
user_15087,person
user_15088,person
user_15089,person
user_15090,person
user_15091,person
user_15092,person
user_15093,person
user_15094,person
user_15095,person
user_15096,person
user_15097,person
user_15098,person
user_15099,person
user_15100,person
user_15101,person
user_15102,person
user_15103,person
user_15104,person
user_15105,person
user_15106,person
user_15107,person
user_15108,person
user_15109,person
user_15110,person
user_15111,person
user_15112,person
user_15113,person
user_15114,person
user_15115,person
user_15116,person
user_15117,person
user_15118,person
user_15119,person
user_15120,person
user_15121,person
user_15122,person
user_15123,person
user_15124,person
user_15125,person
user_15126,person
user_15127,person
user_15128,person
user_15129,person
user_15130,person
user_15131,person
user_15132,person
user_15133,person
user_15134,person
user_15135,person
user_15136,person
user_15137,person
user_15138,person
user_15139,person
user_15140,person
user_15141,person
user_15142,person
user_15143,person
user_15144,person
user_15145,person
user_15146,person
user_15147,person
user_15148,person
user_15149,person
user_15150,person
user_15151,person
user_15152,person
user_15153,person
user_15154,person
user_15155,person
user_15156,person
user_15157,person
user_15158,person
user_15159,person
user_15160,person
user_15161,person
user_15162,person
user_15163,person
user_15164,person
user_15165,person
user_15166,person
user_15167,person
user_15168,person
user_15169,person
user_15170,person
user_15171,person
user_15172,person
user_15173,person
user_15174,person
user_15175,person
user_15176,person
user_15177,person
user_15178,person
user_15179,person
user_15180,person
user_15181,person
user_15182,person
user_15183,person
user_15184,person
user_15185,person
user_15186,person
user_15187,person
user_15188,person
user_15189,person
user_15190,person
user_15191,person
user_15192,person
user_15193,person
user_15194,person
user_15195,person
user_15196,person
user_15197,person
user_15198,person
user_15199,person
user_15200,person
user_15201,person
user_15202,person
user_15203,person
user_15204,person
user_15205,person
user_15206,person
user_15207,person
user_15208,person
user_15209,person
user_15210,person
user_15211,person
user_15212,person
user_15213,person
user_15214,person
user_15215,person
user_15216,person
user_15217,person
user_15218,person
user_15219,person
user_15220,person
user_15221,person
user_15222,person
user_15223,person
user_15224,person
user_15225,person
user_15226,person
user_15227,person
user_15228,person
user_15229,person
user_15230,person
user_15231,person
user_15232,person
user_15233,person
user_15234,person
user_15235,person
user_15236,person
user_15237,person
user_15238,person
user_15239,person
user_15240,person
user_15241,person
user_15242,person
user_15243,person
user_15244,person
user_15245,person
user_15246,person
user_15247,person
user_15248,person
user_15249,person
user_15250,person
user_15251,person
user_15252,person
user_15253,person
user_15254,person
user_15255,person
user_15256,person
user_15257,person
user_15258,person
user_15259,person
user_15260,person
user_15261,person
user_15262,person
user_15263,person
user_15264,person
user_15265,person
user_15266,person
user_15267,person
user_15268,person
user_15269,person
user_15270,person
user_15271,person
user_15272,person
user_15273,person
user_15274,person
user_15275,person
user_15276,person
user_15277,person
user_15278,person
user_15279,person
user_15280,person
user_15281,person
user_15282,person
user_15283,person
user_15284,person
user_15285,person
user_15286,person
user_15287,person
user_15288,person
user_15289,person
user_15290,person
user_15291,person
user_15292,person
user_15293,person
user_15294,person
user_15295,person
user_15296,person
user_15297,person
user_15298,person
user_15299,person
user_15300,person
user_15301,person
user_15302,person
user_15303,person
user_15304,person
user_15305,person
user_15306,person
user_15307,person
user_15308,person
user_15309,person
user_15310,person
user_15311,person
user_15312,person
user_15313,person
user_15314,person
user_15315,person
user_15316,person
user_15317,person
user_15318,person
user_15319,person
user_15320,person
user_15321,person
user_15322,person
user_15323,person
user_15324,person
user_15325,person
user_15326,person
user_15327,person
user_15328,person
user_15329,person
user_15330,person
user_15331,person
user_15332,person
user_15333,person
user_15334,person
user_15335,person
user_15336,person
user_15337,person
user_15338,person
user_15339,person
user_15340,person
user_15341,person
user_15342,person
user_15343,person
user_15344,person
user_15345,person
user_15346,person
user_15347,person
user_15348,person
user_15349,person
user_15350,person
user_15351,person
user_15352,person
user_15353,person
user_15354,person
user_15355,person
user_15356,person
user_15357,person
user_15358,person
user_15359,person
user_15360,person
user_15361,person
user_15362,person
user_15363,person
user_15364,person
user_15365,person
user_15366,person
user_15367,person
user_15368,person
user_15369,person
user_15370,person
user_15371,person
user_15372,person
user_15373,person
user_15374,person
user_15375,person
user_15376,person
user_15377,person
user_15378,person
user_15379,person
user_15380,person
user_15381,person
user_15382,person
user_15383,person
user_15384,person
user_15385,person
user_15386,person
user_15387,person
user_15388,person
user_15389,person
user_15390,person
user_15391,person
user_15392,person
user_15393,person
user_15394,person
user_15395,person
user_15396,person
user_15397,person
user_15398,person
user_15399,person
user_15400,person
user_15401,person
user_15402,person
user_15403,person
user_15404,person
user_15405,person
user_15406,person
user_15407,person
user_15408,person
user_15409,person
user_15410,person
user_15411,person
user_15412,person
user_15413,person
user_15414,person
user_15415,person
user_15416,person
user_15417,person
user_15418,person
user_15419,person
user_15420,person
user_15421,person
user_15422,person
user_15423,person
user_15424,person
user_15425,person
user_15426,person
user_15427,person
user_15428,person
user_15429,person
user_15430,person
user_15431,person
user_15432,person
user_15433,person
user_15434,person
user_15435,person
user_15436,person
user_15437,person
user_15438,person
user_15439,person
user_15440,person
user_15441,person
user_15442,person
user_15443,person
user_15444,person
user_15445,person
user_15446,person
user_15447,person
user_15448,person
user_15449,person
user_15450,person
user_15451,person
user_15452,person
user_15453,person
user_15454,person
user_15455,person
user_15456,person
user_15457,person
user_15458,person
user_15459,person
user_15460,person
user_15461,person
user_15462,person
user_15463,person
user_15464,person
user_15465,person
user_15466,person
user_15467,person
user_15468,person
user_15469,person
user_15470,person
user_15471,person
user_15472,person
user_15473,person
user_15474,person
user_15475,person
user_15476,person
user_15477,person
user_15478,person
user_15479,person
user_15480,person
user_15481,person
user_15482,person
user_15483,person
user_15484,person
user_15485,person
user_15486,person
user_15487,person
user_15488,person
user_15489,person
user_15490,person
user_15491,person
user_15492,person
user_15493,person
user_15494,person
user_15495,person
user_15496,person
user_15497,person
user_15498,person
user_15499,person
user_15500,person
user_15501,person
user_15502,person
user_15503,person
user_15504,person
user_15505,person
user_15506,person
user_15507,person
user_15508,person
user_15509,person
user_15510,person
user_15511,person
user_15512,person
user_15513,person
user_15514,person
user_15515,person
user_15516,person
user_15517,person
user_15518,person
user_15519,person
user_15520,person
user_15521,person
user_15522,person
user_15523,person
user_15524,person
user_15525,person
user_15526,person
user_15527,person
user_15528,person
user_15529,person
user_15530,person
user_15531,person
user_15532,person
user_15533,person
user_15534,person
user_15535,person
user_15536,person
user_15537,person
user_15538,person
user_15539,person
user_15540,person
user_15541,person
user_15542,person
user_15543,person
user_15544,person
user_15545,person
user_15546,person
user_15547,person
user_15548,person
user_15549,person
user_15550,person
user_15551,person
user_15552,person
user_15553,person
user_15554,person
user_15555,person
user_15556,person
user_15557,person
user_15558,person
user_15559,person
user_15560,person
user_15561,person
user_15562,person
user_15563,person
user_15564,person
user_15565,person
user_15566,person
user_15567,person
user_15568,person
user_15569,person
user_15570,person
user_15571,person
user_15572,person
user_15573,person
user_15574,person
user_15575,person
user_15576,person
user_15577,person
user_15578,person
user_15579,person
user_15580,person
user_15581,person
user_15582,person
user_15583,person
user_15584,person
user_15585,person
user_15586,person
user_15587,person
user_15588,person
user_15589,person
user_15590,person
user_15591,person
user_15592,person
user_15593,person
user_15594,person
user_15595,person
user_15596,person
user_15597,person
user_15598,person
user_15599,person
user_15600,person
user_15601,person
user_15602,person
user_15603,person
user_15604,person
user_15605,person
user_15606,person
user_15607,person
user_15608,person
user_15609,person
user_15610,person
user_15611,person
user_15612,person
user_15613,person
user_15614,person
user_15615,person
user_15616,person
user_15617,person
user_15618,person
user_15619,person
user_15620,person
user_15621,person
user_15622,person
user_15623,person
user_15624,person
user_15625,person
user_15626,person
user_15627,person
user_15628,person
user_15629,person
user_15630,person
user_15631,person
user_15632,person
user_15633,person
user_15634,person
user_15635,person
user_15636,person
user_15637,person
user_15638,person
user_15639,person
user_15640,person
user_15641,person
user_15642,person
user_15643,person
user_15644,person
user_15645,person
user_15646,person
user_15647,person
user_15648,person
user_15649,person
user_15650,person
user_15651,person
user_15652,person
user_15653,person
user_15654,person
user_15655,person
user_15656,person
user_15657,person
user_15658,person
user_15659,person
user_15660,person
user_15661,person
user_15662,person
user_15663,person
user_15664,person
user_15665,person
user_15666,person
user_15667,person
user_15668,person
user_15669,person
user_15670,person
user_15671,person
user_15672,person
user_15673,person
user_15674,person
user_15675,person
user_15676,person
user_15677,person
user_15678,person
user_15679,person
user_15680,person
user_15681,person
user_15682,person
user_15683,person
user_15684,person
user_15685,person
user_15686,person
user_15687,person
user_15688,person
user_15689,person
user_15690,person
user_15691,person
user_15692,person
user_15693,person
user_15694,person
user_15695,person
user_15696,person
user_15697,person
user_15698,person
user_15699,person
user_15700,person
user_15701,person
user_15702,person
user_15703,person
user_15704,person
user_15705,person
user_15706,person
user_15707,person
user_15708,person
user_15709,person
user_15710,person
user_15711,person
user_15712,person
user_15713,person
user_15714,person
user_15715,person
user_15716,person
user_15717,person
user_15718,person
user_15719,person
user_15720,person
user_15721,person
user_15722,person
user_15723,person
user_15724,person
user_15725,person
user_15726,person
user_15727,person
user_15728,person
user_15729,person
user_15730,person
user_15731,person
user_15732,person
user_15733,person
user_15734,person
user_15735,person
user_15736,person
user_15737,person
user_15738,person
user_15739,person
user_15740,person
user_15741,person
user_15742,person
user_15743,person
user_15744,person
user_15745,person
user_15746,person
user_15747,person
user_15748,person
user_15749,person
user_15750,person
user_15751,person
user_15752,person
user_15753,person
user_15754,person
user_15755,person
user_15756,person
user_15757,person
user_15758,person
user_15759,person
user_15760,person
user_15761,person
user_15762,person
user_15763,person
user_15764,person
user_15765,person
user_15766,person
user_15767,person
user_15768,person
user_15769,person
user_15770,person
user_15771,person
user_15772,person
user_15773,person
user_15774,person
user_15775,person
user_15776,person
user_15777,person
user_15778,person
user_15779,person
user_15780,person
user_15781,person
user_15782,person
user_15783,person
user_15784,person
user_15785,person
user_15786,person
user_15787,person
user_15788,person
user_15789,person
user_15790,person
user_15791,person
user_15792,person
user_15793,person
user_15794,person
user_15795,person
user_15796,person
user_15797,person
user_15798,person
user_15799,person
user_15800,person
user_15801,person
user_15802,person
user_15803,person
user_15804,person
user_15805,person
user_15806,person
user_15807,person
user_15808,person
user_15809,person
user_15810,person
user_15811,person
user_15812,person
user_15813,person
user_15814,person
user_15815,person
user_15816,person
user_15817,person
user_15818,person
user_15819,person
user_15820,person
user_15821,person
user_15822,person
user_15823,person
user_15824,person
user_15825,person
user_15826,person
user_15827,person
user_15828,person
user_15829,person
user_15830,person
user_15831,person
user_15832,person
user_15833,person
user_15834,person
user_15835,person
user_15836,person
user_15837,person
user_15838,person
user_15839,person
user_15840,person
user_15841,person
user_15842,person
user_15843,person
user_15844,person
user_15845,person
user_15846,person
user_15847,person
user_15848,person
user_15849,person
user_15850,person
user_15851,person
user_15852,person
user_15853,person
user_15854,person
user_15855,person
user_15856,person
user_15857,person
user_15858,person
user_15859,person
user_15860,person
user_15861,person
user_15862,person
user_15863,person
user_15864,person
user_15865,person
user_15866,person
user_15867,person
user_15868,person
user_15869,person
user_15870,person
user_15871,person
user_15872,person
user_15873,person
user_15874,person
user_15875,person
user_15876,person
user_15877,person
user_15878,person
user_15879,person
user_15880,person
user_15881,person
user_15882,person
user_15883,person
user_15884,person
user_15885,person
user_15886,person
user_15887,person
user_15888,person
user_15889,person
user_15890,person
user_15891,person
user_15892,person
user_15893,person
user_15894,person
user_15895,person
user_15896,person
user_15897,person
user_15898,person
user_15899,person
user_15900,person
user_15901,person
user_15902,person
user_15903,person
user_15904,person
user_15905,person
user_15906,person
user_15907,person
user_15908,person
user_15909,person
user_15910,person
user_15911,person
user_15912,person
user_15913,person
user_15914,person
user_15915,person
user_15916,person
user_15917,person
user_15918,person
user_15919,person
user_15920,person
user_15921,person
user_15922,person
user_15923,person
user_15924,person
user_15925,person
user_15926,person
user_15927,person
user_15928,person
user_15929,person
user_15930,person
user_15931,person
user_15932,person
user_15933,person
user_15934,person
user_15935,person
user_15936,person
user_15937,person
user_15938,person
user_15939,person
user_15940,person
user_15941,person
user_15942,person
user_15943,person
user_15944,person
user_15945,person
user_15946,person
user_15947,person
user_15948,person
user_15949,person
user_15950,person
user_15951,person
user_15952,person
user_15953,person
user_15954,person
user_15955,person
user_15956,person
user_15957,person
user_15958,person
user_15959,person
user_15960,person
user_15961,person
user_15962,person
user_15963,person
user_15964,person
user_15965,person
user_15966,person
user_15967,person
user_15968,person
user_15969,person
user_15970,person
user_15971,person
user_15972,person
user_15973,person
user_15974,person
user_15975,person
user_15976,person
user_15977,person
user_15978,person
user_15979,person
user_15980,person
user_15981,person
user_15982,person
user_15983,person
user_15984,person
user_15985,person
user_15986,person
user_15987,person
user_15988,person
user_15989,person
user_15990,person
user_15991,person
user_15992,person
user_15993,person
user_15994,person
user_15995,person
user_15996,person
user_15997,person
user_15998,person
user_15999,person
user_16000,person
user_16001,person
user_16002,person
user_16003,person
user_16004,person
user_16005,person
user_16006,person
user_16007,person
user_16008,person
user_16009,person
user_16010,person
user_16011,person
user_16012,person
user_16013,person
user_16014,person
user_16015,person
user_16016,person
user_16017,person
user_16018,person
user_16019,person
user_16020,person
user_16021,person
user_16022,person
user_16023,person
user_16024,person
user_16025,person
user_16026,person
user_16027,person
user_16028,person
user_16029,person
user_16030,person
user_16031,person
user_16032,person
user_16033,person
user_16034,person
user_16035,person
user_16036,person
user_16037,person
user_16038,person
user_16039,person
user_16040,person
user_16041,person
user_16042,person
user_16043,person
user_16044,person
user_16045,person
user_16046,person
user_16047,person
user_16048,person
user_16049,person
user_16050,person
user_16051,person
user_16052,person
user_16053,person
user_16054,person
user_16055,person
user_16056,person
user_16057,person
user_16058,person
user_16059,person
user_16060,person
user_16061,person
user_16062,person
user_16063,person
user_16064,person
user_16065,person
user_16066,person
user_16067,person
user_16068,person
user_16069,person
user_16070,person
user_16071,person
user_16072,person
user_16073,person
user_16074,person
user_16075,person
user_16076,person
user_16077,person
user_16078,person
user_16079,person
user_16080,person
user_16081,person
user_16082,person
user_16083,person
user_16084,person
user_16085,person
user_16086,person
user_16087,person
user_16088,person
user_16089,person
user_16090,person
user_16091,person
user_16092,person
user_16093,person
user_16094,person
user_16095,person
user_16096,person
user_16097,person
user_16098,person
user_16099,person
user_16100,person
user_16101,person
user_16102,person
user_16103,person
user_16104,person
user_16105,person
user_16106,person
user_16107,person
user_16108,person
user_16109,person
user_16110,person
user_16111,person
user_16112,person
user_16113,person
user_16114,person
user_16115,person
user_16116,person
user_16117,person
user_16118,person
user_16119,person
user_16120,person
user_16121,person
user_16122,person
user_16123,person
user_16124,person
user_16125,person
user_16126,person
user_16127,person
user_16128,person
user_16129,person
user_16130,person
user_16131,person
user_16132,person
user_16133,person
user_16134,person
user_16135,person
user_16136,person
user_16137,person
user_16138,person
user_16139,person
user_16140,person
user_16141,person
user_16142,person
user_16143,person
user_16144,person
user_16145,person
user_16146,person
user_16147,person
user_16148,person
user_16149,person
user_16150,person
user_16151,person
user_16152,person
user_16153,person
user_16154,person
user_16155,person
user_16156,person
user_16157,person
user_16158,person
user_16159,person
user_16160,person
user_16161,person
user_16162,person
user_16163,person
user_16164,person
user_16165,person
user_16166,person
user_16167,person
user_16168,person
user_16169,person
user_16170,person
user_16171,person
user_16172,person
user_16173,person
user_16174,person
user_16175,person
user_16176,person
user_16177,person
user_16178,person
user_16179,person
user_16180,person
user_16181,person
user_16182,person
user_16183,person
user_16184,person
user_16185,person
user_16186,person
user_16187,person
user_16188,person
user_16189,person
user_16190,person
user_16191,person
user_16192,person
user_16193,person
user_16194,person
user_16195,person
user_16196,person
user_16197,person
user_16198,person
user_16199,person
user_16200,person
user_16201,person
user_16202,person
user_16203,person
user_16204,person
user_16205,person
user_16206,person
user_16207,person
user_16208,person
user_16209,person
user_16210,person
user_16211,person
user_16212,person
user_16213,person
user_16214,person
user_16215,person
user_16216,person
user_16217,person
user_16218,person
user_16219,person
user_16220,person
user_16221,person
user_16222,person
user_16223,person
user_16224,person
user_16225,person
user_16226,person
user_16227,person
user_16228,person
user_16229,person
user_16230,person
user_16231,person
user_16232,person
user_16233,person
user_16234,person
user_16235,person
user_16236,person
user_16237,person
user_16238,person
user_16239,person
user_16240,person
user_16241,person
user_16242,person
user_16243,person
user_16244,person
user_16245,person
user_16246,person
user_16247,person
user_16248,person
user_16249,person
user_16250,person
user_16251,person
user_16252,person
user_16253,person
user_16254,person
user_16255,person
user_16256,person
user_16257,person
user_16258,person
user_16259,person
user_16260,person
user_16261,person
user_16262,person
user_16263,person
user_16264,person
user_16265,person
user_16266,person
user_16267,person
user_16268,person
user_16269,person
user_16270,person
user_16271,person
user_16272,person
user_16273,person
user_16274,person
user_16275,person
user_16276,person
user_16277,person
user_16278,person
user_16279,person
user_16280,person
user_16281,person
user_16282,person
user_16283,person
user_16284,person
user_16285,person
user_16286,person
user_16287,person
user_16288,person
user_16289,person
user_16290,person
user_16291,person
user_16292,person
user_16293,person
user_16294,person
user_16295,person
user_16296,person
user_16297,person
user_16298,person
user_16299,person
user_16300,person
user_16301,person
user_16302,person
user_16303,person
user_16304,person
user_16305,person
user_16306,person
user_16307,person
user_16308,person
user_16309,person
user_16310,person
user_16311,person
user_16312,person
user_16313,person
user_16314,person
user_16315,person
user_16316,person
user_16317,person
user_16318,person
user_16319,person
user_16320,person
user_16321,person
user_16322,person
user_16323,person
user_16324,person
user_16325,person
user_16326,person
user_16327,person
user_16328,person
user_16329,person
user_16330,person
user_16331,person
user_16332,person
user_16333,person
user_16334,person
user_16335,person
user_16336,person
user_16337,person
user_16338,person
user_16339,person
user_16340,person
user_16341,person
user_16342,person
user_16343,person
user_16344,person
user_16345,person
user_16346,person
user_16347,person
user_16348,person
user_16349,person
user_16350,person
user_16351,person
user_16352,person
user_16353,person
user_16354,person
user_16355,person
user_16356,person
user_16357,person
user_16358,person
user_16359,person
user_16360,person
user_16361,person
user_16362,person
user_16363,person
user_16364,person
user_16365,person
user_16366,person
user_16367,person
user_16368,person
user_16369,person
user_16370,person
user_16371,person
user_16372,person
user_16373,person
user_16374,person
user_16375,person
user_16376,person
user_16377,person
user_16378,person
user_16379,person
user_16380,person
user_16381,person
user_16382,person
user_16383,person
user_16384,person
user_16385,person
user_16386,person
user_16387,person
user_16388,person
user_16389,person
user_16390,person
user_16391,person
user_16392,person
user_16393,person
user_16394,person
user_16395,person
user_16396,person
user_16397,person
user_16398,person
user_16399,person
user_16400,person
user_16401,person
user_16402,person
user_16403,person
user_16404,person
user_16405,person
user_16406,person
user_16407,person
user_16408,person
user_16409,person
user_16410,person
user_16411,person
user_16412,person
user_16413,person
user_16414,person
user_16415,person
user_16416,person
user_16417,person
user_16418,person
user_16419,person
user_16420,person
user_16421,person
user_16422,person
user_16423,person
user_16424,person
user_16425,person
user_16426,person
user_16427,person
user_16428,person
user_16429,person
user_16430,person
user_16431,person
user_16432,person
user_16433,person
user_16434,person
user_16435,person
user_16436,person
user_16437,person
user_16438,person
user_16439,person
user_16440,person
user_16441,person
user_16442,person
user_16443,person
user_16444,person
user_16445,person
user_16446,person
user_16447,person
user_16448,person
user_16449,person
user_16450,person
user_16451,person
user_16452,person
user_16453,person
user_16454,person
user_16455,person
user_16456,person
user_16457,person
user_16458,person
user_16459,person
user_16460,person
user_16461,person
user_16462,person
user_16463,person
user_16464,person
user_16465,person
user_16466,person
user_16467,person
user_16468,person
user_16469,person
user_16470,person
user_16471,person
user_16472,person
user_16473,person
user_16474,person
user_16475,person
user_16476,person
user_16477,person
user_16478,person
user_16479,person
user_16480,person
user_16481,person
user_16482,person
user_16483,person
user_16484,person
user_16485,person
user_16486,person
user_16487,person
user_16488,person
user_16489,person
user_16490,person
user_16491,person
user_16492,person
user_16493,person
user_16494,person
user_16495,person
user_16496,person
user_16497,person
user_16498,person
user_16499,person
user_16500,person
user_16501,person
user_16502,person
user_16503,person
user_16504,person
user_16505,person
user_16506,person
user_16507,person
user_16508,person
user_16509,person
user_16510,person
user_16511,person
user_16512,person
user_16513,person
user_16514,person
user_16515,person
user_16516,person
user_16517,person
user_16518,person
user_16519,person
user_16520,person
user_16521,person
user_16522,person
user_16523,person
user_16524,person
user_16525,person
user_16526,person
user_16527,person
user_16528,person
user_16529,person
user_16530,person
user_16531,person
user_16532,person
user_16533,person
user_16534,person
user_16535,person
user_16536,person
user_16537,person
user_16538,person
user_16539,person
user_16540,person
user_16541,person
user_16542,person
user_16543,person
user_16544,person
user_16545,person
user_16546,person
user_16547,person
user_16548,person
user_16549,person
user_16550,person
user_16551,person
user_16552,person
user_16553,person
user_16554,person
user_16555,person
user_16556,person
user_16557,person
user_16558,person
user_16559,person
user_16560,person
user_16561,person
user_16562,person
user_16563,person
user_16564,person
user_16565,person
user_16566,person
user_16567,person
user_16568,person
user_16569,person
user_16570,person
user_16571,person
user_16572,person
user_16573,person
user_16574,person
user_16575,person
user_16576,person
user_16577,person
user_16578,person
user_16579,person
user_16580,person
user_16581,person
user_16582,person
user_16583,person
user_16584,person
user_16585,person
user_16586,person
user_16587,person
user_16588,person
user_16589,person
user_16590,person
user_16591,person
user_16592,person
user_16593,person
user_16594,person
user_16595,person
user_16596,person
user_16597,person
user_16598,person
user_16599,person
user_16600,person
user_16601,person
user_16602,person
user_16603,person
user_16604,person
user_16605,person
user_16606,person
user_16607,person
user_16608,person
user_16609,person
user_16610,person
user_16611,person
user_16612,person
user_16613,person
user_16614,person
user_16615,person
user_16616,person
user_16617,person
user_16618,person
user_16619,person
user_16620,person
user_16621,person
user_16622,person
user_16623,person
user_16624,person
user_16625,person
user_16626,person
user_16627,person
user_16628,person
user_16629,person
user_16630,person
user_16631,person
user_16632,person
user_16633,person
user_16634,person
user_16635,person
user_16636,person
user_16637,person
user_16638,person
user_16639,person
user_16640,person
user_16641,person
user_16642,person
user_16643,person
user_16644,person
user_16645,person
user_16646,person
user_16647,person
user_16648,person
user_16649,person
user_16650,person
user_16651,person
user_16652,person
user_16653,person
user_16654,person
user_16655,person
user_16656,person
user_16657,person
user_16658,person
user_16659,person
user_16660,person
user_16661,person
user_16662,person
user_16663,person
user_16664,person
user_16665,person
user_16666,person
user_16667,person
user_16668,person
user_16669,person
user_16670,person
user_16671,person
user_16672,person
user_16673,person
user_16674,person
user_16675,person
user_16676,person
user_16677,person
user_16678,person
user_16679,person
user_16680,person
user_16681,person
user_16682,person
user_16683,person
user_16684,person
user_16685,person
user_16686,person
user_16687,person
user_16688,person
user_16689,person
user_16690,person
user_16691,person
user_16692,person
user_16693,person
user_16694,person
user_16695,person
user_16696,person
user_16697,person
user_16698,person
user_16699,person
user_16700,person
user_16701,person
user_16702,person
user_16703,person
user_16704,person
user_16705,person
user_16706,person
user_16707,person
user_16708,person
user_16709,person
user_16710,person
user_16711,person
user_16712,person
user_16713,person
user_16714,person
user_16715,person
user_16716,person
user_16717,person
user_16718,person
user_16719,person
user_16720,person
user_16721,person
user_16722,person
user_16723,person
user_16724,person
user_16725,person
user_16726,person
user_16727,person
user_16728,person
user_16729,person
user_16730,person
user_16731,person
user_16732,person
user_16733,person
user_16734,person
user_16735,person
user_16736,person
user_16737,person
user_16738,person
user_16739,person
user_16740,person
user_16741,person
user_16742,person
user_16743,person
user_16744,person
user_16745,person
user_16746,person
user_16747,person
user_16748,person
user_16749,person
user_16750,person
user_16751,person
user_16752,person
user_16753,person
user_16754,person
user_16755,person
user_16756,person
user_16757,person
user_16758,person
user_16759,person
user_16760,person
user_16761,person
user_16762,person
user_16763,person
user_16764,person
user_16765,person
user_16766,person
user_16767,person
user_16768,person
user_16769,person
user_16770,person
user_16771,person
user_16772,person
user_16773,person
user_16774,person
user_16775,person
user_16776,person
user_16777,person
user_16778,person
user_16779,person
user_16780,person
user_16781,person
user_16782,person
user_16783,person
user_16784,person
user_16785,person
user_16786,person
user_16787,person
user_16788,person
user_16789,person
user_16790,person
user_16791,person
user_16792,person
user_16793,person
user_16794,person
user_16795,person
user_16796,person
user_16797,person
user_16798,person
user_16799,person
user_16800,person
user_16801,person
user_16802,person
user_16803,person
user_16804,person
user_16805,person
user_16806,person
user_16807,person
user_16808,person
user_16809,person
user_16810,person
user_16811,person
user_16812,person
user_16813,person
user_16814,person
user_16815,person
user_16816,person
user_16817,person
user_16818,person
user_16819,person
user_16820,person
user_16821,person
user_16822,person
user_16823,person
user_16824,person
user_16825,person
user_16826,person
user_16827,person
user_16828,person
user_16829,person
user_16830,person
user_16831,person
user_16832,person
user_16833,person
user_16834,person
user_16835,person
user_16836,person
user_16837,person
user_16838,person
user_16839,person
user_16840,person
user_16841,person
user_16842,person
user_16843,person
user_16844,person
user_16845,person
user_16846,person
user_16847,person
user_16848,person
user_16849,person
user_16850,person
user_16851,person
user_16852,person
user_16853,person
user_16854,person
user_16855,person
user_16856,person
user_16857,person
user_16858,person
user_16859,person
user_16860,person
user_16861,person
user_16862,person
user_16863,person
user_16864,person
user_16865,person
user_16866,person
user_16867,person
user_16868,person
user_16869,person
user_16870,person
user_16871,person
user_16872,person
user_16873,person
user_16874,person
user_16875,person
user_16876,person
user_16877,person
user_16878,person
user_16879,person
user_16880,person
user_16881,person
user_16882,person
user_16883,person
user_16884,person
user_16885,person
user_16886,person
user_16887,person
user_16888,person
user_16889,person
user_16890,person
user_16891,person
user_16892,person
user_16893,person
user_16894,person
user_16895,person
user_16896,person
user_16897,person
user_16898,person
user_16899,person
user_16900,person
user_16901,person
user_16902,person
user_16903,person
user_16904,person
user_16905,person
user_16906,person
user_16907,person
user_16908,person
user_16909,person
user_16910,person
user_16911,person
user_16912,person
user_16913,person
user_16914,person
user_16915,person
user_16916,person
user_16917,person
user_16918,person
user_16919,person
user_16920,person
user_16921,person
user_16922,person
user_16923,person
user_16924,person
user_16925,person
user_16926,person
user_16927,person
user_16928,person
user_16929,person
user_16930,person
user_16931,person
user_16932,person
user_16933,person
user_16934,person
user_16935,person
user_16936,person
user_16937,person
user_16938,person
user_16939,person
user_16940,person
user_16941,person
user_16942,person
user_16943,person
user_16944,person
user_16945,person
user_16946,person
user_16947,person
user_16948,person
user_16949,person
user_16950,person
user_16951,person
user_16952,person
user_16953,person
user_16954,person
user_16955,person
user_16956,person
user_16957,person
user_16958,person
user_16959,person
user_16960,person
user_16961,person
user_16962,person
user_16963,person
user_16964,person
user_16965,person
user_16966,person
user_16967,person
user_16968,person
user_16969,person
user_16970,person
user_16971,person
user_16972,person
user_16973,person
user_16974,person
user_16975,person
user_16976,person
user_16977,person
user_16978,person
user_16979,person
user_16980,person
user_16981,person
user_16982,person
user_16983,person
user_16984,person
user_16985,person
user_16986,person
user_16987,person
user_16988,person
user_16989,person
user_16990,person
user_16991,person
user_16992,person
user_16993,person
user_16994,person
user_16995,person
user_16996,person
user_16997,person
user_16998,person
user_16999,person
user_17000,person
user_17001,person
user_17002,person
user_17003,person
user_17004,person
user_17005,person
user_17006,person
user_17007,person
user_17008,person
user_17009,person
user_17010,person
user_17011,person
user_17012,person
user_17013,person
user_17014,person
user_17015,person
user_17016,person
user_17017,person
user_17018,person
user_17019,person
user_17020,person
user_17021,person
user_17022,person
user_17023,person
user_17024,person
user_17025,person
user_17026,person
user_17027,person
user_17028,person
user_17029,person
user_17030,person
user_17031,person
user_17032,person
user_17033,person
user_17034,person
user_17035,person
user_17036,person
user_17037,person
user_17038,person
user_17039,person
user_17040,person
user_17041,person
user_17042,person
user_17043,person
user_17044,person
user_17045,person
user_17046,person
user_17047,person
user_17048,person
user_17049,person
user_17050,person
user_17051,person
user_17052,person
user_17053,person
user_17054,person
user_17055,person
user_17056,person
user_17057,person
user_17058,person
user_17059,person
user_17060,person
user_17061,person
user_17062,person
user_17063,person
user_17064,person
user_17065,person
user_17066,person
user_17067,person
user_17068,person
user_17069,person
user_17070,person
user_17071,person
user_17072,person
user_17073,person
user_17074,person
user_17075,person
user_17076,person
user_17077,person
user_17078,person
user_17079,person
user_17080,person
user_17081,person
user_17082,person
user_17083,person
user_17084,person
user_17085,person
user_17086,person
user_17087,person
user_17088,person
user_17089,person
user_17090,person
user_17091,person
user_17092,person
user_17093,person
user_17094,person
user_17095,person
user_17096,person
user_17097,person
user_17098,person
user_17099,person
user_17100,person
user_17101,person
user_17102,person
user_17103,person
user_17104,person
user_17105,person
user_17106,person
user_17107,person
user_17108,person
user_17109,person
user_17110,person
user_17111,person
user_17112,person
user_17113,person
user_17114,person
user_17115,person
user_17116,person
user_17117,person
user_17118,person
user_17119,person
user_17120,person
user_17121,person
user_17122,person
user_17123,person
user_17124,person
user_17125,person
user_17126,person
user_17127,person
user_17128,person
user_17129,person
user_17130,person
user_17131,person
user_17132,person
user_17133,person
user_17134,person
user_17135,person
user_17136,person
user_17137,person
user_17138,person
user_17139,person
user_17140,person
user_17141,person
user_17142,person
user_17143,person
user_17144,person
user_17145,person
user_17146,person
user_17147,person
user_17148,person
user_17149,person
user_17150,person
user_17151,person
user_17152,person
user_17153,person
user_17154,person
user_17155,person
user_17156,person
user_17157,person
user_17158,person
user_17159,person
user_17160,person
user_17161,person
user_17162,person
user_17163,person
user_17164,person
user_17165,person
user_17166,person
user_17167,person
user_17168,person
user_17169,person
user_17170,person
user_17171,person
user_17172,person
user_17173,person
user_17174,person
user_17175,person
user_17176,person
user_17177,person
user_17178,person
user_17179,person
user_17180,person
user_17181,person
user_17182,person
user_17183,person
user_17184,person
user_17185,person
user_17186,person
user_17187,person
user_17188,person
user_17189,person
user_17190,person
user_17191,person
user_17192,person
user_17193,person
user_17194,person
user_17195,person
user_17196,person
user_17197,person
user_17198,person
user_17199,person
user_17200,person
user_17201,person
user_17202,person
user_17203,person
user_17204,person
user_17205,person
user_17206,person
user_17207,person
user_17208,person
user_17209,person
user_17210,person
user_17211,person
user_17212,person
user_17213,person
user_17214,person
user_17215,person
user_17216,person
user_17217,person
user_17218,person
user_17219,person
user_17220,person
user_17221,person
user_17222,person
user_17223,person
user_17224,person
user_17225,person
user_17226,person
user_17227,person
user_17228,person
user_17229,person
user_17230,person
user_17231,person
user_17232,person
user_17233,person
user_17234,person
user_17235,person
user_17236,person
user_17237,person
user_17238,person
user_17239,person
user_17240,person
user_17241,person
user_17242,person
user_17243,person
user_17244,person
user_17245,person
user_17246,person
user_17247,person
user_17248,person
user_17249,person
user_17250,person
user_17251,person
user_17252,person
user_17253,person
user_17254,person
user_17255,person
user_17256,person
user_17257,person
user_17258,person
user_17259,person
user_17260,person
user_17261,person
user_17262,person
user_17263,person
user_17264,person
user_17265,person
user_17266,person
user_17267,person
user_17268,person
user_17269,person
user_17270,person
user_17271,person
user_17272,person
user_17273,person
user_17274,person
user_17275,person
user_17276,person
user_17277,person
user_17278,person
user_17279,person
user_17280,person
user_17281,person
user_17282,person
user_17283,person
user_17284,person
user_17285,person
user_17286,person
user_17287,person
user_17288,person
user_17289,person
user_17290,person
user_17291,person
user_17292,person
user_17293,person
user_17294,person
user_17295,person
user_17296,person
user_17297,person
user_17298,person
user_17299,person
user_17300,person
user_17301,person
user_17302,person
user_17303,person
user_17304,person
user_17305,person
user_17306,person
user_17307,person
user_17308,person
user_17309,person
user_17310,person
user_17311,person
user_17312,person
user_17313,person
user_17314,person
user_17315,person
user_17316,person
user_17317,person
user_17318,person
user_17319,person
user_17320,person
user_17321,person
user_17322,person
user_17323,person
user_17324,person
user_17325,person
user_17326,person
user_17327,person
user_17328,person
user_17329,person
user_17330,person
user_17331,person
user_17332,person
user_17333,person
user_17334,person
user_17335,person
user_17336,person
user_17337,person
user_17338,person
user_17339,person
user_17340,person
user_17341,person
user_17342,person
user_17343,person
user_17344,person
user_17345,person
user_17346,person
user_17347,person
user_17348,person
user_17349,person
user_17350,person
user_17351,person
user_17352,person
user_17353,person
user_17354,person
user_17355,person
user_17356,person
user_17357,person
user_17358,person
user_17359,person
user_17360,person
user_17361,person
user_17362,person
user_17363,person
user_17364,person
user_17365,person
user_17366,person
user_17367,person
user_17368,person
user_17369,person
user_17370,person
user_17371,person
user_17372,person
user_17373,person
user_17374,person
user_17375,person
user_17376,person
user_17377,person
user_17378,person
user_17379,person
user_17380,person
user_17381,person
user_17382,person
user_17383,person
user_17384,person
user_17385,person
user_17386,person
user_17387,person
user_17388,person
user_17389,person
user_17390,person
user_17391,person
user_17392,person
user_17393,person
user_17394,person
user_17395,person
user_17396,person
user_17397,person
user_17398,person
user_17399,person
user_17400,person
user_17401,person
user_17402,person
user_17403,person
user_17404,person
user_17405,person
user_17406,person
user_17407,person
user_17408,person
user_17409,person
user_17410,person
user_17411,person
user_17412,person
user_17413,person
user_17414,person
user_17415,person
user_17416,person
user_17417,person
user_17418,person
user_17419,person
user_17420,person
user_17421,person
user_17422,person
user_17423,person
user_17424,person
user_17425,person
user_17426,person
user_17427,person
user_17428,person
user_17429,person
user_17430,person
user_17431,person
user_17432,person
user_17433,person
user_17434,person
user_17435,person
user_17436,person
user_17437,person
user_17438,person
user_17439,person
user_17440,person
user_17441,person
user_17442,person
user_17443,person
user_17444,person
user_17445,person
user_17446,person
user_17447,person
user_17448,person
user_17449,person
user_17450,person
user_17451,person
user_17452,person
user_17453,person
user_17454,person
user_17455,person
user_17456,person
user_17457,person
user_17458,person
user_17459,person
user_17460,person
user_17461,person
user_17462,person
user_17463,person
user_17464,person
user_17465,person
user_17466,person
user_17467,person
user_17468,person
user_17469,person
user_17470,person
user_17471,person
user_17472,person
user_17473,person
user_17474,person
user_17475,person
user_17476,person
user_17477,person
user_17478,person
user_17479,person
user_17480,person
user_17481,person
user_17482,person
user_17483,person
user_17484,person
user_17485,person
user_17486,person
user_17487,person
user_17488,person
user_17489,person
user_17490,person
user_17491,person
user_17492,person
user_17493,person
user_17494,person
user_17495,person
user_17496,person
user_17497,person
user_17498,person
user_17499,person
user_17500,person
user_17501,person
user_17502,person
user_17503,person
user_17504,person
user_17505,person
user_17506,person
user_17507,person
user_17508,person
user_17509,person
user_17510,person
user_17511,person
user_17512,person
user_17513,person
user_17514,person
user_17515,person
user_17516,person
user_17517,person
user_17518,person
user_17519,person
user_17520,person
user_17521,person
user_17522,person
user_17523,person
user_17524,person
user_17525,person
user_17526,person
user_17527,person
user_17528,person
user_17529,person
user_17530,person
user_17531,person
user_17532,person
user_17533,person
user_17534,person
user_17535,person
user_17536,person
user_17537,person
user_17538,person
user_17539,person
user_17540,person
user_17541,person
user_17542,person
user_17543,person
user_17544,person
user_17545,person
user_17546,person
user_17547,person
user_17548,person
user_17549,person
user_17550,person
user_17551,person
user_17552,person
user_17553,person
user_17554,person
user_17555,person
user_17556,person
user_17557,person
user_17558,person
user_17559,person
user_17560,person
user_17561,person
user_17562,person
user_17563,person
user_17564,person
user_17565,person
user_17566,person
user_17567,person
user_17568,person
user_17569,person
user_17570,person
user_17571,person
user_17572,person
user_17573,person
user_17574,person
user_17575,person
user_17576,person
user_17577,person
user_17578,person
user_17579,person
user_17580,person
user_17581,person
user_17582,person
user_17583,person
user_17584,person
user_17585,person
user_17586,person
user_17587,person
user_17588,person
user_17589,person
user_17590,person
user_17591,person
user_17592,person
user_17593,person
user_17594,person
user_17595,person
user_17596,person
user_17597,person
user_17598,person
user_17599,person
user_17600,person
user_17601,person
user_17602,person
user_17603,person
user_17604,person
user_17605,person
user_17606,person
user_17607,person
user_17608,person
user_17609,person
user_17610,person
user_17611,person
user_17612,person
user_17613,person
user_17614,person
user_17615,person
user_17616,person
user_17617,person
user_17618,person
user_17619,person
user_17620,person
user_17621,person
user_17622,person
user_17623,person
user_17624,person
user_17625,person
user_17626,person
user_17627,person
user_17628,person
user_17629,person
user_17630,person
user_17631,person
user_17632,person
user_17633,person
user_17634,person
user_17635,person
user_17636,person
user_17637,person
user_17638,person
user_17639,person
user_17640,person
user_17641,person
user_17642,person
user_17643,person
user_17644,person
user_17645,person
user_17646,person
user_17647,person
user_17648,person
user_17649,person
user_17650,person
user_17651,person
user_17652,person
user_17653,person
user_17654,person
user_17655,person
user_17656,person
user_17657,person
user_17658,person
user_17659,person
user_17660,person
user_17661,person
user_17662,person
user_17663,person
user_17664,person
user_17665,person
user_17666,person
user_17667,person
user_17668,person
user_17669,person
user_17670,person
user_17671,person
user_17672,person
user_17673,person
user_17674,person
user_17675,person
user_17676,person
user_17677,person
user_17678,person
user_17679,person
user_17680,person
user_17681,person
user_17682,person
user_17683,person
user_17684,person
user_17685,person
user_17686,person
user_17687,person
user_17688,person
user_17689,person
user_17690,person
user_17691,person
user_17692,person
user_17693,person
user_17694,person
user_17695,person
user_17696,person
user_17697,person
user_17698,person
user_17699,person
user_17700,person
user_17701,person
user_17702,person
user_17703,person
user_17704,person
user_17705,person
user_17706,person
user_17707,person
user_17708,person
user_17709,person
user_17710,person
user_17711,person
user_17712,person
user_17713,person
user_17714,person
user_17715,person
user_17716,person
user_17717,person
user_17718,person
user_17719,person
user_17720,person
user_17721,person
user_17722,person
user_17723,person
user_17724,person
user_17725,person
user_17726,person
user_17727,person
user_17728,person
user_17729,person
user_17730,person
user_17731,person
user_17732,person
user_17733,person
user_17734,person
user_17735,person
user_17736,person
user_17737,person
user_17738,person
user_17739,person
user_17740,person
user_17741,person
user_17742,person
user_17743,person
user_17744,person
user_17745,person
user_17746,person
user_17747,person
user_17748,person
user_17749,person
user_17750,person
user_17751,person
user_17752,person
user_17753,person
user_17754,person
user_17755,person
user_17756,person
user_17757,person
user_17758,person
user_17759,person
user_17760,person
user_17761,person
user_17762,person
user_17763,person
user_17764,person
user_17765,person
user_17766,person
user_17767,person
user_17768,person
user_17769,person
user_17770,person
user_17771,person
user_17772,person
user_17773,person
user_17774,person
user_17775,person
user_17776,person
user_17777,person
user_17778,person
user_17779,person
user_17780,person
user_17781,person
user_17782,person
user_17783,person
user_17784,person
user_17785,person
user_17786,person
user_17787,person
user_17788,person
user_17789,person
user_17790,person
user_17791,person
user_17792,person
user_17793,person
user_17794,person
user_17795,person
user_17796,person
user_17797,person
user_17798,person
user_17799,person
user_17800,person
user_17801,person
user_17802,person
user_17803,person
user_17804,person
user_17805,person
user_17806,person
user_17807,person
user_17808,person
user_17809,person
user_17810,person
user_17811,person
user_17812,person
user_17813,person
user_17814,person
user_17815,person
user_17816,person
user_17817,person
user_17818,person
user_17819,person
user_17820,person
user_17821,person
user_17822,person
user_17823,person
user_17824,person
user_17825,person
user_17826,person
user_17827,person
user_17828,person
user_17829,person
user_17830,person
user_17831,person
user_17832,person
user_17833,person
user_17834,person
user_17835,person
user_17836,person
user_17837,person
user_17838,person
user_17839,person
user_17840,person
user_17841,person
user_17842,person
user_17843,person
user_17844,person
user_17845,person
user_17846,person
user_17847,person
user_17848,person
user_17849,person
user_17850,person
user_17851,person
user_17852,person
user_17853,person
user_17854,person
user_17855,person
user_17856,person
user_17857,person
user_17858,person
user_17859,person
user_17860,person
user_17861,person
user_17862,person
user_17863,person
user_17864,person
user_17865,person
user_17866,person
user_17867,person
user_17868,person
user_17869,person
user_17870,person
user_17871,person
user_17872,person
user_17873,person
user_17874,person
user_17875,person
user_17876,person
user_17877,person
user_17878,person
user_17879,person
user_17880,person
user_17881,person
user_17882,person
user_17883,person
user_17884,person
user_17885,person
user_17886,person
user_17887,person
user_17888,person
user_17889,person
user_17890,person
user_17891,person
user_17892,person
user_17893,person
user_17894,person
user_17895,person
user_17896,person
user_17897,person
user_17898,person
user_17899,person
user_17900,person
user_17901,person
user_17902,person
user_17903,person
user_17904,person
user_17905,person
user_17906,person
user_17907,person
user_17908,person
user_17909,person
user_17910,person
user_17911,person
user_17912,person
user_17913,person
user_17914,person
user_17915,person
user_17916,person
user_17917,person
user_17918,person
user_17919,person
user_17920,person
user_17921,person
user_17922,person
user_17923,person
user_17924,person
user_17925,person
user_17926,person
user_17927,person
user_17928,person
user_17929,person
user_17930,person
user_17931,person
user_17932,person
user_17933,person
user_17934,person
user_17935,person
user_17936,person
user_17937,person
user_17938,person
user_17939,person
user_17940,person
user_17941,person
user_17942,person
user_17943,person
user_17944,person
user_17945,person
user_17946,person
user_17947,person
user_17948,person
user_17949,person
user_17950,person
user_17951,person
user_17952,person
user_17953,person
user_17954,person
user_17955,person
user_17956,person
user_17957,person
user_17958,person
user_17959,person
user_17960,person
user_17961,person
user_17962,person
user_17963,person
user_17964,person
user_17965,person
user_17966,person
user_17967,person
user_17968,person
user_17969,person
user_17970,person
user_17971,person
user_17972,person
user_17973,person
user_17974,person
user_17975,person
user_17976,person
user_17977,person
user_17978,person
user_17979,person
user_17980,person
user_17981,person
user_17982,person
user_17983,person
user_17984,person
user_17985,person
user_17986,person
user_17987,person
user_17988,person
user_17989,person
user_17990,person
user_17991,person
user_17992,person
user_17993,person
user_17994,person
user_17995,person
user_17996,person
user_17997,person
user_17998,person
user_17999,person
user_18000,person
user_18001,person
user_18002,person
user_18003,person
user_18004,person
user_18005,person
user_18006,person
user_18007,person
user_18008,person
user_18009,person
user_18010,person
user_18011,person
user_18012,person
user_18013,person
user_18014,person
user_18015,person
user_18016,person
user_18017,person
user_18018,person
user_18019,person
user_18020,person
user_18021,person
user_18022,person
user_18023,person
user_18024,person
user_18025,person
user_18026,person
user_18027,person
user_18028,person
user_18029,person
user_18030,person
user_18031,person
user_18032,person
user_18033,person
user_18034,person
user_18035,person
user_18036,person
user_18037,person
user_18038,person
user_18039,person
user_18040,person
user_18041,person
user_18042,person
user_18043,person
user_18044,person
user_18045,person
user_18046,person
user_18047,person
user_18048,person
user_18049,person
user_18050,person
user_18051,person
user_18052,person
user_18053,person
user_18054,person
user_18055,person
user_18056,person
user_18057,person
user_18058,person
user_18059,person
user_18060,person
user_18061,person
user_18062,person
user_18063,person
user_18064,person
user_18065,person
user_18066,person
user_18067,person
user_18068,person
user_18069,person
user_18070,person
user_18071,person
user_18072,person
user_18073,person
user_18074,person
user_18075,person
user_18076,person
user_18077,person
user_18078,person
user_18079,person
user_18080,person
user_18081,person
user_18082,person
user_18083,person
user_18084,person
user_18085,person
user_18086,person
user_18087,person
user_18088,person
user_18089,person
user_18090,person
user_18091,person
user_18092,person
user_18093,person
user_18094,person
user_18095,person
user_18096,person
user_18097,person
user_18098,person
user_18099,person
user_18100,person
user_18101,person
user_18102,person
user_18103,person
user_18104,person
user_18105,person
user_18106,person
user_18107,person
user_18108,person
user_18109,person
user_18110,person
user_18111,person
user_18112,person
user_18113,person
user_18114,person
user_18115,person
user_18116,person
user_18117,person
user_18118,person
user_18119,person
user_18120,person
user_18121,person
user_18122,person
user_18123,person
user_18124,person
user_18125,person
user_18126,person
user_18127,person
user_18128,person
user_18129,person
user_18130,person
user_18131,person
user_18132,person
user_18133,person
user_18134,person
user_18135,person
user_18136,person
user_18137,person
user_18138,person
user_18139,person
user_18140,person
user_18141,person
user_18142,person
user_18143,person
user_18144,person
user_18145,person
user_18146,person
user_18147,person
user_18148,person
user_18149,person
user_18150,person
user_18151,person
user_18152,person
user_18153,person
user_18154,person
user_18155,person
user_18156,person
user_18157,person
user_18158,person
user_18159,person
user_18160,person
user_18161,person
user_18162,person
user_18163,person
user_18164,person
user_18165,person
user_18166,person
user_18167,person
user_18168,person
user_18169,person
user_18170,person
user_18171,person
user_18172,person
user_18173,person
user_18174,person
user_18175,person
user_18176,person
user_18177,person
user_18178,person
user_18179,person
user_18180,person
user_18181,person
user_18182,person
user_18183,person
user_18184,person
user_18185,person
user_18186,person
user_18187,person
user_18188,person
user_18189,person
user_18190,person
user_18191,person
user_18192,person
user_18193,person
user_18194,person
user_18195,person
user_18196,person
user_18197,person
user_18198,person
user_18199,person
user_18200,person
user_18201,person
user_18202,person
user_18203,person
user_18204,person
user_18205,person
user_18206,person
user_18207,person
user_18208,person
user_18209,person
user_18210,person
user_18211,person
user_18212,person
user_18213,person
user_18214,person
user_18215,person
user_18216,person
user_18217,person
user_18218,person
user_18219,person
user_18220,person
user_18221,person
user_18222,person
user_18223,person
user_18224,person
user_18225,person
user_18226,person
user_18227,person
user_18228,person
user_18229,person
user_18230,person
user_18231,person
user_18232,person
user_18233,person
user_18234,person
user_18235,person
user_18236,person
user_18237,person
user_18238,person
user_18239,person
user_18240,person
user_18241,person
user_18242,person
user_18243,person
user_18244,person
user_18245,person
user_18246,person
user_18247,person
user_18248,person
user_18249,person
user_18250,person
user_18251,person
user_18252,person
user_18253,person
user_18254,person
user_18255,person
user_18256,person
user_18257,person
user_18258,person
user_18259,person
user_18260,person
user_18261,person
user_18262,person
user_18263,person
user_18264,person
user_18265,person
user_18266,person
user_18267,person
user_18268,person
user_18269,person
user_18270,person
user_18271,person
user_18272,person
user_18273,person
user_18274,person
user_18275,person
user_18276,person
user_18277,person
user_18278,person
user_18279,person
user_18280,person
user_18281,person
user_18282,person
user_18283,person
user_18284,person
user_18285,person
user_18286,person
user_18287,person
user_18288,person
user_18289,person
user_18290,person
user_18291,person
user_18292,person
user_18293,person
user_18294,person
user_18295,person
user_18296,person
user_18297,person
user_18298,person
user_18299,person
user_18300,person
user_18301,person
user_18302,person
user_18303,person
user_18304,person
user_18305,person
user_18306,person
user_18307,person
user_18308,person
user_18309,person
user_18310,person
user_18311,person
user_18312,person
user_18313,person
user_18314,person
user_18315,person
user_18316,person
user_18317,person
user_18318,person
user_18319,person
user_18320,person
user_18321,person
user_18322,person
user_18323,person
user_18324,person
user_18325,person
user_18326,person
user_18327,person
user_18328,person
user_18329,person
user_18330,person
user_18331,person
user_18332,person
user_18333,person
user_18334,person
user_18335,person
user_18336,person
user_18337,person
user_18338,person
user_18339,person
user_18340,person
user_18341,person
user_18342,person
user_18343,person
user_18344,person
user_18345,person
user_18346,person
user_18347,person
user_18348,person
user_18349,person
user_18350,person
user_18351,person
user_18352,person
user_18353,person
user_18354,person
user_18355,person
user_18356,person
user_18357,person
user_18358,person
user_18359,person
user_18360,person
user_18361,person
user_18362,person
user_18363,person
user_18364,person
user_18365,person
user_18366,person
user_18367,person
user_18368,person
user_18369,person
user_18370,person
user_18371,person
user_18372,person
user_18373,person
user_18374,person
user_18375,person
user_18376,person
user_18377,person
user_18378,person
user_18379,person
user_18380,person
user_18381,person
user_18382,person
user_18383,person
user_18384,person
user_18385,person
user_18386,person
user_18387,person
user_18388,person
user_18389,person
user_18390,person
user_18391,person
user_18392,person
user_18393,person
user_18394,person
user_18395,person
user_18396,person
user_18397,person
user_18398,person
user_18399,person
user_18400,person
user_18401,person
user_18402,person
user_18403,person
user_18404,person
user_18405,person
user_18406,person
user_18407,person
user_18408,person
user_18409,person
user_18410,person
user_18411,person
user_18412,person
user_18413,person
user_18414,person
user_18415,person
user_18416,person
user_18417,person
user_18418,person
user_18419,person
user_18420,person
user_18421,person
user_18422,person
user_18423,person
user_18424,person
user_18425,person
user_18426,person
user_18427,person
user_18428,person
user_18429,person
user_18430,person
user_18431,person
user_18432,person
user_18433,person
user_18434,person
user_18435,person
user_18436,person
user_18437,person
user_18438,person
user_18439,person
user_18440,person
user_18441,person
user_18442,person
user_18443,person
user_18444,person
user_18445,person
user_18446,person
user_18447,person
user_18448,person
user_18449,person
user_18450,person
user_18451,person
user_18452,person
user_18453,person
user_18454,person
user_18455,person
user_18456,person
user_18457,person
user_18458,person
user_18459,person
user_18460,person
user_18461,person
user_18462,person
user_18463,person
user_18464,person
user_18465,person
user_18466,person
user_18467,person
user_18468,person
user_18469,person
user_18470,person
user_18471,person
user_18472,person
user_18473,person
user_18474,person
user_18475,person
user_18476,person
user_18477,person
user_18478,person
user_18479,person
user_18480,person
user_18481,person
user_18482,person
user_18483,person
user_18484,person
user_18485,person
user_18486,person
user_18487,person
user_18488,person
user_18489,person
user_18490,person
user_18491,person
user_18492,person
user_18493,person
user_18494,person
user_18495,person
user_18496,person
user_18497,person
user_18498,person
user_18499,person
user_18500,person
user_18501,person
user_18502,person
user_18503,person
user_18504,person
user_18505,person
user_18506,person
user_18507,person
user_18508,person
user_18509,person
user_18510,person
user_18511,person
user_18512,person
user_18513,person
user_18514,person
user_18515,person
user_18516,person
user_18517,person
user_18518,person
user_18519,person
user_18520,person
user_18521,person
user_18522,person
user_18523,person
user_18524,person
user_18525,person
user_18526,person
user_18527,person
user_18528,person
user_18529,person
user_18530,person
user_18531,person
user_18532,person
user_18533,person
user_18534,person
user_18535,person
user_18536,person
user_18537,person
user_18538,person
user_18539,person
user_18540,person
user_18541,person
user_18542,person
user_18543,person
user_18544,person
user_18545,person
user_18546,person
user_18547,person
user_18548,person
user_18549,person
user_18550,person
user_18551,person
user_18552,person
user_18553,person
user_18554,person
user_18555,person
user_18556,person
user_18557,person
user_18558,person
user_18559,person
user_18560,person
user_18561,person
user_18562,person
user_18563,person
user_18564,person
user_18565,person
user_18566,person
user_18567,person
user_18568,person
user_18569,person
user_18570,person
user_18571,person
user_18572,person
user_18573,person
user_18574,person
user_18575,person
user_18576,person
user_18577,person
user_18578,person
user_18579,person
user_18580,person
user_18581,person
user_18582,person
user_18583,person
user_18584,person
user_18585,person
user_18586,person
user_18587,person
user_18588,person
user_18589,person
user_18590,person
user_18591,person
user_18592,person
user_18593,person
user_18594,person
user_18595,person
user_18596,person
user_18597,person
user_18598,person
user_18599,person
user_18600,person
user_18601,person
user_18602,person
user_18603,person
user_18604,person
user_18605,person
user_18606,person
user_18607,person
user_18608,person
user_18609,person
user_18610,person
user_18611,person
user_18612,person
user_18613,person
user_18614,person
user_18615,person
user_18616,person
user_18617,person
user_18618,person
user_18619,person
user_18620,person
user_18621,person
user_18622,person
user_18623,person
user_18624,person
user_18625,person
user_18626,person
user_18627,person
user_18628,person
user_18629,person
user_18630,person
user_18631,person
user_18632,person
user_18633,person
user_18634,person
user_18635,person
user_18636,person
user_18637,person
user_18638,person
user_18639,person
user_18640,person
user_18641,person
user_18642,person
user_18643,person
user_18644,person
user_18645,person
user_18646,person
user_18647,person
user_18648,person
user_18649,person
user_18650,person
user_18651,person
user_18652,person
user_18653,person
user_18654,person
user_18655,person
user_18656,person
user_18657,person
user_18658,person
user_18659,person
user_18660,person
user_18661,person
user_18662,person
user_18663,person
user_18664,person
user_18665,person
user_18666,person
user_18667,person
user_18668,person
user_18669,person
user_18670,person
user_18671,person
user_18672,person
user_18673,person
user_18674,person
user_18675,person
user_18676,person
user_18677,person
user_18678,person
user_18679,person
user_18680,person
user_18681,person
user_18682,person
user_18683,person
user_18684,person
user_18685,person
user_18686,person
user_18687,person
user_18688,person
user_18689,person
user_18690,person
user_18691,person
user_18692,person
user_18693,person
user_18694,person
user_18695,person
user_18696,person
user_18697,person
user_18698,person
user_18699,person
user_18700,person
user_18701,person
user_18702,person
user_18703,person
user_18704,person
user_18705,person
user_18706,person
user_18707,person
user_18708,person
user_18709,person
user_18710,person
user_18711,person
user_18712,person
user_18713,person
user_18714,person
user_18715,person
user_18716,person
user_18717,person
user_18718,person
user_18719,person
user_18720,person
user_18721,person
user_18722,person
user_18723,person
user_18724,person
user_18725,person
user_18726,person
user_18727,person
user_18728,person
user_18729,person
user_18730,person
user_18731,person
user_18732,person
user_18733,person
user_18734,person
user_18735,person
user_18736,person
user_18737,person
user_18738,person
user_18739,person
user_18740,person
user_18741,person
user_18742,person
user_18743,person
user_18744,person
user_18745,person
user_18746,person
user_18747,person
user_18748,person
user_18749,person
user_18750,person
user_18751,person
user_18752,person
user_18753,person
user_18754,person
user_18755,person
user_18756,person
user_18757,person
user_18758,person
user_18759,person
user_18760,person
user_18761,person
user_18762,person
user_18763,person
user_18764,person
user_18765,person
user_18766,person
user_18767,person
user_18768,person
user_18769,person
user_18770,person
user_18771,person
user_18772,person
user_18773,person
user_18774,person
user_18775,person
user_18776,person
user_18777,person
user_18778,person
user_18779,person
user_18780,person
user_18781,person
user_18782,person
user_18783,person
user_18784,person
user_18785,person
user_18786,person
user_18787,person
user_18788,person
user_18789,person
user_18790,person
user_18791,person
user_18792,person
user_18793,person
user_18794,person
user_18795,person
user_18796,person
user_18797,person
user_18798,person
user_18799,person
user_18800,person
user_18801,person
user_18802,person
user_18803,person
user_18804,person
user_18805,person
user_18806,person
user_18807,person
user_18808,person
user_18809,person
user_18810,person
user_18811,person
user_18812,person
user_18813,person
user_18814,person
user_18815,person
user_18816,person
user_18817,person
user_18818,person
user_18819,person
user_18820,person
user_18821,person
user_18822,person
user_18823,person
user_18824,person
user_18825,person
user_18826,person
user_18827,person
user_18828,person
user_18829,person
user_18830,person
user_18831,person
user_18832,person
user_18833,person
user_18834,person
user_18835,person
user_18836,person
user_18837,person
user_18838,person
user_18839,person
user_18840,person
user_18841,person
user_18842,person
user_18843,person
user_18844,person
user_18845,person
user_18846,person
user_18847,person
user_18848,person
user_18849,person
user_18850,person
user_18851,person
user_18852,person
user_18853,person
user_18854,person
user_18855,person
user_18856,person
user_18857,person
user_18858,person
user_18859,person
user_18860,person
user_18861,person
user_18862,person
user_18863,person
user_18864,person
user_18865,person
user_18866,person
user_18867,person
user_18868,person
user_18869,person
user_18870,person
user_18871,person
user_18872,person
user_18873,person
user_18874,person
user_18875,person
user_18876,person
user_18877,person
user_18878,person
user_18879,person
user_18880,person
user_18881,person
user_18882,person
user_18883,person
user_18884,person
user_18885,person
user_18886,person
user_18887,person
user_18888,person
user_18889,person
user_18890,person
user_18891,person
user_18892,person
user_18893,person
user_18894,person
user_18895,person
user_18896,person
user_18897,person
user_18898,person
user_18899,person
user_18900,person
user_18901,person
user_18902,person
user_18903,person
user_18904,person
user_18905,person
user_18906,person
user_18907,person
user_18908,person
user_18909,person
user_18910,person
user_18911,person
user_18912,person
user_18913,person
user_18914,person
user_18915,person
user_18916,person
user_18917,person
user_18918,person
user_18919,person
user_18920,person
user_18921,person
user_18922,person
user_18923,person
user_18924,person
user_18925,person
user_18926,person
user_18927,person
user_18928,person
user_18929,person
user_18930,person
user_18931,person
user_18932,person
user_18933,person
user_18934,person
user_18935,person
user_18936,person
user_18937,person
user_18938,person
user_18939,person
user_18940,person
user_18941,person
user_18942,person
user_18943,person
user_18944,person
user_18945,person
user_18946,person
user_18947,person
user_18948,person
user_18949,person
user_18950,person
user_18951,person
user_18952,person
user_18953,person
user_18954,person
user_18955,person
user_18956,person
user_18957,person
user_18958,person
user_18959,person
user_18960,person
user_18961,person
user_18962,person
user_18963,person
user_18964,person
user_18965,person
user_18966,person
user_18967,person
user_18968,person
user_18969,person
user_18970,person
user_18971,person
user_18972,person
user_18973,person
user_18974,person
user_18975,person
user_18976,person
user_18977,person
user_18978,person
user_18979,person
user_18980,person
user_18981,person
user_18982,person
user_18983,person
user_18984,person
user_18985,person
user_18986,person
user_18987,person
user_18988,person
user_18989,person
user_18990,person
user_18991,person
user_18992,person
user_18993,person
user_18994,person
user_18995,person
user_18996,person
user_18997,person
user_18998,person
user_18999,person
user_19000,person
user_19001,person
user_19002,person
user_19003,person
user_19004,person
user_19005,person
user_19006,person
user_19007,person
user_19008,person
user_19009,person
user_19010,person
user_19011,person
user_19012,person
user_19013,person
user_19014,person
user_19015,person
user_19016,person
user_19017,person
user_19018,person
user_19019,person
user_19020,person
user_19021,person
user_19022,person
user_19023,person
user_19024,person
user_19025,person
user_19026,person
user_19027,person
user_19028,person
user_19029,person
user_19030,person
user_19031,person
user_19032,person
user_19033,person
user_19034,person
user_19035,person
user_19036,person
user_19037,person
user_19038,person
user_19039,person
user_19040,person
user_19041,person
user_19042,person
user_19043,person
user_19044,person
user_19045,person
user_19046,person
user_19047,person
user_19048,person
user_19049,person
user_19050,person
user_19051,person
user_19052,person
user_19053,person
user_19054,person
user_19055,person
user_19056,person
user_19057,person
user_19058,person
user_19059,person
user_19060,person
user_19061,person
user_19062,person
user_19063,person
user_19064,person
user_19065,person
user_19066,person
user_19067,person
user_19068,person
user_19069,person
user_19070,person
user_19071,person
user_19072,person
user_19073,person
user_19074,person
user_19075,person
user_19076,person
user_19077,person
user_19078,person
user_19079,person
user_19080,person
user_19081,person
user_19082,person
user_19083,person
user_19084,person
user_19085,person
user_19086,person
user_19087,person
user_19088,person
user_19089,person
user_19090,person
user_19091,person
user_19092,person
user_19093,person
user_19094,person
user_19095,person
user_19096,person
user_19097,person
user_19098,person
user_19099,person
user_19100,person
user_19101,person
user_19102,person
user_19103,person
user_19104,person
user_19105,person
user_19106,person
user_19107,person
user_19108,person
user_19109,person
user_19110,person
user_19111,person
user_19112,person
user_19113,person
user_19114,person
user_19115,person
user_19116,person
user_19117,person
user_19118,person
user_19119,person
user_19120,person
user_19121,person
user_19122,person
user_19123,person
user_19124,person
user_19125,person
user_19126,person
user_19127,person
user_19128,person
user_19129,person
user_19130,person
user_19131,person
user_19132,person
user_19133,person
user_19134,person
user_19135,person
user_19136,person
user_19137,person
user_19138,person
user_19139,person
user_19140,person
user_19141,person
user_19142,person
user_19143,person
user_19144,person
user_19145,person
user_19146,person
user_19147,person
user_19148,person
user_19149,person
user_19150,person
user_19151,person
user_19152,person
user_19153,person
user_19154,person
user_19155,person
user_19156,person
user_19157,person
user_19158,person
user_19159,person
user_19160,person
user_19161,person
user_19162,person
user_19163,person
user_19164,person
user_19165,person
user_19166,person
user_19167,person
user_19168,person
user_19169,person
user_19170,person
user_19171,person
user_19172,person
user_19173,person
user_19174,person
user_19175,person
user_19176,person
user_19177,person
user_19178,person
user_19179,person
user_19180,person
user_19181,person
user_19182,person
user_19183,person
user_19184,person
user_19185,person
user_19186,person
user_19187,person
user_19188,person
user_19189,person
user_19190,person
user_19191,person
user_19192,person
user_19193,person
user_19194,person
user_19195,person
user_19196,person
user_19197,person
user_19198,person
user_19199,person
user_19200,person
user_19201,person
user_19202,person
user_19203,person
user_19204,person
user_19205,person
user_19206,person
user_19207,person
user_19208,person
user_19209,person
user_19210,person
user_19211,person
user_19212,person
user_19213,person
user_19214,person
user_19215,person
user_19216,person
user_19217,person
user_19218,person
user_19219,person
user_19220,person
user_19221,person
user_19222,person
user_19223,person
user_19224,person
user_19225,person
user_19226,person
user_19227,person
user_19228,person
user_19229,person
user_19230,person
user_19231,person
user_19232,person
user_19233,person
user_19234,person
user_19235,person
user_19236,person
user_19237,person
user_19238,person
user_19239,person
user_19240,person
user_19241,person
user_19242,person
user_19243,person
user_19244,person
user_19245,person
user_19246,person
user_19247,person
user_19248,person
user_19249,person
user_19250,person
user_19251,person
user_19252,person
user_19253,person
user_19254,person
user_19255,person
user_19256,person
user_19257,person
user_19258,person
user_19259,person
user_19260,person
user_19261,person
user_19262,person
user_19263,person
user_19264,person
user_19265,person
user_19266,person
user_19267,person
user_19268,person
user_19269,person
user_19270,person
user_19271,person
user_19272,person
user_19273,person
user_19274,person
user_19275,person
user_19276,person
user_19277,person
user_19278,person
user_19279,person
user_19280,person
user_19281,person
user_19282,person
user_19283,person
user_19284,person
user_19285,person
user_19286,person
user_19287,person
user_19288,person
user_19289,person
user_19290,person
user_19291,person
user_19292,person
user_19293,person
user_19294,person
user_19295,person
user_19296,person
user_19297,person
user_19298,person
user_19299,person
user_19300,person
user_19301,person
user_19302,person
user_19303,person
user_19304,person
user_19305,person
user_19306,person
user_19307,person
user_19308,person
user_19309,person
user_19310,person
user_19311,person
user_19312,person
user_19313,person
user_19314,person
user_19315,person
user_19316,person
user_19317,person
user_19318,person
user_19319,person
user_19320,person
user_19321,person
user_19322,person
user_19323,person
user_19324,person
user_19325,person
user_19326,person
user_19327,person
user_19328,person
user_19329,person
user_19330,person
user_19331,person
user_19332,person
user_19333,person
user_19334,person
user_19335,person
user_19336,person
user_19337,person
user_19338,person
user_19339,person
user_19340,person
user_19341,person
user_19342,person
user_19343,person
user_19344,person
user_19345,person
user_19346,person
user_19347,person
user_19348,person
user_19349,person
user_19350,person
user_19351,person
user_19352,person
user_19353,person
user_19354,person
user_19355,person
user_19356,person
user_19357,person
user_19358,person
user_19359,person
user_19360,person
user_19361,person
user_19362,person
user_19363,person
user_19364,person
user_19365,person
user_19366,person
user_19367,person
user_19368,person
user_19369,person
user_19370,person
user_19371,person
user_19372,person
user_19373,person
user_19374,person
user_19375,person
user_19376,person
user_19377,person
user_19378,person
user_19379,person
user_19380,person
user_19381,person
user_19382,person
user_19383,person
user_19384,person
user_19385,person
user_19386,person
user_19387,person
user_19388,person
user_19389,person
user_19390,person
user_19391,person
user_19392,person
user_19393,person
user_19394,person
user_19395,person
user_19396,person
user_19397,person
user_19398,person
user_19399,person
user_19400,person
user_19401,person
user_19402,person
user_19403,person
user_19404,person
user_19405,person
user_19406,person
user_19407,person
user_19408,person
user_19409,person
user_19410,person
user_19411,person
user_19412,person
user_19413,person
user_19414,person
user_19415,person
user_19416,person
user_19417,person
user_19418,person
user_19419,person
user_19420,person
user_19421,person
user_19422,person
user_19423,person
user_19424,person
user_19425,person
user_19426,person
user_19427,person
user_19428,person
user_19429,person
user_19430,person
user_19431,person
user_19432,person
user_19433,person
user_19434,person
user_19435,person
user_19436,person
user_19437,person
user_19438,person
user_19439,person
user_19440,person
user_19441,person
user_19442,person
user_19443,person
user_19444,person
user_19445,person
user_19446,person
user_19447,person
user_19448,person
user_19449,person
user_19450,person
user_19451,person
user_19452,person
user_19453,person
user_19454,person
user_19455,person
user_19456,person
user_19457,person
user_19458,person
user_19459,person
user_19460,person
user_19461,person
user_19462,person
user_19463,person
user_19464,person
user_19465,person
user_19466,person
user_19467,person
user_19468,person
user_19469,person
user_19470,person
user_19471,person
user_19472,person
user_19473,person
user_19474,person
user_19475,person
user_19476,person
user_19477,person
user_19478,person
user_19479,person
user_19480,person
user_19481,person
user_19482,person
user_19483,person
user_19484,person
user_19485,person
user_19486,person
user_19487,person
user_19488,person
user_19489,person
user_19490,person
user_19491,person
user_19492,person
user_19493,person
user_19494,person
user_19495,person
user_19496,person
user_19497,person
user_19498,person
user_19499,person
user_19500,person
user_19501,person
user_19502,person
user_19503,person
user_19504,person
user_19505,person
user_19506,person
user_19507,person
user_19508,person
user_19509,person
user_19510,person
user_19511,person
user_19512,person
user_19513,person
user_19514,person
user_19515,person
user_19516,person
user_19517,person
user_19518,person
user_19519,person
user_19520,person
user_19521,person
user_19522,person
user_19523,person
user_19524,person
user_19525,person
user_19526,person
user_19527,person
user_19528,person
user_19529,person
user_19530,person
user_19531,person
user_19532,person
user_19533,person
user_19534,person
user_19535,person
user_19536,person
user_19537,person
user_19538,person
user_19539,person
user_19540,person
user_19541,person
user_19542,person
user_19543,person
user_19544,person
user_19545,person
user_19546,person
user_19547,person
user_19548,person
user_19549,person
user_19550,person
user_19551,person
user_19552,person
user_19553,person
user_19554,person
user_19555,person
user_19556,person
user_19557,person
user_19558,person
user_19559,person
user_19560,person
user_19561,person
user_19562,person
user_19563,person
user_19564,person
user_19565,person
user_19566,person
user_19567,person
user_19568,person
user_19569,person
user_19570,person
user_19571,person
user_19572,person
user_19573,person
user_19574,person
user_19575,person
user_19576,person
user_19577,person
user_19578,person
user_19579,person
user_19580,person
user_19581,person
user_19582,person
user_19583,person
user_19584,person
user_19585,person
user_19586,person
user_19587,person
user_19588,person
user_19589,person
user_19590,person
user_19591,person
user_19592,person
user_19593,person
user_19594,person
user_19595,person
user_19596,person
user_19597,person
user_19598,person
user_19599,person
user_19600,person
user_19601,person
user_19602,person
user_19603,person
user_19604,person
user_19605,person
user_19606,person
user_19607,person
user_19608,person
user_19609,person
user_19610,person
user_19611,person
user_19612,person
user_19613,person
user_19614,person
user_19615,person
user_19616,person
user_19617,person
user_19618,person
user_19619,person
user_19620,person
user_19621,person
user_19622,person
user_19623,person
user_19624,person
user_19625,person
user_19626,person
user_19627,person
user_19628,person
user_19629,person
user_19630,person
user_19631,person
user_19632,person
user_19633,person
user_19634,person
user_19635,person
user_19636,person
user_19637,person
user_19638,person
user_19639,person
user_19640,person
user_19641,person
user_19642,person
user_19643,person
user_19644,person
user_19645,person
user_19646,person
user_19647,person
user_19648,person
user_19649,person
user_19650,person
user_19651,person
user_19652,person
user_19653,person
user_19654,person
user_19655,person
user_19656,person
user_19657,person
user_19658,person
user_19659,person
user_19660,person
user_19661,person
user_19662,person
user_19663,person
user_19664,person
user_19665,person
user_19666,person
user_19667,person
user_19668,person
user_19669,person
user_19670,person
user_19671,person
user_19672,person
user_19673,person
user_19674,person
user_19675,person
user_19676,person
user_19677,person
user_19678,person
user_19679,person
user_19680,person
user_19681,person
user_19682,person
user_19683,person
user_19684,person
user_19685,person
user_19686,person
user_19687,person
user_19688,person
user_19689,person
user_19690,person
user_19691,person
user_19692,person
user_19693,person
user_19694,person
user_19695,person
user_19696,person
user_19697,person
user_19698,person
user_19699,person
user_19700,person
user_19701,person
user_19702,person
user_19703,person
user_19704,person
user_19705,person
user_19706,person
user_19707,person
user_19708,person
user_19709,person
user_19710,person
user_19711,person
user_19712,person
user_19713,person
user_19714,person
user_19715,person
user_19716,person
user_19717,person
user_19718,person
user_19719,person
user_19720,person
user_19721,person
user_19722,person
user_19723,person
user_19724,person
user_19725,person
user_19726,person
user_19727,person
user_19728,person
user_19729,person
user_19730,person
user_19731,person
user_19732,person
user_19733,person
user_19734,person
user_19735,person
user_19736,person
user_19737,person
user_19738,person
user_19739,person
user_19740,person
user_19741,person
user_19742,person
user_19743,person
user_19744,person
user_19745,person
user_19746,person
user_19747,person
user_19748,person
user_19749,person
user_19750,person
user_19751,person
user_19752,person
user_19753,person
user_19754,person
user_19755,person
user_19756,person
user_19757,person
user_19758,person
user_19759,person
user_19760,person
user_19761,person
user_19762,person
user_19763,person
user_19764,person
user_19765,person
user_19766,person
user_19767,person
user_19768,person
user_19769,person
user_19770,person
user_19771,person
user_19772,person
user_19773,person
user_19774,person
user_19775,person
user_19776,person
user_19777,person
user_19778,person
user_19779,person
user_19780,person
user_19781,person
user_19782,person
user_19783,person
user_19784,person
user_19785,person
user_19786,person
user_19787,person
user_19788,person
user_19789,person
user_19790,person
user_19791,person
user_19792,person
user_19793,person
user_19794,person
user_19795,person
user_19796,person
user_19797,person
user_19798,person
user_19799,person
user_19800,person
user_19801,person
user_19802,person
user_19803,person
user_19804,person
user_19805,person
user_19806,person
user_19807,person
user_19808,person
user_19809,person
user_19810,person
user_19811,person
user_19812,person
user_19813,person
user_19814,person
user_19815,person
user_19816,person
user_19817,person
user_19818,person
user_19819,person
user_19820,person
user_19821,person
user_19822,person
user_19823,person
user_19824,person
user_19825,person
user_19826,person
user_19827,person
user_19828,person
user_19829,person
user_19830,person
user_19831,person
user_19832,person
user_19833,person
user_19834,person
user_19835,person
user_19836,person
user_19837,person
user_19838,person
user_19839,person
user_19840,person
user_19841,person
user_19842,person
user_19843,person
user_19844,person
user_19845,person
user_19846,person
user_19847,person
user_19848,person
user_19849,person
user_19850,person
user_19851,person
user_19852,person
user_19853,person
user_19854,person
user_19855,person
user_19856,person
user_19857,person
user_19858,person
user_19859,person
user_19860,person
user_19861,person
user_19862,person
user_19863,person
user_19864,person
user_19865,person
user_19866,person
user_19867,person
user_19868,person
user_19869,person
user_19870,person
user_19871,person
user_19872,person
user_19873,person
user_19874,person
user_19875,person
user_19876,person
user_19877,person
user_19878,person
user_19879,person
user_19880,person
user_19881,person
user_19882,person
user_19883,person
user_19884,person
user_19885,person
user_19886,person
user_19887,person
user_19888,person
user_19889,person
user_19890,person
user_19891,person
user_19892,person
user_19893,person
user_19894,person
user_19895,person
user_19896,person
user_19897,person
user_19898,person
user_19899,person
user_19900,person
user_19901,person
user_19902,person
user_19903,person
user_19904,person
user_19905,person
user_19906,person
user_19907,person
user_19908,person
user_19909,person
user_19910,person
user_19911,person
user_19912,person
user_19913,person
user_19914,person
user_19915,person
user_19916,person
user_19917,person
user_19918,person
user_19919,person
user_19920,person
user_19921,person
user_19922,person
user_19923,person
user_19924,person
user_19925,person
user_19926,person
user_19927,person
user_19928,person
user_19929,person
user_19930,person
user_19931,person
user_19932,person
user_19933,person
user_19934,person
user_19935,person
user_19936,person
user_19937,person
user_19938,person
user_19939,person
user_19940,person
user_19941,person
user_19942,person
user_19943,person
user_19944,person
user_19945,person
user_19946,person
user_19947,person
user_19948,person
user_19949,person
user_19950,person
user_19951,person
user_19952,person
user_19953,person
user_19954,person
user_19955,person
user_19956,person
user_19957,person
user_19958,person
user_19959,person
user_19960,person
user_19961,person
user_19962,person
user_19963,person
user_19964,person
user_19965,person
user_19966,person
user_19967,person
user_19968,person
user_19969,person
user_19970,person
user_19971,person
user_19972,person
user_19973,person
user_19974,person
user_19975,person
user_19976,person
user_19977,person
user_19978,person
user_19979,person
user_19980,person
user_19981,person
user_19982,person
user_19983,person
user_19984,person
user_19985,person
user_19986,person
user_19987,person
user_19988,person
user_19989,person
user_19990,person
user_19991,person
user_19992,person
user_19993,person
user_19994,person
user_19995,person
user_19996,person
user_19997,person
user_19998,person
user_19999,person
user_20000,person
user_20001,person
user_20002,person
user_20003,person
user_20004,person
user_20005,person
user_20006,person
user_20007,person
user_20008,person
user_20009,person
user_20010,person
user_20011,person
user_20012,person
user_20013,person
user_20014,person
user_20015,person
user_20016,person
user_20017,person
user_20018,person
user_20019,person
user_20020,person
user_20021,person
user_20022,person
user_20023,person
user_20024,person
user_20025,person
user_20026,person
user_20027,person
user_20028,person
user_20029,person
user_20030,person
user_20031,person
user_20032,person
user_20033,person
user_20034,person
user_20035,person
user_20036,person
user_20037,person
user_20038,person
user_20039,person
user_20040,person
user_20041,person
user_20042,person
user_20043,person
user_20044,person
user_20045,person
user_20046,person
user_20047,person
user_20048,person
user_20049,person
user_20050,person
user_20051,person
user_20052,person
user_20053,person
user_20054,person
user_20055,person
user_20056,person
user_20057,person
user_20058,person
user_20059,person
user_20060,person
user_20061,person
user_20062,person
user_20063,person
user_20064,person
user_20065,person
user_20066,person
user_20067,person
user_20068,person
user_20069,person
user_20070,person
user_20071,person
user_20072,person
user_20073,person
user_20074,person
user_20075,person
user_20076,person
user_20077,person
user_20078,person
user_20079,person
user_20080,person
user_20081,person
user_20082,person
user_20083,person
user_20084,person
user_20085,person
user_20086,person
user_20087,person
user_20088,person
user_20089,person
user_20090,person
user_20091,person
user_20092,person
user_20093,person
user_20094,person
user_20095,person
user_20096,person
user_20097,person
user_20098,person
user_20099,person
user_20100,person
user_20101,person
user_20102,person
user_20103,person
user_20104,person
user_20105,person
user_20106,person
user_20107,person
user_20108,person
user_20109,person
user_20110,person
user_20111,person
user_20112,person
user_20113,person
user_20114,person
user_20115,person
user_20116,person
user_20117,person
user_20118,person
user_20119,person
user_20120,person
user_20121,person
user_20122,person
user_20123,person
user_20124,person
user_20125,person
user_20126,person
user_20127,person
user_20128,person
user_20129,person
user_20130,person
user_20131,person
user_20132,person
user_20133,person
user_20134,person
user_20135,person
user_20136,person
user_20137,person
user_20138,person
user_20139,person
user_20140,person
user_20141,person
user_20142,person
user_20143,person
user_20144,person
user_20145,person
user_20146,person
user_20147,person
user_20148,person
user_20149,person
user_20150,person
user_20151,person
user_20152,person
user_20153,person
user_20154,person
user_20155,person
user_20156,person
user_20157,person
user_20158,person
user_20159,person
user_20160,person
user_20161,person
user_20162,person
user_20163,person
user_20164,person
user_20165,person
user_20166,person
user_20167,person
user_20168,person
user_20169,person
user_20170,person
user_20171,person
user_20172,person
user_20173,person
user_20174,person
user_20175,person
user_20176,person
user_20177,person
user_20178,person
user_20179,person
user_20180,person
user_20181,person
user_20182,person
user_20183,person
user_20184,person
user_20185,person
user_20186,person
user_20187,person
user_20188,person
user_20189,person
user_20190,person
user_20191,person
user_20192,person
user_20193,person
user_20194,person
user_20195,person
user_20196,person
user_20197,person
user_20198,person
user_20199,person
user_20200,person
user_20201,person
user_20202,person
user_20203,person
user_20204,person
user_20205,person
user_20206,person
user_20207,person
user_20208,person
user_20209,person
user_20210,person
user_20211,person
user_20212,person
user_20213,person
user_20214,person
user_20215,person
user_20216,person
user_20217,person
user_20218,person
user_20219,person
user_20220,person
user_20221,person
user_20222,person
user_20223,person
user_20224,person
user_20225,person
user_20226,person
user_20227,person
user_20228,person
user_20229,person
user_20230,person
user_20231,person
user_20232,person
user_20233,person
user_20234,person
user_20235,person
user_20236,person
user_20237,person
user_20238,person
user_20239,person
user_20240,person
user_20241,person
user_20242,person
user_20243,person
user_20244,person
user_20245,person
user_20246,person
user_20247,person
user_20248,person
user_20249,person
user_20250,person
user_20251,person
user_20252,person
user_20253,person
user_20254,person
user_20255,person
user_20256,person
user_20257,person
user_20258,person
user_20259,person
user_20260,person
user_20261,person
user_20262,person
user_20263,person
user_20264,person
user_20265,person
user_20266,person
user_20267,person
user_20268,person
user_20269,person
user_20270,person
user_20271,person
user_20272,person
user_20273,person
user_20274,person
user_20275,person
user_20276,person
user_20277,person
user_20278,person
user_20279,person
user_20280,person
user_20281,person
user_20282,person
user_20283,person
user_20284,person
user_20285,person
user_20286,person
user_20287,person
user_20288,person
user_20289,person
user_20290,person
user_20291,person
user_20292,person
user_20293,person
user_20294,person
user_20295,person
user_20296,person
user_20297,person
user_20298,person
user_20299,person
user_20300,person
user_20301,person
user_20302,person
user_20303,person
user_20304,person
user_20305,person
user_20306,person
user_20307,person
user_20308,person
user_20309,person
user_20310,person
user_20311,person
user_20312,person
user_20313,person
user_20314,person
user_20315,person
user_20316,person
user_20317,person
user_20318,person
user_20319,person
user_20320,person
user_20321,person
user_20322,person
user_20323,person
user_20324,person
user_20325,person
user_20326,person
user_20327,person
user_20328,person
user_20329,person
user_20330,person
user_20331,person
user_20332,person
user_20333,person
user_20334,person
user_20335,person
user_20336,person
user_20337,person
user_20338,person
user_20339,person
user_20340,person
user_20341,person
user_20342,person
user_20343,person
user_20344,person
user_20345,person
user_20346,person
user_20347,person
user_20348,person
user_20349,person
user_20350,person
user_20351,person
user_20352,person
user_20353,person
user_20354,person
user_20355,person
user_20356,person
user_20357,person
user_20358,person
user_20359,person
user_20360,person
user_20361,person
user_20362,person
user_20363,person
user_20364,person
user_20365,person
user_20366,person
user_20367,person
user_20368,person
user_20369,person
user_20370,person
user_20371,person
user_20372,person
user_20373,person
user_20374,person
user_20375,person
user_20376,person
user_20377,person
user_20378,person
user_20379,person
user_20380,person
user_20381,person
user_20382,person
user_20383,person
user_20384,person
user_20385,person
user_20386,person
user_20387,person
user_20388,person
user_20389,person
user_20390,person
user_20391,person
user_20392,person
user_20393,person
user_20394,person
user_20395,person
user_20396,person
user_20397,person
user_20398,person
user_20399,person
user_20400,person
user_20401,person
user_20402,person
user_20403,person
user_20404,person
user_20405,person
user_20406,person
user_20407,person
user_20408,person
user_20409,person
user_20410,person
user_20411,person
user_20412,person
user_20413,person
user_20414,person
user_20415,person
user_20416,person
user_20417,person
user_20418,person
user_20419,person
user_20420,person
user_20421,person
user_20422,person
user_20423,person
user_20424,person
user_20425,person
user_20426,person
user_20427,person
user_20428,person
user_20429,person
user_20430,person
user_20431,person
user_20432,person
user_20433,person
user_20434,person
user_20435,person
user_20436,person
user_20437,person
user_20438,person
user_20439,person
user_20440,person
user_20441,person
user_20442,person
user_20443,person
user_20444,person
user_20445,person
user_20446,person
user_20447,person
user_20448,person
user_20449,person
user_20450,person
user_20451,person
user_20452,person
user_20453,person
user_20454,person
user_20455,person
user_20456,person
user_20457,person
user_20458,person
user_20459,person
user_20460,person
user_20461,person
user_20462,person
user_20463,person
user_20464,person
user_20465,person
user_20466,person
user_20467,person
user_20468,person
user_20469,person
user_20470,person
user_20471,person
user_20472,person
user_20473,person
user_20474,person
user_20475,person
user_20476,person
user_20477,person
user_20478,person
user_20479,person
user_20480,person
user_20481,person
user_20482,person
user_20483,person
user_20484,person
user_20485,person
user_20486,person
user_20487,person
user_20488,person
user_20489,person
user_20490,person
user_20491,person
user_20492,person
user_20493,person
user_20494,person
user_20495,person
user_20496,person
user_20497,person
user_20498,person
user_20499,person
user_20500,person
user_20501,person
user_20502,person
user_20503,person
user_20504,person
user_20505,person
user_20506,person
user_20507,person
user_20508,person
user_20509,person
user_20510,person
user_20511,person
user_20512,person
user_20513,person
user_20514,person
user_20515,person
user_20516,person
user_20517,person
user_20518,person
user_20519,person
user_20520,person
user_20521,person
user_20522,person
user_20523,person
user_20524,person
user_20525,person
user_20526,person
user_20527,person
user_20528,person
user_20529,person
user_20530,person
user_20531,person
user_20532,person
user_20533,person
user_20534,person
user_20535,person
user_20536,person
user_20537,person
user_20538,person
user_20539,person
user_20540,person
user_20541,person
user_20542,person
user_20543,person
user_20544,person
user_20545,person
user_20546,person
user_20547,person
user_20548,person
user_20549,person
user_20550,person
user_20551,person
user_20552,person
user_20553,person
user_20554,person
user_20555,person
user_20556,person
user_20557,person
user_20558,person
user_20559,person
user_20560,person
user_20561,person
user_20562,person
user_20563,person
user_20564,person
user_20565,person
user_20566,person
user_20567,person
user_20568,person
user_20569,person
user_20570,person
user_20571,person
user_20572,person
user_20573,person
user_20574,person
user_20575,person
user_20576,person
user_20577,person
user_20578,person
user_20579,person
user_20580,person
user_20581,person
user_20582,person
user_20583,person
user_20584,person
user_20585,person
user_20586,person
user_20587,person
user_20588,person
user_20589,person
user_20590,person
user_20591,person
user_20592,person
user_20593,person
user_20594,person
user_20595,person
user_20596,person
user_20597,person
user_20598,person
user_20599,person
user_20600,person
user_20601,person
user_20602,person
user_20603,person
user_20604,person
user_20605,person
user_20606,person
user_20607,person
user_20608,person
user_20609,person
user_20610,person
user_20611,person
user_20612,person
user_20613,person
user_20614,person
user_20615,person
user_20616,person
user_20617,person
user_20618,person
user_20619,person
user_20620,person
user_20621,person
user_20622,person
user_20623,person
user_20624,person
user_20625,person
user_20626,person
user_20627,person
user_20628,person
user_20629,person
user_20630,person
user_20631,person
user_20632,person
user_20633,person
user_20634,person
user_20635,person
user_20636,person
user_20637,person
user_20638,person
user_20639,person
user_20640,person
user_20641,person
user_20642,person
user_20643,person
user_20644,person
user_20645,person
user_20646,person
user_20647,person
user_20648,person
user_20649,person
user_20650,person
user_20651,person
user_20652,person
user_20653,person
user_20654,person
user_20655,person
user_20656,person
user_20657,person
user_20658,person
user_20659,person
user_20660,person
user_20661,person
user_20662,person
user_20663,person
user_20664,person
user_20665,person
user_20666,person
user_20667,person
user_20668,person
user_20669,person
user_20670,person
user_20671,person
user_20672,person
user_20673,person
user_20674,person
user_20675,person
user_20676,person
user_20677,person
user_20678,person
user_20679,person
user_20680,person
user_20681,person
user_20682,person
user_20683,person
user_20684,person
user_20685,person
user_20686,person
user_20687,person
user_20688,person
user_20689,person
user_20690,person
user_20691,person
user_20692,person
user_20693,person
user_20694,person
user_20695,person
user_20696,person
user_20697,person
user_20698,person
user_20699,person
user_20700,person
user_20701,person
user_20702,person
user_20703,person
user_20704,person
user_20705,person
user_20706,person
user_20707,person
user_20708,person
user_20709,person
user_20710,person
user_20711,person
user_20712,person
user_20713,person
user_20714,person
user_20715,person
user_20716,person
user_20717,person
user_20718,person
user_20719,person
user_20720,person
user_20721,person
user_20722,person
user_20723,person
user_20724,person
user_20725,person
user_20726,person
user_20727,person
user_20728,person
user_20729,person
user_20730,person
user_20731,person
user_20732,person
user_20733,person
user_20734,person
user_20735,person
user_20736,person
user_20737,person
user_20738,person
user_20739,person
user_20740,person
user_20741,person
user_20742,person
user_20743,person
user_20744,person
user_20745,person
user_20746,person
user_20747,person
user_20748,person
user_20749,person
user_20750,person
user_20751,person
user_20752,person
user_20753,person
user_20754,person
user_20755,person
user_20756,person
user_20757,person
user_20758,person
user_20759,person
user_20760,person
user_20761,person
user_20762,person
user_20763,person
user_20764,person
user_20765,person
user_20766,person
user_20767,person
user_20768,person
user_20769,person
user_20770,person
user_20771,person
user_20772,person
user_20773,person
user_20774,person
user_20775,person
user_20776,person
user_20777,person
user_20778,person
user_20779,person
user_20780,person
user_20781,person
user_20782,person
user_20783,person
user_20784,person
user_20785,person
user_20786,person
user_20787,person
user_20788,person
user_20789,person
user_20790,person
user_20791,person
user_20792,person
user_20793,person
user_20794,person
user_20795,person
user_20796,person
user_20797,person
user_20798,person
user_20799,person
user_20800,person
user_20801,person
user_20802,person
user_20803,person
user_20804,person
user_20805,person
user_20806,person
user_20807,person
user_20808,person
user_20809,person
user_20810,person
user_20811,person
user_20812,person
user_20813,person
user_20814,person
user_20815,person
user_20816,person
user_20817,person
user_20818,person
user_20819,person
user_20820,person
user_20821,person
user_20822,person
user_20823,person
user_20824,person
user_20825,person
user_20826,person
user_20827,person
user_20828,person
user_20829,person
user_20830,person
user_20831,person
user_20832,person
user_20833,person
user_20834,person
user_20835,person
user_20836,person
user_20837,person
user_20838,person
user_20839,person
user_20840,person
user_20841,person
user_20842,person
user_20843,person
user_20844,person
user_20845,person
user_20846,person
user_20847,person
user_20848,person
user_20849,person
user_20850,person
user_20851,person
user_20852,person
user_20853,person
user_20854,person
user_20855,person
user_20856,person
user_20857,person
user_20858,person
user_20859,person
user_20860,person
user_20861,person
user_20862,person
user_20863,person
user_20864,person
user_20865,person
user_20866,person
user_20867,person
user_20868,person
user_20869,person
user_20870,person
user_20871,person
user_20872,person
user_20873,person
user_20874,person
user_20875,person
user_20876,person
user_20877,person
user_20878,person
user_20879,person
user_20880,person
user_20881,person
user_20882,person
user_20883,person
user_20884,person
user_20885,person
user_20886,person
user_20887,person
user_20888,person
user_20889,person
user_20890,person
user_20891,person
user_20892,person
user_20893,person
user_20894,person
user_20895,person
user_20896,person
user_20897,person
user_20898,person
user_20899,person
user_20900,person
user_20901,person
user_20902,person
user_20903,person
user_20904,person
user_20905,person
user_20906,person
user_20907,person
user_20908,person
user_20909,person
user_20910,person
user_20911,person
user_20912,person
user_20913,person
user_20914,person
user_20915,person
user_20916,person
user_20917,person
user_20918,person
user_20919,person
user_20920,person
user_20921,person
user_20922,person
user_20923,person
user_20924,person
user_20925,person
user_20926,person
user_20927,person
user_20928,person
user_20929,person
user_20930,person
user_20931,person
user_20932,person
user_20933,person
user_20934,person
user_20935,person
user_20936,person
user_20937,person
user_20938,person
user_20939,person
user_20940,person
user_20941,person
user_20942,person
user_20943,person
user_20944,person
user_20945,person
user_20946,person
user_20947,person
user_20948,person
user_20949,person
user_20950,person
user_20951,person
user_20952,person
user_20953,person
user_20954,person
user_20955,person
user_20956,person
user_20957,person
user_20958,person
user_20959,person
user_20960,person
user_20961,person
user_20962,person
user_20963,person
user_20964,person
user_20965,person
user_20966,person
user_20967,person
user_20968,person
user_20969,person
user_20970,person
user_20971,person
user_20972,person
user_20973,person
user_20974,person
user_20975,person
user_20976,person
user_20977,person
user_20978,person
user_20979,person
user_20980,person
user_20981,person
user_20982,person
user_20983,person
user_20984,person
user_20985,person
user_20986,person
user_20987,person
user_20988,person
user_20989,person
user_20990,person
user_20991,person
user_20992,person
user_20993,person
user_20994,person
user_20995,person
user_20996,person
user_20997,person
user_20998,person
user_20999,person
user_21000,person
user_21001,person
user_21002,person
user_21003,person
user_21004,person
user_21005,person
user_21006,person
user_21007,person
user_21008,person
user_21009,person
user_21010,person
user_21011,person
user_21012,person
user_21013,person
user_21014,person
user_21015,person
user_21016,person
user_21017,person
user_21018,person
user_21019,person
user_21020,person
user_21021,person
user_21022,person
user_21023,person
user_21024,person
user_21025,person
user_21026,person
user_21027,person
user_21028,person
user_21029,person
user_21030,person
user_21031,person
user_21032,person
user_21033,person
user_21034,person
user_21035,person
user_21036,person
user_21037,person
user_21038,person
user_21039,person
user_21040,person
user_21041,person
user_21042,person
user_21043,person
user_21044,person
user_21045,person
user_21046,person
user_21047,person
user_21048,person
user_21049,person
user_21050,person
user_21051,person
user_21052,person
user_21053,person
user_21054,person
user_21055,person
user_21056,person
user_21057,person
user_21058,person
user_21059,person
user_21060,person
user_21061,person
user_21062,person
user_21063,person
user_21064,person
user_21065,person
user_21066,person
user_21067,person
user_21068,person
user_21069,person
user_21070,person
user_21071,person
user_21072,person
user_21073,person
user_21074,person
user_21075,person
user_21076,person
user_21077,person
user_21078,person
user_21079,person
user_21080,person
user_21081,person
user_21082,person
user_21083,person
user_21084,person
user_21085,person
user_21086,person
user_21087,person
user_21088,person
user_21089,person
user_21090,person
user_21091,person
user_21092,person
user_21093,person
user_21094,person
user_21095,person
user_21096,person
user_21097,person
user_21098,person
user_21099,person
user_21100,person
user_21101,person
user_21102,person
user_21103,person
user_21104,person
user_21105,person
user_21106,person
user_21107,person
user_21108,person
user_21109,person
user_21110,person
user_21111,person
user_21112,person
user_21113,person
user_21114,person
user_21115,person
user_21116,person
user_21117,person
user_21118,person
user_21119,person
user_21120,person
user_21121,person
user_21122,person
user_21123,person
user_21124,person
user_21125,person
user_21126,person
user_21127,person
user_21128,person
user_21129,person
user_21130,person
user_21131,person
user_21132,person
user_21133,person
user_21134,person
user_21135,person
user_21136,person
user_21137,person
user_21138,person
user_21139,person
user_21140,person
user_21141,person
user_21142,person
user_21143,person
user_21144,person
user_21145,person
user_21146,person
user_21147,person
user_21148,person
user_21149,person
user_21150,person
user_21151,person
user_21152,person
user_21153,person
user_21154,person
user_21155,person
user_21156,person
user_21157,person
user_21158,person
user_21159,person
user_21160,person
user_21161,person
user_21162,person
user_21163,person
user_21164,person
user_21165,person
user_21166,person
user_21167,person
user_21168,person
user_21169,person
user_21170,person
user_21171,person
user_21172,person
user_21173,person
user_21174,person
user_21175,person
user_21176,person
user_21177,person
user_21178,person
user_21179,person
user_21180,person
user_21181,person
user_21182,person
user_21183,person
user_21184,person
user_21185,person
user_21186,person
user_21187,person
user_21188,person
user_21189,person
user_21190,person
user_21191,person
user_21192,person
user_21193,person
user_21194,person
user_21195,person
user_21196,person
user_21197,person
user_21198,person
user_21199,person
user_21200,person
user_21201,person
user_21202,person
user_21203,person
user_21204,person
user_21205,person
user_21206,person
user_21207,person
user_21208,person
user_21209,person
user_21210,person
user_21211,person
user_21212,person
user_21213,person
user_21214,person
user_21215,person
user_21216,person
user_21217,person
user_21218,person
user_21219,person
user_21220,person
user_21221,person
user_21222,person
user_21223,person
user_21224,person
user_21225,person
user_21226,person
user_21227,person
user_21228,person
user_21229,person
user_21230,person
user_21231,person
user_21232,person
user_21233,person
user_21234,person
user_21235,person
user_21236,person
user_21237,person
user_21238,person
user_21239,person
user_21240,person
user_21241,person
user_21242,person
user_21243,person
user_21244,person
user_21245,person
user_21246,person
user_21247,person
user_21248,person
user_21249,person
user_21250,person
user_21251,person
user_21252,person
user_21253,person
user_21254,person
user_21255,person
user_21256,person
user_21257,person
user_21258,person
user_21259,person
user_21260,person
user_21261,person
user_21262,person
user_21263,person
user_21264,person
user_21265,person
user_21266,person
user_21267,person
user_21268,person
user_21269,person
user_21270,person
user_21271,person
user_21272,person
user_21273,person
user_21274,person
user_21275,person
user_21276,person
user_21277,person
user_21278,person
user_21279,person
user_21280,person
user_21281,person
user_21282,person
user_21283,person
user_21284,person
user_21285,person
user_21286,person
user_21287,person
user_21288,person
user_21289,person
user_21290,person
user_21291,person
user_21292,person
user_21293,person
user_21294,person
user_21295,person
user_21296,person
user_21297,person
user_21298,person
user_21299,person
user_21300,person
user_21301,person
user_21302,person
user_21303,person
user_21304,person
user_21305,person
user_21306,person
user_21307,person
user_21308,person
user_21309,person
user_21310,person
user_21311,person
user_21312,person
user_21313,person
user_21314,person
user_21315,person
user_21316,person
user_21317,person
user_21318,person
user_21319,person
user_21320,person
user_21321,person
user_21322,person
user_21323,person
user_21324,person
user_21325,person
user_21326,person
user_21327,person
user_21328,person
user_21329,person
user_21330,person
user_21331,person
user_21332,person
user_21333,person
user_21334,person
user_21335,person
user_21336,person
user_21337,person
user_21338,person
user_21339,person
user_21340,person
user_21341,person
user_21342,person
user_21343,person
user_21344,person
user_21345,person
user_21346,person
user_21347,person
user_21348,person
user_21349,person
user_21350,person
user_21351,person
user_21352,person
user_21353,person
user_21354,person
user_21355,person
user_21356,person
user_21357,person
user_21358,person
user_21359,person
user_21360,person
user_21361,person
user_21362,person
user_21363,person
user_21364,person
user_21365,person
user_21366,person
user_21367,person
user_21368,person
user_21369,person
user_21370,person
user_21371,person
user_21372,person
user_21373,person
user_21374,person
user_21375,person
user_21376,person
user_21377,person
user_21378,person
user_21379,person
user_21380,person
user_21381,person
user_21382,person
user_21383,person
user_21384,person
user_21385,person
user_21386,person
user_21387,person
user_21388,person
user_21389,person
user_21390,person
user_21391,person
user_21392,person
user_21393,person
user_21394,person
user_21395,person
user_21396,person
user_21397,person
user_21398,person
user_21399,person
user_21400,person
user_21401,person
user_21402,person
user_21403,person
user_21404,person
user_21405,person
user_21406,person
user_21407,person
user_21408,person
user_21409,person
user_21410,person
user_21411,person
user_21412,person
user_21413,person
user_21414,person
user_21415,person
user_21416,person
user_21417,person
user_21418,person
user_21419,person
user_21420,person
user_21421,person
user_21422,person
user_21423,person
user_21424,person
user_21425,person
user_21426,person
user_21427,person
user_21428,person
user_21429,person
user_21430,person
user_21431,person
user_21432,person
user_21433,person
user_21434,person
user_21435,person
user_21436,person
user_21437,person
user_21438,person
user_21439,person
user_21440,person
user_21441,person
user_21442,person
user_21443,person
user_21444,person
user_21445,person
user_21446,person
user_21447,person
user_21448,person
user_21449,person
user_21450,person
user_21451,person
user_21452,person
user_21453,person
user_21454,person
user_21455,person
user_21456,person
user_21457,person
user_21458,person
user_21459,person
user_21460,person
user_21461,person
user_21462,person
user_21463,person
user_21464,person
user_21465,person
user_21466,person
user_21467,person
user_21468,person
user_21469,person
user_21470,person
user_21471,person
user_21472,person
user_21473,person
user_21474,person
user_21475,person
user_21476,person
user_21477,person
user_21478,person
user_21479,person
user_21480,person
user_21481,person
user_21482,person
user_21483,person
user_21484,person
user_21485,person
user_21486,person
user_21487,person
user_21488,person
user_21489,person
user_21490,person
user_21491,person
user_21492,person
user_21493,person
user_21494,person
user_21495,person
user_21496,person
user_21497,person
user_21498,person
user_21499,person
user_21500,person
user_21501,person
user_21502,person
user_21503,person
user_21504,person
user_21505,person
user_21506,person
user_21507,person
user_21508,person
user_21509,person
user_21510,person
user_21511,person
user_21512,person
user_21513,person
user_21514,person
user_21515,person
user_21516,person
user_21517,person
user_21518,person
user_21519,person
user_21520,person
user_21521,person
user_21522,person
user_21523,person
user_21524,person
user_21525,person
user_21526,person
user_21527,person
user_21528,person
user_21529,person
user_21530,person
user_21531,person
user_21532,person
user_21533,person
user_21534,person
user_21535,person
user_21536,person
user_21537,person
user_21538,person
user_21539,person
user_21540,person
user_21541,person
user_21542,person
user_21543,person
user_21544,person
user_21545,person
user_21546,person
user_21547,person
user_21548,person
user_21549,person
user_21550,person
user_21551,person
user_21552,person
user_21553,person
user_21554,person
user_21555,person
user_21556,person
user_21557,person
user_21558,person
user_21559,person
user_21560,person
user_21561,person
user_21562,person
user_21563,person
user_21564,person
user_21565,person
user_21566,person
user_21567,person
user_21568,person
user_21569,person
user_21570,person
user_21571,person
user_21572,person
user_21573,person
user_21574,person
user_21575,person
user_21576,person
user_21577,person
user_21578,person
user_21579,person
user_21580,person
user_21581,person
user_21582,person
user_21583,person
user_21584,person
user_21585,person
user_21586,person
user_21587,person
user_21588,person
user_21589,person
user_21590,person
user_21591,person
user_21592,person
user_21593,person
user_21594,person
user_21595,person
user_21596,person
user_21597,person
user_21598,person
user_21599,person
user_21600,person
user_21601,person
user_21602,person
user_21603,person
user_21604,person
user_21605,person
user_21606,person
user_21607,person
user_21608,person
user_21609,person
user_21610,person
user_21611,person
user_21612,person
user_21613,person
user_21614,person
user_21615,person
user_21616,person
user_21617,person
user_21618,person
user_21619,person
user_21620,person
user_21621,person
user_21622,person
user_21623,person
user_21624,person
user_21625,person
user_21626,person
user_21627,person
user_21628,person
user_21629,person
user_21630,person
user_21631,person
user_21632,person
user_21633,person
user_21634,person
user_21635,person
user_21636,person
user_21637,person
user_21638,person
user_21639,person
user_21640,person
user_21641,person
user_21642,person
user_21643,person
user_21644,person
user_21645,person
user_21646,person
user_21647,person
user_21648,person
user_21649,person
user_21650,person
user_21651,person
user_21652,person
user_21653,person
user_21654,person
user_21655,person
user_21656,person
user_21657,person
user_21658,person
user_21659,person
user_21660,person
user_21661,person
user_21662,person
user_21663,person
user_21664,person
user_21665,person
user_21666,person
user_21667,person
user_21668,person
user_21669,person
user_21670,person
user_21671,person
user_21672,person
user_21673,person
user_21674,person
user_21675,person
user_21676,person
user_21677,person
user_21678,person
user_21679,person
user_21680,person
user_21681,person
user_21682,person
user_21683,person
user_21684,person
user_21685,person
user_21686,person
user_21687,person
user_21688,person
user_21689,person
user_21690,person
user_21691,person
user_21692,person
user_21693,person
user_21694,person
user_21695,person
user_21696,person
user_21697,person
user_21698,person
user_21699,person
user_21700,person
user_21701,person
user_21702,person
user_21703,person
user_21704,person
user_21705,person
user_21706,person
user_21707,person
user_21708,person
user_21709,person
user_21710,person
user_21711,person
user_21712,person
user_21713,person
user_21714,person
user_21715,person
user_21716,person
user_21717,person
user_21718,person
user_21719,person
user_21720,person
user_21721,person
user_21722,person
user_21723,person
user_21724,person
user_21725,person
user_21726,person
user_21727,person
user_21728,person
user_21729,person
user_21730,person
user_21731,person
user_21732,person
user_21733,person
user_21734,person
user_21735,person
user_21736,person
user_21737,person
user_21738,person
user_21739,person
user_21740,person
user_21741,person
user_21742,person
user_21743,person
user_21744,person
user_21745,person
user_21746,person
user_21747,person
user_21748,person
user_21749,person
user_21750,person
user_21751,person
user_21752,person
user_21753,person
user_21754,person
user_21755,person
user_21756,person
user_21757,person
user_21758,person
user_21759,person
user_21760,person
user_21761,person
user_21762,person
user_21763,person
user_21764,person
user_21765,person
user_21766,person
user_21767,person
user_21768,person
user_21769,person
user_21770,person
user_21771,person
user_21772,person
user_21773,person
user_21774,person
user_21775,person
user_21776,person
user_21777,person
user_21778,person
user_21779,person
user_21780,person
user_21781,person
user_21782,person
user_21783,person
user_21784,person
user_21785,person
user_21786,person
user_21787,person
user_21788,person
user_21789,person
user_21790,person
user_21791,person
user_21792,person
user_21793,person
user_21794,person
user_21795,person
user_21796,person
user_21797,person
user_21798,person
user_21799,person
user_21800,person
user_21801,person
user_21802,person
user_21803,person
user_21804,person
user_21805,person
user_21806,person
user_21807,person
user_21808,person
user_21809,person
user_21810,person
user_21811,person
user_21812,person
user_21813,person
user_21814,person
user_21815,person
user_21816,person
user_21817,person
user_21818,person
user_21819,person
user_21820,person
user_21821,person
user_21822,person
user_21823,person
user_21824,person
user_21825,person
user_21826,person
user_21827,person
user_21828,person
user_21829,person
user_21830,person
user_21831,person
user_21832,person
user_21833,person
user_21834,person
user_21835,person
user_21836,person
user_21837,person
user_21838,person
user_21839,person
user_21840,person
user_21841,person
user_21842,person
user_21843,person
user_21844,person
user_21845,person
user_21846,person
user_21847,person
user_21848,person
user_21849,person
user_21850,person
user_21851,person
user_21852,person
user_21853,person
user_21854,person
user_21855,person
user_21856,person
user_21857,person
user_21858,person
user_21859,person
user_21860,person
user_21861,person
user_21862,person
user_21863,person
user_21864,person
user_21865,person
user_21866,person
user_21867,person
user_21868,person
user_21869,person
user_21870,person
user_21871,person
user_21872,person
user_21873,person
user_21874,person
user_21875,person
user_21876,person
user_21877,person
user_21878,person
user_21879,person
user_21880,person
user_21881,person
user_21882,person
user_21883,person
user_21884,person
user_21885,person
user_21886,person
user_21887,person
user_21888,person
user_21889,person
user_21890,person
user_21891,person
user_21892,person
user_21893,person
user_21894,person
user_21895,person
user_21896,person
user_21897,person
user_21898,person
user_21899,person
user_21900,person
user_21901,person
user_21902,person
user_21903,person
user_21904,person
user_21905,person
user_21906,person
user_21907,person
user_21908,person
user_21909,person
user_21910,person
user_21911,person
user_21912,person
user_21913,person
user_21914,person
user_21915,person
user_21916,person
user_21917,person
user_21918,person
user_21919,person
user_21920,person
user_21921,person
user_21922,person
user_21923,person
user_21924,person
user_21925,person
user_21926,person
user_21927,person
user_21928,person
user_21929,person
user_21930,person
user_21931,person
user_21932,person
user_21933,person
user_21934,person
user_21935,person
user_21936,person
user_21937,person
user_21938,person
user_21939,person
user_21940,person
user_21941,person
user_21942,person
user_21943,person
user_21944,person
user_21945,person
user_21946,person
user_21947,person
user_21948,person
user_21949,person
user_21950,person
user_21951,person
user_21952,person
user_21953,person
user_21954,person
user_21955,person
user_21956,person
user_21957,person
user_21958,person
user_21959,person
user_21960,person
user_21961,person
user_21962,person
user_21963,person
user_21964,person
user_21965,person
user_21966,person
user_21967,person
user_21968,person
user_21969,person
user_21970,person
user_21971,person
user_21972,person
user_21973,person
user_21974,person
user_21975,person
user_21976,person
user_21977,person
user_21978,person
user_21979,person
user_21980,person
user_21981,person
user_21982,person
user_21983,person
user_21984,person
user_21985,person
user_21986,person
user_21987,person
user_21988,person
user_21989,person
user_21990,person
user_21991,person
user_21992,person
user_21993,person
user_21994,person
user_21995,person
user_21996,person
user_21997,person
user_21998,person
user_21999,person
user_22000,person
user_22001,person
user_22002,person
user_22003,person
user_22004,person
user_22005,person
user_22006,person
user_22007,person
user_22008,person
user_22009,person
user_22010,person
user_22011,person
user_22012,person
user_22013,person
user_22014,person
user_22015,person
user_22016,person
user_22017,person
user_22018,person
user_22019,person
user_22020,person
user_22021,person
user_22022,person
user_22023,person
user_22024,person
user_22025,person
user_22026,person
user_22027,person
user_22028,person
user_22029,person
user_22030,person
user_22031,person
user_22032,person
user_22033,person
user_22034,person
user_22035,person
user_22036,person
user_22037,person
user_22038,person
user_22039,person
user_22040,person
user_22041,person
user_22042,person
user_22043,person
user_22044,person
user_22045,person
user_22046,person
user_22047,person
user_22048,person
user_22049,person
user_22050,person
user_22051,person
user_22052,person
user_22053,person
user_22054,person
user_22055,person
user_22056,person
user_22057,person
user_22058,person
user_22059,person
user_22060,person
user_22061,person
user_22062,person
user_22063,person
user_22064,person
user_22065,person
user_22066,person
user_22067,person
user_22068,person
user_22069,person
user_22070,person
user_22071,person
user_22072,person
user_22073,person
user_22074,person
user_22075,person
user_22076,person
user_22077,person
user_22078,person
user_22079,person
user_22080,person
user_22081,person
user_22082,person
user_22083,person
user_22084,person
user_22085,person
user_22086,person
user_22087,person
user_22088,person
user_22089,person
user_22090,person
user_22091,person
user_22092,person
user_22093,person
user_22094,person
user_22095,person
user_22096,person
user_22097,person
user_22098,person
user_22099,person
user_22100,person
user_22101,person
user_22102,person
user_22103,person
user_22104,person
user_22105,person
user_22106,person
user_22107,person
user_22108,person
user_22109,person
user_22110,person
user_22111,person
user_22112,person
user_22113,person
user_22114,person
user_22115,person
user_22116,person
user_22117,person
user_22118,person
user_22119,person
user_22120,person
user_22121,person
user_22122,person
user_22123,person
user_22124,person
user_22125,person
user_22126,person
user_22127,person
user_22128,person
user_22129,person
user_22130,person
user_22131,person
user_22132,person
user_22133,person
user_22134,person
user_22135,person
user_22136,person
user_22137,person
user_22138,person
user_22139,person
user_22140,person
user_22141,person
user_22142,person
user_22143,person
user_22144,person
user_22145,person
user_22146,person
user_22147,person
user_22148,person
user_22149,person
user_22150,person
user_22151,person
user_22152,person
user_22153,person
user_22154,person
user_22155,person
user_22156,person
user_22157,person
user_22158,person
user_22159,person
user_22160,person
user_22161,person
user_22162,person
user_22163,person
user_22164,person
user_22165,person
user_22166,person
user_22167,person
user_22168,person
user_22169,person
user_22170,person
user_22171,person
user_22172,person
user_22173,person
user_22174,person
user_22175,person
user_22176,person
user_22177,person
user_22178,person
user_22179,person
user_22180,person
user_22181,person
user_22182,person
user_22183,person
user_22184,person
user_22185,person
user_22186,person
user_22187,person
user_22188,person
user_22189,person
user_22190,person
user_22191,person
user_22192,person
user_22193,person
user_22194,person
user_22195,person
user_22196,person
user_22197,person
user_22198,person
user_22199,person
user_22200,person
user_22201,person
user_22202,person
user_22203,person
user_22204,person
user_22205,person
user_22206,person
user_22207,person
user_22208,person
user_22209,person
user_22210,person
user_22211,person
user_22212,person
user_22213,person
user_22214,person
user_22215,person
user_22216,person
user_22217,person
user_22218,person
user_22219,person
user_22220,person
user_22221,person
user_22222,person
user_22223,person
user_22224,person
user_22225,person
user_22226,person
user_22227,person
user_22228,person
user_22229,person
user_22230,person
user_22231,person
user_22232,person
user_22233,person
user_22234,person
user_22235,person
user_22236,person
user_22237,person
user_22238,person
user_22239,person
user_22240,person
user_22241,person
user_22242,person
user_22243,person
user_22244,person
user_22245,person
user_22246,person
user_22247,person
user_22248,person
user_22249,person
user_22250,person
user_22251,person
user_22252,person
user_22253,person
user_22254,person
user_22255,person
user_22256,person
user_22257,person
user_22258,person
user_22259,person
user_22260,person
user_22261,person
user_22262,person
user_22263,person
user_22264,person
user_22265,person
user_22266,person
user_22267,person
user_22268,person
user_22269,person
user_22270,person
user_22271,person
user_22272,person
user_22273,person
user_22274,person
user_22275,person
user_22276,person
user_22277,person
user_22278,person
user_22279,person
user_22280,person
user_22281,person
user_22282,person
user_22283,person
user_22284,person
user_22285,person
user_22286,person
user_22287,person
user_22288,person
user_22289,person
user_22290,person
user_22291,person
user_22292,person
user_22293,person
user_22294,person
user_22295,person
user_22296,person
user_22297,person
user_22298,person
user_22299,person
user_22300,person
user_22301,person
user_22302,person
user_22303,person
user_22304,person
user_22305,person
user_22306,person
user_22307,person
user_22308,person
user_22309,person
user_22310,person
user_22311,person
user_22312,person
user_22313,person
user_22314,person
user_22315,person
user_22316,person
user_22317,person
user_22318,person
user_22319,person
user_22320,person
user_22321,person
user_22322,person
user_22323,person
user_22324,person
user_22325,person
user_22326,person
user_22327,person
user_22328,person
user_22329,person
user_22330,person
user_22331,person
user_22332,person
user_22333,person
user_22334,person
user_22335,person
user_22336,person
user_22337,person
user_22338,person
user_22339,person
user_22340,person
user_22341,person
user_22342,person
user_22343,person
user_22344,person
user_22345,person
user_22346,person
user_22347,person
user_22348,person
user_22349,person
user_22350,person
user_22351,person
user_22352,person
user_22353,person
user_22354,person
user_22355,person
user_22356,person
user_22357,person
user_22358,person
user_22359,person
user_22360,person
user_22361,person
user_22362,person
user_22363,person
user_22364,person
user_22365,person
user_22366,person
user_22367,person
user_22368,person
user_22369,person
user_22370,person
user_22371,person
user_22372,person
user_22373,person
user_22374,person
user_22375,person
user_22376,person
user_22377,person
user_22378,person
user_22379,person
user_22380,person
user_22381,person
user_22382,person
user_22383,person
user_22384,person
user_22385,person
user_22386,person
user_22387,person
user_22388,person
user_22389,person
user_22390,person
user_22391,person
user_22392,person
user_22393,person
user_22394,person
user_22395,person
user_22396,person
user_22397,person
user_22398,person
user_22399,person
user_22400,person
user_22401,person
user_22402,person
user_22403,person
user_22404,person
user_22405,person
user_22406,person
user_22407,person
user_22408,person
user_22409,person
user_22410,person
user_22411,person
user_22412,person
user_22413,person
user_22414,person
user_22415,person
user_22416,person
user_22417,person
user_22418,person
user_22419,person
user_22420,person
user_22421,person
user_22422,person
user_22423,person
user_22424,person
user_22425,person
user_22426,person
user_22427,person
user_22428,person
user_22429,person
user_22430,person
user_22431,person
user_22432,person
user_22433,person
user_22434,person
user_22435,person
user_22436,person
user_22437,person
user_22438,person
user_22439,person
user_22440,person
user_22441,person
user_22442,person
user_22443,person
user_22444,person
user_22445,person
user_22446,person
user_22447,person
user_22448,person
user_22449,person
user_22450,person
user_22451,person
user_22452,person
user_22453,person
user_22454,person
user_22455,person
user_22456,person
user_22457,person
user_22458,person
user_22459,person
user_22460,person
user_22461,person
user_22462,person
user_22463,person
user_22464,person
user_22465,person
user_22466,person
user_22467,person
user_22468,person
user_22469,person
user_22470,person
user_22471,person
user_22472,person
user_22473,person
user_22474,person
user_22475,person
user_22476,person
user_22477,person
user_22478,person
user_22479,person
user_22480,person
user_22481,person
user_22482,person
user_22483,person
user_22484,person
user_22485,person
user_22486,person
user_22487,person
user_22488,person
user_22489,person
user_22490,person
user_22491,person
user_22492,person
user_22493,person
user_22494,person
user_22495,person
user_22496,person
user_22497,person
user_22498,person
user_22499,person
user_22500,person
user_22501,person
user_22502,person
user_22503,person
user_22504,person
user_22505,person
user_22506,person
user_22507,person
user_22508,person
user_22509,person
user_22510,person
user_22511,person
user_22512,person
user_22513,person
user_22514,person
user_22515,person
user_22516,person
user_22517,person
user_22518,person
user_22519,person
user_22520,person
user_22521,person
user_22522,person
user_22523,person
user_22524,person
user_22525,person
user_22526,person
user_22527,person
user_22528,person
user_22529,person
user_22530,person
user_22531,person
user_22532,person
user_22533,person
user_22534,person
user_22535,person
user_22536,person
user_22537,person
user_22538,person
user_22539,person
user_22540,person
user_22541,person
user_22542,person
user_22543,person
user_22544,person
user_22545,person
user_22546,person
user_22547,person
user_22548,person
user_22549,person
user_22550,person
user_22551,person
user_22552,person
user_22553,person
user_22554,person
user_22555,person
user_22556,person
user_22557,person
user_22558,person
user_22559,person
user_22560,person
user_22561,person
user_22562,person
user_22563,person
user_22564,person
user_22565,person
user_22566,person
user_22567,person
user_22568,person
user_22569,person
user_22570,person
user_22571,person
user_22572,person
user_22573,person
user_22574,person
user_22575,person
user_22576,person
user_22577,person
user_22578,person
user_22579,person
user_22580,person
user_22581,person
user_22582,person
user_22583,person
user_22584,person
user_22585,person
user_22586,person
user_22587,person
user_22588,person
user_22589,person
user_22590,person
user_22591,person
user_22592,person
user_22593,person
user_22594,person
user_22595,person
user_22596,person
user_22597,person
user_22598,person
user_22599,person
user_22600,person
user_22601,person
user_22602,person
user_22603,person
user_22604,person
user_22605,person
user_22606,person
user_22607,person
user_22608,person
user_22609,person
user_22610,person
user_22611,person
user_22612,person
user_22613,person
user_22614,person
user_22615,person
user_22616,person
user_22617,person
user_22618,person
user_22619,person
user_22620,person
user_22621,person
user_22622,person
user_22623,person
user_22624,person
user_22625,person
user_22626,person
user_22627,person
user_22628,person
user_22629,person
user_22630,person
user_22631,person
user_22632,person
user_22633,person
user_22634,person
user_22635,person
user_22636,person
user_22637,person
user_22638,person
user_22639,person
user_22640,person
user_22641,person
user_22642,person
user_22643,person
user_22644,person
user_22645,person
user_22646,person
user_22647,person
user_22648,person
user_22649,person
user_22650,person
user_22651,person
user_22652,person
user_22653,person
user_22654,person
user_22655,person
user_22656,person
user_22657,person
user_22658,person
user_22659,person
user_22660,person
user_22661,person
user_22662,person
user_22663,person
user_22664,person
user_22665,person
user_22666,person
user_22667,person
user_22668,person
user_22669,person
user_22670,person
user_22671,person
user_22672,person
user_22673,person
user_22674,person
user_22675,person
user_22676,person
user_22677,person
user_22678,person
user_22679,person
user_22680,person
user_22681,person
user_22682,person
user_22683,person
user_22684,person
user_22685,person
user_22686,person
user_22687,person
user_22688,person
user_22689,person
user_22690,person
user_22691,person
user_22692,person
user_22693,person
user_22694,person
user_22695,person
user_22696,person
user_22697,person
user_22698,person
user_22699,person
user_22700,person
user_22701,person
user_22702,person
user_22703,person
user_22704,person
user_22705,person
user_22706,person
user_22707,person
user_22708,person
user_22709,person
user_22710,person
user_22711,person
user_22712,person
user_22713,person
user_22714,person
user_22715,person
user_22716,person
user_22717,person
user_22718,person
user_22719,person
user_22720,person
user_22721,person
user_22722,person
user_22723,person
user_22724,person
user_22725,person
user_22726,person
user_22727,person
user_22728,person
user_22729,person
user_22730,person
user_22731,person
user_22732,person
user_22733,person
user_22734,person
user_22735,person
user_22736,person
user_22737,person
user_22738,person
user_22739,person
user_22740,person
user_22741,person
user_22742,person
user_22743,person
user_22744,person
user_22745,person
user_22746,person
user_22747,person
user_22748,person
user_22749,person
user_22750,person
user_22751,person
user_22752,person
user_22753,person
user_22754,person
user_22755,person
user_22756,person
user_22757,person
user_22758,person
user_22759,person
user_22760,person
user_22761,person
user_22762,person
user_22763,person
user_22764,person
user_22765,person
user_22766,person
user_22767,person
user_22768,person
user_22769,person
user_22770,person
user_22771,person
user_22772,person
user_22773,person
user_22774,person
user_22775,person
user_22776,person
user_22777,person
user_22778,person
user_22779,person
user_22780,person
user_22781,person
user_22782,person
user_22783,person
user_22784,person
user_22785,person
user_22786,person
user_22787,person
user_22788,person
user_22789,person
user_22790,person
user_22791,person
user_22792,person
user_22793,person
user_22794,person
user_22795,person
user_22796,person
user_22797,person
user_22798,person
user_22799,person
user_22800,person
user_22801,person
user_22802,person
user_22803,person
user_22804,person
user_22805,person
user_22806,person
user_22807,person
user_22808,person
user_22809,person
user_22810,person
user_22811,person
user_22812,person
user_22813,person
user_22814,person
user_22815,person
user_22816,person
user_22817,person
user_22818,person
user_22819,person
user_22820,person
user_22821,person
user_22822,person
user_22823,person
user_22824,person
user_22825,person
user_22826,person
user_22827,person
user_22828,person
user_22829,person
user_22830,person
user_22831,person
user_22832,person
user_22833,person
user_22834,person
user_22835,person
user_22836,person
user_22837,person
user_22838,person
user_22839,person
user_22840,person
user_22841,person
user_22842,person
user_22843,person
user_22844,person
user_22845,person
user_22846,person
user_22847,person
user_22848,person
user_22849,person
user_22850,person
user_22851,person
user_22852,person
user_22853,person
user_22854,person
user_22855,person
user_22856,person
user_22857,person
user_22858,person
user_22859,person
user_22860,person
user_22861,person
user_22862,person
user_22863,person
user_22864,person
user_22865,person
user_22866,person
user_22867,person
user_22868,person
user_22869,person
user_22870,person
user_22871,person
user_22872,person
user_22873,person
user_22874,person
user_22875,person
user_22876,person
user_22877,person
user_22878,person
user_22879,person
user_22880,person
user_22881,person
user_22882,person
user_22883,person
user_22884,person
user_22885,person
user_22886,person
user_22887,person
user_22888,person
user_22889,person
user_22890,person
user_22891,person
user_22892,person
user_22893,person
user_22894,person
user_22895,person
user_22896,person
user_22897,person
user_22898,person
user_22899,person
user_22900,person
user_22901,person
user_22902,person
user_22903,person
user_22904,person
user_22905,person
user_22906,person
user_22907,person
user_22908,person
user_22909,person
user_22910,person
user_22911,person
user_22912,person
user_22913,person
user_22914,person
user_22915,person
user_22916,person
user_22917,person
user_22918,person
user_22919,person
user_22920,person
user_22921,person
user_22922,person
user_22923,person
user_22924,person
user_22925,person
user_22926,person
user_22927,person
user_22928,person
user_22929,person
user_22930,person
user_22931,person
user_22932,person
user_22933,person
user_22934,person
user_22935,person
user_22936,person
user_22937,person
user_22938,person
user_22939,person
user_22940,person
user_22941,person
user_22942,person
user_22943,person
user_22944,person
user_22945,person
user_22946,person
user_22947,person
user_22948,person
user_22949,person
user_22950,person
user_22951,person
user_22952,person
user_22953,person
user_22954,person
user_22955,person
user_22956,person
user_22957,person
user_22958,person
user_22959,person
user_22960,person
user_22961,person
user_22962,person
user_22963,person
user_22964,person
user_22965,person
user_22966,person
user_22967,person
user_22968,person
user_22969,person
user_22970,person
user_22971,person
user_22972,person
user_22973,person
user_22974,person
user_22975,person
user_22976,person
user_22977,person
user_22978,person
user_22979,person
user_22980,person
user_22981,person
user_22982,person
user_22983,person
user_22984,person
user_22985,person
user_22986,person
user_22987,person
user_22988,person
user_22989,person
user_22990,person
user_22991,person
user_22992,person
user_22993,person
user_22994,person
user_22995,person
user_22996,person
user_22997,person
user_22998,person
user_22999,person
user_23000,person
user_23001,person
user_23002,person
user_23003,person
user_23004,person
user_23005,person
user_23006,person
user_23007,person
user_23008,person
user_23009,person
user_23010,person
user_23011,person
user_23012,person
user_23013,person
user_23014,person
user_23015,person
user_23016,person
user_23017,person
user_23018,person
user_23019,person
user_23020,person
user_23021,person
user_23022,person
user_23023,person
user_23024,person
user_23025,person
user_23026,person
user_23027,person
user_23028,person
user_23029,person
user_23030,person
user_23031,person
user_23032,person
user_23033,person
user_23034,person
user_23035,person
user_23036,person
user_23037,person
user_23038,person
user_23039,person
user_23040,person
user_23041,person
user_23042,person
user_23043,person
user_23044,person
user_23045,person
user_23046,person
user_23047,person
user_23048,person
user_23049,person
user_23050,person
user_23051,person
user_23052,person
user_23053,person
user_23054,person
user_23055,person
user_23056,person
user_23057,person
user_23058,person
user_23059,person
user_23060,person
user_23061,person
user_23062,person
user_23063,person
user_23064,person
user_23065,person
user_23066,person
user_23067,person
user_23068,person
user_23069,person
user_23070,person
user_23071,person
user_23072,person
user_23073,person
user_23074,person
user_23075,person
user_23076,person
user_23077,person
user_23078,person
user_23079,person
user_23080,person
user_23081,person
user_23082,person
user_23083,person
user_23084,person
user_23085,person
user_23086,person
user_23087,person
user_23088,person
user_23089,person
user_23090,person
user_23091,person
user_23092,person
user_23093,person
user_23094,person
user_23095,person
user_23096,person
user_23097,person
user_23098,person
user_23099,person
user_23100,person
user_23101,person
user_23102,person
user_23103,person
user_23104,person
user_23105,person
user_23106,person
user_23107,person
user_23108,person
user_23109,person
user_23110,person
user_23111,person
user_23112,person
user_23113,person
user_23114,person
user_23115,person
user_23116,person
user_23117,person
user_23118,person
user_23119,person
user_23120,person
user_23121,person
user_23122,person
user_23123,person
user_23124,person
user_23125,person
user_23126,person
user_23127,person
user_23128,person
user_23129,person
user_23130,person
user_23131,person
user_23132,person
user_23133,person
user_23134,person
user_23135,person
user_23136,person
user_23137,person
user_23138,person
user_23139,person
user_23140,person
user_23141,person
user_23142,person
user_23143,person
user_23144,person
user_23145,person
user_23146,person
user_23147,person
user_23148,person
user_23149,person
user_23150,person
user_23151,person
user_23152,person
user_23153,person
user_23154,person
user_23155,person
user_23156,person
user_23157,person
user_23158,person
user_23159,person
user_23160,person
user_23161,person
user_23162,person
user_23163,person
user_23164,person
user_23165,person
user_23166,person
user_23167,person
user_23168,person
user_23169,person
user_23170,person
user_23171,person
user_23172,person
user_23173,person
user_23174,person
user_23175,person
user_23176,person
user_23177,person
user_23178,person
user_23179,person
user_23180,person
user_23181,person
user_23182,person
user_23183,person
user_23184,person
user_23185,person
user_23186,person
user_23187,person
user_23188,person
user_23189,person
user_23190,person
user_23191,person
user_23192,person
user_23193,person
user_23194,person
user_23195,person
user_23196,person
user_23197,person
user_23198,person
user_23199,person
user_23200,person
user_23201,person
user_23202,person
user_23203,person
user_23204,person
user_23205,person
user_23206,person
user_23207,person
user_23208,person
user_23209,person
user_23210,person
user_23211,person
user_23212,person
user_23213,person
user_23214,person
user_23215,person
user_23216,person
user_23217,person
user_23218,person
user_23219,person
user_23220,person
user_23221,person
user_23222,person
user_23223,person
user_23224,person
user_23225,person
user_23226,person
user_23227,person
user_23228,person
user_23229,person
user_23230,person
user_23231,person
user_23232,person
user_23233,person
user_23234,person
user_23235,person
user_23236,person
user_23237,person
user_23238,person
user_23239,person
user_23240,person
user_23241,person
user_23242,person
user_23243,person
user_23244,person
user_23245,person
user_23246,person
user_23247,person
user_23248,person
user_23249,person
user_23250,person
user_23251,person
user_23252,person
user_23253,person
user_23254,person
user_23255,person
user_23256,person
user_23257,person
user_23258,person
user_23259,person
user_23260,person
user_23261,person
user_23262,person
user_23263,person
user_23264,person
user_23265,person
user_23266,person
user_23267,person
user_23268,person
user_23269,person
user_23270,person
user_23271,person
user_23272,person
user_23273,person
user_23274,person
user_23275,person
user_23276,person
user_23277,person
user_23278,person
user_23279,person
user_23280,person
user_23281,person
user_23282,person
user_23283,person
user_23284,person
user_23285,person
user_23286,person
user_23287,person
user_23288,person
user_23289,person
user_23290,person
user_23291,person
user_23292,person
user_23293,person
user_23294,person
user_23295,person
user_23296,person
user_23297,person
user_23298,person
user_23299,person
user_23300,person
user_23301,person
user_23302,person
user_23303,person
user_23304,person
user_23305,person
user_23306,person
user_23307,person
user_23308,person
user_23309,person
user_23310,person
user_23311,person
user_23312,person
user_23313,person
user_23314,person
user_23315,person
user_23316,person
user_23317,person
user_23318,person
user_23319,person
user_23320,person
user_23321,person
user_23322,person
user_23323,person
user_23324,person
user_23325,person
user_23326,person
user_23327,person
user_23328,person
user_23329,person
user_23330,person
user_23331,person
user_23332,person
user_23333,person
user_23334,person
user_23335,person
user_23336,person
user_23337,person
user_23338,person
user_23339,person
user_23340,person
user_23341,person
user_23342,person
user_23343,person
user_23344,person
user_23345,person
user_23346,person
user_23347,person
user_23348,person
user_23349,person
user_23350,person
user_23351,person
user_23352,person
user_23353,person
user_23354,person
user_23355,person
user_23356,person
user_23357,person
user_23358,person
user_23359,person
user_23360,person
user_23361,person
user_23362,person
user_23363,person
user_23364,person
user_23365,person
user_23366,person
user_23367,person
user_23368,person
user_23369,person
user_23370,person
user_23371,person
user_23372,person
user_23373,person
user_23374,person
user_23375,person
user_23376,person
user_23377,person
user_23378,person
user_23379,person
user_23380,person
user_23381,person
user_23382,person
user_23383,person
user_23384,person
user_23385,person
user_23386,person
user_23387,person
user_23388,person
user_23389,person
user_23390,person
user_23391,person
user_23392,person
user_23393,person
user_23394,person
user_23395,person
user_23396,person
user_23397,person
user_23398,person
user_23399,person
user_23400,person
user_23401,person
user_23402,person
user_23403,person
user_23404,person
user_23405,person
user_23406,person
user_23407,person
user_23408,person
user_23409,person
user_23410,person
user_23411,person
user_23412,person
user_23413,person
user_23414,person
user_23415,person
user_23416,person
user_23417,person
user_23418,person
user_23419,person
user_23420,person
user_23421,person
user_23422,person
user_23423,person
user_23424,person
user_23425,person
user_23426,person
user_23427,person
user_23428,person
user_23429,person
user_23430,person
user_23431,person
user_23432,person
user_23433,person
user_23434,person
user_23435,person
user_23436,person
user_23437,person
user_23438,person
user_23439,person
user_23440,person
user_23441,person
user_23442,person
user_23443,person
user_23444,person
user_23445,person
user_23446,person
user_23447,person
user_23448,person
user_23449,person
user_23450,person
user_23451,person
user_23452,person
user_23453,person
user_23454,person
user_23455,person
user_23456,person
user_23457,person
user_23458,person
user_23459,person
user_23460,person
user_23461,person
user_23462,person
user_23463,person
user_23464,person
user_23465,person
user_23466,person
user_23467,person
user_23468,person
user_23469,person
user_23470,person
user_23471,person
user_23472,person
user_23473,person
user_23474,person
user_23475,person
user_23476,person
user_23477,person
user_23478,person
user_23479,person
user_23480,person
user_23481,person
user_23482,person
user_23483,person
user_23484,person
user_23485,person
user_23486,person
user_23487,person
user_23488,person
user_23489,person
user_23490,person
user_23491,person
user_23492,person
user_23493,person
user_23494,person
user_23495,person
user_23496,person
user_23497,person
user_23498,person
user_23499,person
user_23500,person
user_23501,person
user_23502,person
user_23503,person
user_23504,person
user_23505,person
user_23506,person
user_23507,person
user_23508,person
user_23509,person
user_23510,person
user_23511,person
user_23512,person
user_23513,person
user_23514,person
user_23515,person
user_23516,person
user_23517,person
user_23518,person
user_23519,person
user_23520,person
user_23521,person
user_23522,person
user_23523,person
user_23524,person
user_23525,person
user_23526,person
user_23527,person
user_23528,person
user_23529,person
user_23530,person
user_23531,person
user_23532,person
user_23533,person
user_23534,person
user_23535,person
user_23536,person
user_23537,person
user_23538,person
user_23539,person
user_23540,person
user_23541,person
user_23542,person
user_23543,person
user_23544,person
user_23545,person
user_23546,person
user_23547,person
user_23548,person
user_23549,person
user_23550,person
user_23551,person
user_23552,person
user_23553,person
user_23554,person
user_23555,person
user_23556,person
user_23557,person
user_23558,person
user_23559,person
user_23560,person
user_23561,person
user_23562,person
user_23563,person
user_23564,person
user_23565,person
user_23566,person
user_23567,person
user_23568,person
user_23569,person
user_23570,person
user_23571,person
user_23572,person
user_23573,person
user_23574,person
user_23575,person
user_23576,person
user_23577,person
user_23578,person
user_23579,person
user_23580,person
user_23581,person
user_23582,person
user_23583,person
user_23584,person
user_23585,person
user_23586,person
user_23587,person
user_23588,person
user_23589,person
user_23590,person
user_23591,person
user_23592,person
user_23593,person
user_23594,person
user_23595,person
user_23596,person
user_23597,person
user_23598,person
user_23599,person
user_23600,person
user_23601,person
user_23602,person
user_23603,person
user_23604,person
user_23605,person
user_23606,person
user_23607,person
user_23608,person
user_23609,person
user_23610,person
user_23611,person
user_23612,person
user_23613,person
user_23614,person
user_23615,person
user_23616,person
user_23617,person
user_23618,person
user_23619,person
user_23620,person
user_23621,person
user_23622,person
user_23623,person
user_23624,person
user_23625,person
user_23626,person
user_23627,person
user_23628,person
user_23629,person
user_23630,person
user_23631,person
user_23632,person
user_23633,person
user_23634,person
user_23635,person
user_23636,person
user_23637,person
user_23638,person
user_23639,person
user_23640,person
user_23641,person
user_23642,person
user_23643,person
user_23644,person
user_23645,person
user_23646,person
user_23647,person
user_23648,person
user_23649,person
user_23650,person
user_23651,person
user_23652,person
user_23653,person
user_23654,person
user_23655,person
user_23656,person
user_23657,person
user_23658,person
user_23659,person
user_23660,person
user_23661,person
user_23662,person
user_23663,person
user_23664,person
user_23665,person
user_23666,person
user_23667,person
user_23668,person
user_23669,person
user_23670,person
user_23671,person
user_23672,person
user_23673,person
user_23674,person
user_23675,person
user_23676,person
user_23677,person
user_23678,person
user_23679,person
user_23680,person
user_23681,person
user_23682,person
user_23683,person
user_23684,person
user_23685,person
user_23686,person
user_23687,person
user_23688,person
user_23689,person
user_23690,person
user_23691,person
user_23692,person
user_23693,person
user_23694,person
user_23695,person
user_23696,person
user_23697,person
user_23698,person
user_23699,person
user_23700,person
user_23701,person
user_23702,person
user_23703,person
user_23704,person
user_23705,person
user_23706,person
user_23707,person
user_23708,person
user_23709,person
user_23710,person
user_23711,person
user_23712,person
user_23713,person
user_23714,person
user_23715,person
user_23716,person
user_23717,person
user_23718,person
user_23719,person
user_23720,person
user_23721,person
user_23722,person
user_23723,person
user_23724,person
user_23725,person
user_23726,person
user_23727,person
user_23728,person
user_23729,person
user_23730,person
user_23731,person
user_23732,person
user_23733,person
user_23734,person
user_23735,person
user_23736,person
user_23737,person
user_23738,person
user_23739,person
user_23740,person
user_23741,person
user_23742,person
user_23743,person
user_23744,person
user_23745,person
user_23746,person
user_23747,person
user_23748,person
user_23749,person
user_23750,person
user_23751,person
user_23752,person
user_23753,person
user_23754,person
user_23755,person
user_23756,person
user_23757,person
user_23758,person
user_23759,person
user_23760,person
user_23761,person
user_23762,person
user_23763,person
user_23764,person
user_23765,person
user_23766,person
user_23767,person
user_23768,person
user_23769,person
user_23770,person
user_23771,person
user_23772,person
user_23773,person
user_23774,person
user_23775,person
user_23776,person
user_23777,person
user_23778,person
user_23779,person
user_23780,person
user_23781,person
user_23782,person
user_23783,person
user_23784,person
user_23785,person
user_23786,person
user_23787,person
user_23788,person
user_23789,person
user_23790,person
user_23791,person
user_23792,person
user_23793,person
user_23794,person
user_23795,person
user_23796,person
user_23797,person
user_23798,person
user_23799,person
user_23800,person
user_23801,person
user_23802,person
user_23803,person
user_23804,person
user_23805,person
user_23806,person
user_23807,person
user_23808,person
user_23809,person
user_23810,person
user_23811,person
user_23812,person
user_23813,person
user_23814,person
user_23815,person
user_23816,person
user_23817,person
user_23818,person
user_23819,person
user_23820,person
user_23821,person
user_23822,person
user_23823,person
user_23824,person
user_23825,person
user_23826,person
user_23827,person
user_23828,person
user_23829,person
user_23830,person
user_23831,person
user_23832,person
user_23833,person
user_23834,person
user_23835,person
user_23836,person
user_23837,person
user_23838,person
user_23839,person
user_23840,person
user_23841,person
user_23842,person
user_23843,person
user_23844,person
user_23845,person
user_23846,person
user_23847,person
user_23848,person
user_23849,person
user_23850,person
user_23851,person
user_23852,person
user_23853,person
user_23854,person
user_23855,person
user_23856,person
user_23857,person
user_23858,person
user_23859,person
user_23860,person
user_23861,person
user_23862,person
user_23863,person
user_23864,person
user_23865,person
user_23866,person
user_23867,person
user_23868,person
user_23869,person
user_23870,person
user_23871,person
user_23872,person
user_23873,person
user_23874,person
user_23875,person
user_23876,person
user_23877,person
user_23878,person
user_23879,person
user_23880,person
user_23881,person
user_23882,person
user_23883,person
user_23884,person
user_23885,person
user_23886,person
user_23887,person
user_23888,person
user_23889,person
user_23890,person
user_23891,person
user_23892,person
user_23893,person
user_23894,person
user_23895,person
user_23896,person
user_23897,person
user_23898,person
user_23899,person
user_23900,person
user_23901,person
user_23902,person
user_23903,person
user_23904,person
user_23905,person
user_23906,person
user_23907,person
user_23908,person
user_23909,person
user_23910,person
user_23911,person
user_23912,person
user_23913,person
user_23914,person
user_23915,person
user_23916,person
user_23917,person
user_23918,person
user_23919,person
user_23920,person
user_23921,person
user_23922,person
user_23923,person
user_23924,person
user_23925,person
user_23926,person
user_23927,person
user_23928,person
user_23929,person
user_23930,person
user_23931,person
user_23932,person
user_23933,person
user_23934,person
user_23935,person
user_23936,person
user_23937,person
user_23938,person
user_23939,person
user_23940,person
user_23941,person
user_23942,person
user_23943,person
user_23944,person
user_23945,person
user_23946,person
user_23947,person
user_23948,person
user_23949,person
user_23950,person
user_23951,person
user_23952,person
user_23953,person
user_23954,person
user_23955,person
user_23956,person
user_23957,person
user_23958,person
user_23959,person
user_23960,person
user_23961,person
user_23962,person
user_23963,person
user_23964,person
user_23965,person
user_23966,person
user_23967,person
user_23968,person
user_23969,person
user_23970,person
user_23971,person
user_23972,person
user_23973,person
user_23974,person
user_23975,person
user_23976,person
user_23977,person
user_23978,person
user_23979,person
user_23980,person
user_23981,person
user_23982,person
user_23983,person
user_23984,person
user_23985,person
user_23986,person
user_23987,person
user_23988,person
user_23989,person
user_23990,person
user_23991,person
user_23992,person
user_23993,person
user_23994,person
user_23995,person
user_23996,person
user_23997,person
user_23998,person
user_23999,person
user_24000,person
user_24001,person
user_24002,person
user_24003,person
user_24004,person
user_24005,person
user_24006,person
user_24007,person
user_24008,person
user_24009,person
user_24010,person
user_24011,person
user_24012,person
user_24013,person
user_24014,person
user_24015,person
user_24016,person
user_24017,person
user_24018,person
user_24019,person
user_24020,person
user_24021,person
user_24022,person
user_24023,person
user_24024,person
user_24025,person
user_24026,person
user_24027,person
user_24028,person
user_24029,person
user_24030,person
user_24031,person
user_24032,person
user_24033,person
user_24034,person
user_24035,person
user_24036,person
user_24037,person
user_24038,person
user_24039,person
user_24040,person
user_24041,person
user_24042,person
user_24043,person
user_24044,person
user_24045,person
user_24046,person
user_24047,person
user_24048,person
user_24049,person
user_24050,person
user_24051,person
user_24052,person
user_24053,person
user_24054,person
user_24055,person
user_24056,person
user_24057,person
user_24058,person
user_24059,person
user_24060,person
user_24061,person
user_24062,person
user_24063,person
user_24064,person
user_24065,person
user_24066,person
user_24067,person
user_24068,person
user_24069,person
user_24070,person
user_24071,person
user_24072,person
user_24073,person
user_24074,person
user_24075,person
user_24076,person
user_24077,person
user_24078,person
user_24079,person
user_24080,person
user_24081,person
user_24082,person
user_24083,person
user_24084,person
user_24085,person
user_24086,person
user_24087,person
user_24088,person
user_24089,person
user_24090,person
user_24091,person
user_24092,person
user_24093,person
user_24094,person
user_24095,person
user_24096,person
user_24097,person
user_24098,person
user_24099,person
user_24100,person
user_24101,person
user_24102,person
user_24103,person
user_24104,person
user_24105,person
user_24106,person
user_24107,person
user_24108,person
user_24109,person
user_24110,person
user_24111,person
user_24112,person
user_24113,person
user_24114,person
user_24115,person
user_24116,person
user_24117,person
user_24118,person
user_24119,person
user_24120,person
user_24121,person
user_24122,person
user_24123,person
user_24124,person
user_24125,person
user_24126,person
user_24127,person
user_24128,person
user_24129,person
user_24130,person
user_24131,person
user_24132,person
user_24133,person
user_24134,person
user_24135,person
user_24136,person
user_24137,person
user_24138,person
user_24139,person
user_24140,person
user_24141,person
user_24142,person
user_24143,person
user_24144,person
user_24145,person
user_24146,person
user_24147,person
user_24148,person
user_24149,person
user_24150,person
user_24151,person
user_24152,person
user_24153,person
user_24154,person
user_24155,person
user_24156,person
user_24157,person
user_24158,person
user_24159,person
user_24160,person
user_24161,person
user_24162,person
user_24163,person
user_24164,person
user_24165,person
user_24166,person
user_24167,person
user_24168,person
user_24169,person
user_24170,person
user_24171,person
user_24172,person
user_24173,person
user_24174,person
user_24175,person
user_24176,person
user_24177,person
user_24178,person
user_24179,person
user_24180,person
user_24181,person
user_24182,person
user_24183,person
user_24184,person
user_24185,person
user_24186,person
user_24187,person
user_24188,person
user_24189,person
user_24190,person
user_24191,person
user_24192,person
user_24193,person
user_24194,person
user_24195,person
user_24196,person
user_24197,person
user_24198,person
user_24199,person
user_24200,person
user_24201,person
user_24202,person
user_24203,person
user_24204,person
user_24205,person
user_24206,person
user_24207,person
user_24208,person
user_24209,person
user_24210,person
user_24211,person
user_24212,person
user_24213,person
user_24214,person
user_24215,person
user_24216,person
user_24217,person
user_24218,person
user_24219,person
user_24220,person
user_24221,person
user_24222,person
user_24223,person
user_24224,person
user_24225,person
user_24226,person
user_24227,person
user_24228,person
user_24229,person
user_24230,person
user_24231,person
user_24232,person
user_24233,person
user_24234,person
user_24235,person
user_24236,person
user_24237,person
user_24238,person
user_24239,person
user_24240,person
user_24241,person
user_24242,person
user_24243,person
user_24244,person
user_24245,person
user_24246,person
user_24247,person
user_24248,person
user_24249,person
user_24250,person
user_24251,person
user_24252,person
user_24253,person
user_24254,person
user_24255,person
user_24256,person
user_24257,person
user_24258,person
user_24259,person
user_24260,person
user_24261,person
user_24262,person
user_24263,person
user_24264,person
user_24265,person
user_24266,person
user_24267,person
user_24268,person
user_24269,person
user_24270,person
user_24271,person
user_24272,person
user_24273,person
user_24274,person
user_24275,person
user_24276,person
user_24277,person
user_24278,person
user_24279,person
user_24280,person
user_24281,person
user_24282,person
user_24283,person
user_24284,person
user_24285,person
user_24286,person
user_24287,person
user_24288,person
user_24289,person
user_24290,person
user_24291,person
user_24292,person
user_24293,person
user_24294,person
user_24295,person
user_24296,person
user_24297,person
user_24298,person
user_24299,person
user_24300,person
user_24301,person
user_24302,person
user_24303,person
user_24304,person
user_24305,person
user_24306,person
user_24307,person
user_24308,person
user_24309,person
user_24310,person
user_24311,person
user_24312,person
user_24313,person
user_24314,person
user_24315,person
user_24316,person
user_24317,person
user_24318,person
user_24319,person
user_24320,person
user_24321,person
user_24322,person
user_24323,person
user_24324,person
user_24325,person
user_24326,person
user_24327,person
user_24328,person
user_24329,person
user_24330,person
user_24331,person
user_24332,person
user_24333,person
user_24334,person
user_24335,person
user_24336,person
user_24337,person
user_24338,person
user_24339,person
user_24340,person
user_24341,person
user_24342,person
user_24343,person
user_24344,person
user_24345,person
user_24346,person
user_24347,person
user_24348,person
user_24349,person
user_24350,person
user_24351,person
user_24352,person
user_24353,person
user_24354,person
user_24355,person
user_24356,person
user_24357,person
user_24358,person
user_24359,person
user_24360,person
user_24361,person
user_24362,person
user_24363,person
user_24364,person
user_24365,person
user_24366,person
user_24367,person
user_24368,person
user_24369,person
user_24370,person
user_24371,person
user_24372,person
user_24373,person
user_24374,person
user_24375,person
user_24376,person
user_24377,person
user_24378,person
user_24379,person
user_24380,person
user_24381,person
user_24382,person
user_24383,person
user_24384,person
user_24385,person
user_24386,person
user_24387,person
user_24388,person
user_24389,person
user_24390,person
user_24391,person
user_24392,person
user_24393,person
user_24394,person
user_24395,person
user_24396,person
user_24397,person
user_24398,person
user_24399,person
user_24400,person
user_24401,person
user_24402,person
user_24403,person
user_24404,person
user_24405,person
user_24406,person
user_24407,person
user_24408,person
user_24409,person
user_24410,person
user_24411,person
user_24412,person
user_24413,person
user_24414,person
user_24415,person
user_24416,person
user_24417,person
user_24418,person
user_24419,person
user_24420,person
user_24421,person
user_24422,person
user_24423,person
user_24424,person
user_24425,person
user_24426,person
user_24427,person
user_24428,person
user_24429,person
user_24430,person
user_24431,person
user_24432,person
user_24433,person
user_24434,person
user_24435,person
user_24436,person
user_24437,person
user_24438,person
user_24439,person
user_24440,person
user_24441,person
user_24442,person
user_24443,person
user_24444,person
user_24445,person
user_24446,person
user_24447,person
user_24448,person
user_24449,person
user_24450,person
user_24451,person
user_24452,person
user_24453,person
user_24454,person
user_24455,person
user_24456,person
user_24457,person
user_24458,person
user_24459,person
user_24460,person
user_24461,person
user_24462,person
user_24463,person
user_24464,person
user_24465,person
user_24466,person
user_24467,person
user_24468,person
user_24469,person
user_24470,person
user_24471,person
user_24472,person
user_24473,person
user_24474,person
user_24475,person
user_24476,person
user_24477,person
user_24478,person
user_24479,person
user_24480,person
user_24481,person
user_24482,person
user_24483,person
user_24484,person
user_24485,person
user_24486,person
user_24487,person
user_24488,person
user_24489,person
user_24490,person
user_24491,person
user_24492,person
user_24493,person
user_24494,person
user_24495,person
user_24496,person
user_24497,person
user_24498,person
user_24499,person
user_24500,person
user_24501,person
user_24502,person
user_24503,person
user_24504,person
user_24505,person
user_24506,person
user_24507,person
user_24508,person
user_24509,person
user_24510,person
user_24511,person
user_24512,person
user_24513,person
user_24514,person
user_24515,person
user_24516,person
user_24517,person
user_24518,person
user_24519,person
user_24520,person
user_24521,person
user_24522,person
user_24523,person
user_24524,person
user_24525,person
user_24526,person
user_24527,person
user_24528,person
user_24529,person
user_24530,person
user_24531,person
user_24532,person
user_24533,person
user_24534,person
user_24535,person
user_24536,person
user_24537,person
user_24538,person
user_24539,person
user_24540,person
user_24541,person
user_24542,person
user_24543,person
user_24544,person
user_24545,person
user_24546,person
user_24547,person
user_24548,person
user_24549,person
user_24550,person
user_24551,person
user_24552,person
user_24553,person
user_24554,person
user_24555,person
user_24556,person
user_24557,person
user_24558,person
user_24559,person
user_24560,person
user_24561,person
user_24562,person
user_24563,person
user_24564,person
user_24565,person
user_24566,person
user_24567,person
user_24568,person
user_24569,person
user_24570,person
user_24571,person
user_24572,person
user_24573,person
user_24574,person
user_24575,person
user_24576,person
user_24577,person
user_24578,person
user_24579,person
user_24580,person
user_24581,person
user_24582,person
user_24583,person
user_24584,person
user_24585,person
user_24586,person
user_24587,person
user_24588,person
user_24589,person
user_24590,person
user_24591,person
user_24592,person
user_24593,person
user_24594,person
user_24595,person
user_24596,person
user_24597,person
user_24598,person
user_24599,person
user_24600,person
user_24601,person
user_24602,person
user_24603,person
user_24604,person
user_24605,person
user_24606,person
user_24607,person
user_24608,person
user_24609,person
user_24610,person
user_24611,person
user_24612,person
user_24613,person
user_24614,person
user_24615,person
user_24616,person
user_24617,person
user_24618,person
user_24619,person
user_24620,person
user_24621,person
user_24622,person
user_24623,person
user_24624,person
user_24625,person
user_24626,person
user_24627,person
user_24628,person
user_24629,person
user_24630,person
user_24631,person
user_24632,person
user_24633,person
user_24634,person
user_24635,person
user_24636,person
user_24637,person
user_24638,person
user_24639,person
user_24640,person
user_24641,person
user_24642,person
user_24643,person
user_24644,person
user_24645,person
user_24646,person
user_24647,person
user_24648,person
user_24649,person
user_24650,person
user_24651,person
user_24652,person
user_24653,person
user_24654,person
user_24655,person
user_24656,person
user_24657,person
user_24658,person
user_24659,person
user_24660,person
user_24661,person
user_24662,person
user_24663,person
user_24664,person
user_24665,person
user_24666,person
user_24667,person
user_24668,person
user_24669,person
user_24670,person
user_24671,person
user_24672,person
user_24673,person
user_24674,person
user_24675,person
user_24676,person
user_24677,person
user_24678,person
user_24679,person
user_24680,person
user_24681,person
user_24682,person
user_24683,person
user_24684,person
user_24685,person
user_24686,person
user_24687,person
user_24688,person
user_24689,person
user_24690,person
user_24691,person
user_24692,person
user_24693,person
user_24694,person
user_24695,person
user_24696,person
user_24697,person
user_24698,person
user_24699,person
user_24700,person
user_24701,person
user_24702,person
user_24703,person
user_24704,person
user_24705,person
user_24706,person
user_24707,person
user_24708,person
user_24709,person
user_24710,person
user_24711,person
user_24712,person
user_24713,person
user_24714,person
user_24715,person
user_24716,person
user_24717,person
user_24718,person
user_24719,person
user_24720,person
user_24721,person
user_24722,person
user_24723,person
user_24724,person
user_24725,person
user_24726,person
user_24727,person
user_24728,person
user_24729,person
user_24730,person
user_24731,person
user_24732,person
user_24733,person
user_24734,person
user_24735,person
user_24736,person
user_24737,person
user_24738,person
user_24739,person
user_24740,person
user_24741,person
user_24742,person
user_24743,person
user_24744,person
user_24745,person
user_24746,person
user_24747,person
user_24748,person
user_24749,person
user_24750,person
user_24751,person
user_24752,person
user_24753,person
user_24754,person
user_24755,person
user_24756,person
user_24757,person
user_24758,person
user_24759,person
user_24760,person
user_24761,person
user_24762,person
user_24763,person
user_24764,person
user_24765,person
user_24766,person
user_24767,person
user_24768,person
user_24769,person
user_24770,person
user_24771,person
user_24772,person
user_24773,person
user_24774,person
user_24775,person
user_24776,person
user_24777,person
user_24778,person
user_24779,person
user_24780,person
user_24781,person
user_24782,person
user_24783,person
user_24784,person
user_24785,person
user_24786,person
user_24787,person
user_24788,person
user_24789,person
user_24790,person
user_24791,person
user_24792,person
user_24793,person
user_24794,person
user_24795,person
user_24796,person
user_24797,person
user_24798,person
user_24799,person
user_24800,person
user_24801,person
user_24802,person
user_24803,person
user_24804,person
user_24805,person
user_24806,person
user_24807,person
user_24808,person
user_24809,person
user_24810,person
user_24811,person
user_24812,person
user_24813,person
user_24814,person
user_24815,person
user_24816,person
user_24817,person
user_24818,person
user_24819,person
user_24820,person
user_24821,person
user_24822,person
user_24823,person
user_24824,person
user_24825,person
user_24826,person
user_24827,person
user_24828,person
user_24829,person
user_24830,person
user_24831,person
user_24832,person
user_24833,person
user_24834,person
user_24835,person
user_24836,person
user_24837,person
user_24838,person
user_24839,person
user_24840,person
user_24841,person
user_24842,person
user_24843,person
user_24844,person
user_24845,person
user_24846,person
user_24847,person
user_24848,person
user_24849,person
user_24850,person
user_24851,person
user_24852,person
user_24853,person
user_24854,person
user_24855,person
user_24856,person
user_24857,person
user_24858,person
user_24859,person
user_24860,person
user_24861,person
user_24862,person
user_24863,person
user_24864,person
user_24865,person
user_24866,person
user_24867,person
user_24868,person
user_24869,person
user_24870,person
user_24871,person
user_24872,person
user_24873,person
user_24874,person
user_24875,person
user_24876,person
user_24877,person
user_24878,person
user_24879,person
user_24880,person
user_24881,person
user_24882,person
user_24883,person
user_24884,person
user_24885,person
user_24886,person
user_24887,person
user_24888,person
user_24889,person
user_24890,person
user_24891,person
user_24892,person
user_24893,person
user_24894,person
user_24895,person
user_24896,person
user_24897,person
user_24898,person
user_24899,person
user_24900,person
user_24901,person
user_24902,person
user_24903,person
user_24904,person
user_24905,person
user_24906,person
user_24907,person
user_24908,person
user_24909,person
user_24910,person
user_24911,person
user_24912,person
user_24913,person
user_24914,person
user_24915,person
user_24916,person
user_24917,person
user_24918,person
user_24919,person
user_24920,person
user_24921,person
user_24922,person
user_24923,person
user_24924,person
user_24925,person
user_24926,person
user_24927,person
user_24928,person
user_24929,person
user_24930,person
user_24931,person
user_24932,person
user_24933,person
user_24934,person
user_24935,person
user_24936,person
user_24937,person
user_24938,person
user_24939,person
user_24940,person
user_24941,person
user_24942,person
user_24943,person
user_24944,person
user_24945,person
user_24946,person
user_24947,person
user_24948,person
user_24949,person
user_24950,person
user_24951,person
user_24952,person
user_24953,person
user_24954,person
user_24955,person
user_24956,person
user_24957,person
user_24958,person
user_24959,person
user_24960,person
user_24961,person
user_24962,person
user_24963,person
user_24964,person
user_24965,person
user_24966,person
user_24967,person
user_24968,person
user_24969,person
user_24970,person
user_24971,person
user_24972,person
user_24973,person
user_24974,person
user_24975,person
user_24976,person
user_24977,person
user_24978,person
user_24979,person
user_24980,person
user_24981,person
user_24982,person
user_24983,person
user_24984,person
user_24985,person
user_24986,person
user_24987,person
user_24988,person
user_24989,person
user_24990,person
user_24991,person
user_24992,person
user_24993,person
user_24994,person
user_24995,person
user_24996,person
user_24997,person
user_24998,person
user_24999,person
user_25000,person
user_25001,person
user_25002,person
user_25003,person
user_25004,person
user_25005,person
user_25006,person
user_25007,person
user_25008,person
user_25009,person
user_25010,person
user_25011,person
user_25012,person
user_25013,person
user_25014,person
user_25015,person
user_25016,person
user_25017,person
user_25018,person
user_25019,person
user_25020,person
user_25021,person
user_25022,person
user_25023,person
user_25024,person
user_25025,person
user_25026,person
user_25027,person
user_25028,person
user_25029,person
user_25030,person
user_25031,person
user_25032,person
user_25033,person
user_25034,person
user_25035,person
user_25036,person
user_25037,person
user_25038,person
user_25039,person
user_25040,person
user_25041,person
user_25042,person
user_25043,person
user_25044,person
user_25045,person
user_25046,person
user_25047,person
user_25048,person
user_25049,person
user_25050,person
user_25051,person
user_25052,person
user_25053,person
user_25054,person
user_25055,person
user_25056,person
user_25057,person
user_25058,person
user_25059,person
user_25060,person
user_25061,person
user_25062,person
user_25063,person
user_25064,person
user_25065,person
user_25066,person
user_25067,person
user_25068,person
user_25069,person
user_25070,person
user_25071,person
user_25072,person
user_25073,person
user_25074,person
user_25075,person
user_25076,person
user_25077,person
user_25078,person
user_25079,person
user_25080,person
user_25081,person
user_25082,person
user_25083,person
user_25084,person
user_25085,person
user_25086,person
user_25087,person
user_25088,person
user_25089,person
user_25090,person
user_25091,person
user_25092,person
user_25093,person
user_25094,person
user_25095,person
user_25096,person
user_25097,person
user_25098,person
user_25099,person
user_25100,person
user_25101,person
user_25102,person
user_25103,person
user_25104,person
user_25105,person
user_25106,person
user_25107,person
user_25108,person
user_25109,person
user_25110,person
user_25111,person
user_25112,person
user_25113,person
user_25114,person
user_25115,person
user_25116,person
user_25117,person
user_25118,person
user_25119,person
user_25120,person
user_25121,person
user_25122,person
user_25123,person
user_25124,person
user_25125,person
user_25126,person
user_25127,person
user_25128,person
user_25129,person
user_25130,person
user_25131,person
user_25132,person
user_25133,person
user_25134,person
user_25135,person
user_25136,person
user_25137,person
user_25138,person
user_25139,person
user_25140,person
user_25141,person
user_25142,person
user_25143,person
user_25144,person
user_25145,person
user_25146,person
user_25147,person
user_25148,person
user_25149,person
user_25150,person
user_25151,person
user_25152,person
user_25153,person
user_25154,person
user_25155,person
user_25156,person
user_25157,person
user_25158,person
user_25159,person
user_25160,person
user_25161,person
user_25162,person
user_25163,person
user_25164,person
user_25165,person
user_25166,person
user_25167,person
user_25168,person
user_25169,person
user_25170,person
user_25171,person
user_25172,person
user_25173,person
user_25174,person
user_25175,person
user_25176,person
user_25177,person
user_25178,person
user_25179,person
user_25180,person
user_25181,person
user_25182,person
user_25183,person
user_25184,person
user_25185,person
user_25186,person
user_25187,person
user_25188,person
user_25189,person
user_25190,person
user_25191,person
user_25192,person
user_25193,person
user_25194,person
user_25195,person
user_25196,person
user_25197,person
user_25198,person
user_25199,person
user_25200,person
user_25201,person
user_25202,person
user_25203,person
user_25204,person
user_25205,person
user_25206,person
user_25207,person
user_25208,person
user_25209,person
user_25210,person
user_25211,person
user_25212,person
user_25213,person
user_25214,person
user_25215,person
user_25216,person
user_25217,person
user_25218,person
user_25219,person
user_25220,person
user_25221,person
user_25222,person
user_25223,person
user_25224,person
user_25225,person
user_25226,person
user_25227,person
user_25228,person
user_25229,person
user_25230,person
user_25231,person
user_25232,person
user_25233,person
user_25234,person
user_25235,person
user_25236,person
user_25237,person
user_25238,person
user_25239,person
user_25240,person
user_25241,person
user_25242,person
user_25243,person
user_25244,person
user_25245,person
user_25246,person
user_25247,person
user_25248,person
user_25249,person
user_25250,person
user_25251,person
user_25252,person
user_25253,person
user_25254,person
user_25255,person
user_25256,person
user_25257,person
user_25258,person
user_25259,person
user_25260,person
user_25261,person
user_25262,person
user_25263,person
user_25264,person
user_25265,person
user_25266,person
user_25267,person
user_25268,person
user_25269,person
user_25270,person
user_25271,person
user_25272,person
user_25273,person
user_25274,person
user_25275,person
user_25276,person
user_25277,person
user_25278,person
user_25279,person
user_25280,person
user_25281,person
user_25282,person
user_25283,person
user_25284,person
user_25285,person
user_25286,person
user_25287,person
user_25288,person
user_25289,person
user_25290,person
user_25291,person
user_25292,person
user_25293,person
user_25294,person
user_25295,person
user_25296,person
user_25297,person
user_25298,person
user_25299,person
user_25300,person
user_25301,person
user_25302,person
user_25303,person
user_25304,person
user_25305,person
user_25306,person
user_25307,person
user_25308,person
user_25309,person
user_25310,person
user_25311,person
user_25312,person
user_25313,person
user_25314,person
user_25315,person
user_25316,person
user_25317,person
user_25318,person
user_25319,person
user_25320,person
user_25321,person
user_25322,person
user_25323,person
user_25324,person
user_25325,person
user_25326,person
user_25327,person
user_25328,person
user_25329,person
user_25330,person
user_25331,person
user_25332,person
user_25333,person
user_25334,person
user_25335,person
user_25336,person
user_25337,person
user_25338,person
user_25339,person
user_25340,person
user_25341,person
user_25342,person
user_25343,person
user_25344,person
user_25345,person
user_25346,person
user_25347,person
user_25348,person
user_25349,person
user_25350,person
user_25351,person
user_25352,person
user_25353,person
user_25354,person
user_25355,person
user_25356,person
user_25357,person
user_25358,person
user_25359,person
user_25360,person
user_25361,person
user_25362,person
user_25363,person
user_25364,person
user_25365,person
user_25366,person
user_25367,person
user_25368,person
user_25369,person
user_25370,person
user_25371,person
user_25372,person
user_25373,person
user_25374,person
user_25375,person
user_25376,person
user_25377,person
user_25378,person
user_25379,person
user_25380,person
user_25381,person
user_25382,person
user_25383,person
user_25384,person
user_25385,person
user_25386,person
user_25387,person
user_25388,person
user_25389,person
user_25390,person
user_25391,person
user_25392,person
user_25393,person
user_25394,person
user_25395,person
user_25396,person
user_25397,person
user_25398,person
user_25399,person
user_25400,person
user_25401,person
user_25402,person
user_25403,person
user_25404,person
user_25405,person
user_25406,person
user_25407,person
user_25408,person
user_25409,person
user_25410,person
user_25411,person
user_25412,person
user_25413,person
user_25414,person
user_25415,person
user_25416,person
user_25417,person
user_25418,person
user_25419,person
user_25420,person
user_25421,person
user_25422,person
user_25423,person
user_25424,person
user_25425,person
user_25426,person
user_25427,person
user_25428,person
user_25429,person
user_25430,person
user_25431,person
user_25432,person
user_25433,person
user_25434,person
user_25435,person
user_25436,person
user_25437,person
user_25438,person
user_25439,person
user_25440,person
user_25441,person
user_25442,person
user_25443,person
user_25444,person
user_25445,person
user_25446,person
user_25447,person
user_25448,person
user_25449,person
user_25450,person
user_25451,person
user_25452,person
user_25453,person
user_25454,person
user_25455,person
user_25456,person
user_25457,person
user_25458,person
user_25459,person
user_25460,person
user_25461,person
user_25462,person
user_25463,person
user_25464,person
user_25465,person
user_25466,person
user_25467,person
user_25468,person
user_25469,person
user_25470,person
user_25471,person
user_25472,person
user_25473,person
user_25474,person
user_25475,person
user_25476,person
user_25477,person
user_25478,person
user_25479,person
user_25480,person
user_25481,person
user_25482,person
user_25483,person
user_25484,person
user_25485,person
user_25486,person
user_25487,person
user_25488,person
user_25489,person
user_25490,person
user_25491,person
user_25492,person
user_25493,person
user_25494,person
user_25495,person
user_25496,person
user_25497,person
user_25498,person
user_25499,person
user_25500,person
user_25501,person
user_25502,person
user_25503,person
user_25504,person
user_25505,person
user_25506,person
user_25507,person
user_25508,person
user_25509,person
user_25510,person
user_25511,person
user_25512,person
user_25513,person
user_25514,person
user_25515,person
user_25516,person
user_25517,person
user_25518,person
user_25519,person
user_25520,person
user_25521,person
user_25522,person
user_25523,person
user_25524,person
user_25525,person
user_25526,person
user_25527,person
user_25528,person
user_25529,person
user_25530,person
user_25531,person
user_25532,person
user_25533,person
user_25534,person
user_25535,person
user_25536,person
user_25537,person
user_25538,person
user_25539,person
user_25540,person
user_25541,person
user_25542,person
user_25543,person
user_25544,person
user_25545,person
user_25546,person
user_25547,person
user_25548,person
user_25549,person
user_25550,person
user_25551,person
user_25552,person
user_25553,person
user_25554,person
user_25555,person
user_25556,person
user_25557,person
user_25558,person
user_25559,person
user_25560,person
user_25561,person
user_25562,person
user_25563,person
user_25564,person
user_25565,person
user_25566,person
user_25567,person
user_25568,person
user_25569,person
user_25570,person
user_25571,person
user_25572,person
user_25573,person
user_25574,person
user_25575,person
user_25576,person
user_25577,person
user_25578,person
user_25579,person
user_25580,person
user_25581,person
user_25582,person
user_25583,person
user_25584,person
user_25585,person
user_25586,person
user_25587,person
user_25588,person
user_25589,person
user_25590,person
user_25591,person
user_25592,person
user_25593,person
user_25594,person
user_25595,person
user_25596,person
user_25597,person
user_25598,person
user_25599,person
user_25600,person
user_25601,person
user_25602,person
user_25603,person
user_25604,person
user_25605,person
user_25606,person
user_25607,person
user_25608,person
user_25609,person
user_25610,person
user_25611,person
user_25612,person
user_25613,person
user_25614,person
user_25615,person
user_25616,person
user_25617,person
user_25618,person
user_25619,person
user_25620,person
user_25621,person
user_25622,person
user_25623,person
user_25624,person
user_25625,person
user_25626,person
user_25627,person
user_25628,person
user_25629,person
user_25630,person
user_25631,person
user_25632,person
user_25633,person
user_25634,person
user_25635,person
user_25636,person
user_25637,person
user_25638,person
user_25639,person
user_25640,person
user_25641,person
user_25642,person
user_25643,person
user_25644,person
user_25645,person
user_25646,person
user_25647,person
user_25648,person
user_25649,person
user_25650,person
user_25651,person
user_25652,person
user_25653,person
user_25654,person
user_25655,person
user_25656,person
user_25657,person
user_25658,person
user_25659,person
user_25660,person
user_25661,person
user_25662,person
user_25663,person
user_25664,person
user_25665,person
user_25666,person
user_25667,person
user_25668,person
user_25669,person
user_25670,person
user_25671,person
user_25672,person
user_25673,person
user_25674,person
user_25675,person
user_25676,person
user_25677,person
user_25678,person
user_25679,person
user_25680,person
user_25681,person
user_25682,person
user_25683,person
user_25684,person
user_25685,person
user_25686,person
user_25687,person
user_25688,person
user_25689,person
user_25690,person
user_25691,person
user_25692,person
user_25693,person
user_25694,person
user_25695,person
user_25696,person
user_25697,person
user_25698,person
user_25699,person
user_25700,person
user_25701,person
user_25702,person
user_25703,person
user_25704,person
user_25705,person
user_25706,person
user_25707,person
user_25708,person
user_25709,person
user_25710,person
user_25711,person
user_25712,person
user_25713,person
user_25714,person
user_25715,person
user_25716,person
user_25717,person
user_25718,person
user_25719,person
user_25720,person
user_25721,person
user_25722,person
user_25723,person
user_25724,person
user_25725,person
user_25726,person
user_25727,person
user_25728,person
user_25729,person
user_25730,person
user_25731,person
user_25732,person
user_25733,person
user_25734,person
user_25735,person
user_25736,person
user_25737,person
user_25738,person
user_25739,person
user_25740,person
user_25741,person
user_25742,person
user_25743,person
user_25744,person
user_25745,person
user_25746,person
user_25747,person
user_25748,person
user_25749,person
user_25750,person
user_25751,person
user_25752,person
user_25753,person
user_25754,person
user_25755,person
user_25756,person
user_25757,person
user_25758,person
user_25759,person
user_25760,person
user_25761,person
user_25762,person
user_25763,person
user_25764,person
user_25765,person
user_25766,person
user_25767,person
user_25768,person
user_25769,person
user_25770,person
user_25771,person
user_25772,person
user_25773,person
user_25774,person
user_25775,person
user_25776,person
user_25777,person
user_25778,person
user_25779,person
user_25780,person
user_25781,person
user_25782,person
user_25783,person
user_25784,person
user_25785,person
user_25786,person
user_25787,person
user_25788,person
user_25789,person
user_25790,person
user_25791,person
user_25792,person
user_25793,person
user_25794,person
user_25795,person
user_25796,person
user_25797,person
user_25798,person
user_25799,person
user_25800,person
user_25801,person
user_25802,person
user_25803,person
user_25804,person
user_25805,person
user_25806,person
user_25807,person
user_25808,person
user_25809,person
user_25810,person
user_25811,person
user_25812,person
user_25813,person
user_25814,person
user_25815,person
user_25816,person
user_25817,person
user_25818,person
user_25819,person
user_25820,person
user_25821,person
user_25822,person
user_25823,person
user_25824,person
user_25825,person
user_25826,person
user_25827,person
user_25828,person
user_25829,person
user_25830,person
user_25831,person
user_25832,person
user_25833,person
user_25834,person
user_25835,person
user_25836,person
user_25837,person
user_25838,person
user_25839,person
user_25840,person
user_25841,person
user_25842,person
user_25843,person
user_25844,person
user_25845,person
user_25846,person
user_25847,person
user_25848,person
user_25849,person
user_25850,person
user_25851,person
user_25852,person
user_25853,person
user_25854,person
user_25855,person
user_25856,person
user_25857,person
user_25858,person
user_25859,person
user_25860,person
user_25861,person
user_25862,person
user_25863,person
user_25864,person
user_25865,person
user_25866,person
user_25867,person
user_25868,person
user_25869,person
user_25870,person
user_25871,person
user_25872,person
user_25873,person
user_25874,person
user_25875,person
user_25876,person
user_25877,person
user_25878,person
user_25879,person
user_25880,person
user_25881,person
user_25882,person
user_25883,person
user_25884,person
user_25885,person
user_25886,person
user_25887,person
user_25888,person
user_25889,person
user_25890,person
user_25891,person
user_25892,person
user_25893,person
user_25894,person
user_25895,person
user_25896,person
user_25897,person
user_25898,person
user_25899,person
user_25900,person
user_25901,person
user_25902,person
user_25903,person
user_25904,person
user_25905,person
user_25906,person
user_25907,person
user_25908,person
user_25909,person
user_25910,person
user_25911,person
user_25912,person
user_25913,person
user_25914,person
user_25915,person
user_25916,person
user_25917,person
user_25918,person
user_25919,person
user_25920,person
user_25921,person
user_25922,person
user_25923,person
user_25924,person
user_25925,person
user_25926,person
user_25927,person
user_25928,person
user_25929,person
user_25930,person
user_25931,person
user_25932,person
user_25933,person
user_25934,person
user_25935,person
user_25936,person
user_25937,person
user_25938,person
user_25939,person
user_25940,person
user_25941,person
user_25942,person
user_25943,person
user_25944,person
user_25945,person
user_25946,person
user_25947,person
user_25948,person
user_25949,person
user_25950,person
user_25951,person
user_25952,person
user_25953,person
user_25954,person
user_25955,person
user_25956,person
user_25957,person
user_25958,person
user_25959,person
user_25960,person
user_25961,person
user_25962,person
user_25963,person
user_25964,person
user_25965,person
user_25966,person
user_25967,person
user_25968,person
user_25969,person
user_25970,person
user_25971,person
user_25972,person
user_25973,person
user_25974,person
user_25975,person
user_25976,person
user_25977,person
user_25978,person
user_25979,person
user_25980,person
user_25981,person
user_25982,person
user_25983,person
user_25984,person
user_25985,person
user_25986,person
user_25987,person
user_25988,person
user_25989,person
user_25990,person
user_25991,person
user_25992,person
user_25993,person
user_25994,person
user_25995,person
user_25996,person
user_25997,person
user_25998,person
user_25999,person
user_26000,person
user_26001,person
user_26002,person
user_26003,person
user_26004,person
user_26005,person
user_26006,person
user_26007,person
user_26008,person
user_26009,person
user_26010,person
user_26011,person
user_26012,person
user_26013,person
user_26014,person
user_26015,person
user_26016,person
user_26017,person
user_26018,person
user_26019,person
user_26020,person
user_26021,person
user_26022,person
user_26023,person
user_26024,person
user_26025,person
user_26026,person
user_26027,person
user_26028,person
user_26029,person
user_26030,person
user_26031,person
user_26032,person
user_26033,person
user_26034,person
user_26035,person
user_26036,person
user_26037,person
user_26038,person
user_26039,person
user_26040,person
user_26041,person
user_26042,person
user_26043,person
user_26044,person
user_26045,person
user_26046,person
user_26047,person
user_26048,person
user_26049,person
user_26050,person
user_26051,person
user_26052,person
user_26053,person
user_26054,person
user_26055,person
user_26056,person
user_26057,person
user_26058,person
user_26059,person
user_26060,person
user_26061,person
user_26062,person
user_26063,person
user_26064,person
user_26065,person
user_26066,person
user_26067,person
user_26068,person
user_26069,person
user_26070,person
user_26071,person
user_26072,person
user_26073,person
user_26074,person
user_26075,person
user_26076,person
user_26077,person
user_26078,person
user_26079,person
user_26080,person
user_26081,person
user_26082,person
user_26083,person
user_26084,person
user_26085,person
user_26086,person
user_26087,person
user_26088,person
user_26089,person
user_26090,person
user_26091,person
user_26092,person
user_26093,person
user_26094,person
user_26095,person
user_26096,person
user_26097,person
user_26098,person
user_26099,person
user_26100,person
user_26101,person
user_26102,person
user_26103,person
user_26104,person
user_26105,person
user_26106,person
user_26107,person
user_26108,person
user_26109,person
user_26110,person
user_26111,person
user_26112,person
user_26113,person
user_26114,person
user_26115,person
user_26116,person
user_26117,person
user_26118,person
user_26119,person
user_26120,person
user_26121,person
user_26122,person
user_26123,person
user_26124,person
user_26125,person
user_26126,person
user_26127,person
user_26128,person
user_26129,person
user_26130,person
user_26131,person
user_26132,person
user_26133,person
user_26134,person
user_26135,person
user_26136,person
user_26137,person
user_26138,person
user_26139,person
user_26140,person
user_26141,person
user_26142,person
user_26143,person
user_26144,person
user_26145,person
user_26146,person
user_26147,person
user_26148,person
user_26149,person
user_26150,person
user_26151,person
user_26152,person
user_26153,person
user_26154,person
user_26155,person
user_26156,person
user_26157,person
user_26158,person
user_26159,person
user_26160,person
user_26161,person
user_26162,person
user_26163,person
user_26164,person
user_26165,person
user_26166,person
user_26167,person
user_26168,person
user_26169,person
user_26170,person
user_26171,person
user_26172,person
user_26173,person
user_26174,person
user_26175,person
user_26176,person
user_26177,person
user_26178,person
user_26179,person
user_26180,person
user_26181,person
user_26182,person
user_26183,person
user_26184,person
user_26185,person
user_26186,person
user_26187,person
user_26188,person
user_26189,person
user_26190,person
user_26191,person
user_26192,person
user_26193,person
user_26194,person
user_26195,person
user_26196,person
user_26197,person
user_26198,person
user_26199,person
user_26200,person
user_26201,person
user_26202,person
user_26203,person
user_26204,person
user_26205,person
user_26206,person
user_26207,person
user_26208,person
user_26209,person
user_26210,person
user_26211,person
user_26212,person
user_26213,person
user_26214,person
user_26215,person
user_26216,person
user_26217,person
user_26218,person
user_26219,person
user_26220,person
user_26221,person
user_26222,person
user_26223,person
user_26224,person
user_26225,person
user_26226,person
user_26227,person
user_26228,person
user_26229,person
user_26230,person
user_26231,person
user_26232,person
user_26233,person
user_26234,person
user_26235,person
user_26236,person
user_26237,person
user_26238,person
user_26239,person
user_26240,person
user_26241,person
user_26242,person
user_26243,person
user_26244,person
user_26245,person
user_26246,person
user_26247,person
user_26248,person
user_26249,person
user_26250,person
user_26251,person
user_26252,person
user_26253,person
user_26254,person
user_26255,person
user_26256,person
user_26257,person
user_26258,person
user_26259,person
user_26260,person
user_26261,person
user_26262,person
user_26263,person
user_26264,person
user_26265,person
user_26266,person
user_26267,person
user_26268,person
user_26269,person
user_26270,person
user_26271,person
user_26272,person
user_26273,person
user_26274,person
user_26275,person
user_26276,person
user_26277,person
user_26278,person
user_26279,person
user_26280,person
user_26281,person
user_26282,person
user_26283,person
user_26284,person
user_26285,person
user_26286,person
user_26287,person
user_26288,person
user_26289,person
user_26290,person
user_26291,person
user_26292,person
user_26293,person
user_26294,person
user_26295,person
user_26296,person
user_26297,person
user_26298,person
user_26299,person
user_26300,person
user_26301,person
user_26302,person
user_26303,person
user_26304,person
user_26305,person
user_26306,person
user_26307,person
user_26308,person
user_26309,person
user_26310,person
user_26311,person
user_26312,person
user_26313,person
user_26314,person
user_26315,person
user_26316,person
user_26317,person
user_26318,person
user_26319,person
user_26320,person
user_26321,person
user_26322,person
user_26323,person
user_26324,person
user_26325,person
user_26326,person
user_26327,person
user_26328,person
user_26329,person
user_26330,person
user_26331,person
user_26332,person
user_26333,person
user_26334,person
user_26335,person
user_26336,person
user_26337,person
user_26338,person
user_26339,person
user_26340,person
user_26341,person
user_26342,person
user_26343,person
user_26344,person
user_26345,person
user_26346,person
user_26347,person
user_26348,person
user_26349,person
user_26350,person
user_26351,person
user_26352,person
user_26353,person
user_26354,person
user_26355,person
user_26356,person
user_26357,person
user_26358,person
user_26359,person
user_26360,person
user_26361,person
user_26362,person
user_26363,person
user_26364,person
user_26365,person
user_26366,person
user_26367,person
user_26368,person
user_26369,person
user_26370,person
user_26371,person
user_26372,person
user_26373,person
user_26374,person
user_26375,person
user_26376,person
user_26377,person
user_26378,person
user_26379,person
user_26380,person
user_26381,person
user_26382,person
user_26383,person
user_26384,person
user_26385,person
user_26386,person
user_26387,person
user_26388,person
user_26389,person
user_26390,person
user_26391,person
user_26392,person
user_26393,person
user_26394,person
user_26395,person
user_26396,person
user_26397,person
user_26398,person
user_26399,person
user_26400,person
user_26401,person
user_26402,person
user_26403,person
user_26404,person
user_26405,person
user_26406,person
user_26407,person
user_26408,person
user_26409,person
user_26410,person
user_26411,person
user_26412,person
user_26413,person
user_26414,person
user_26415,person
user_26416,person
user_26417,person
user_26418,person
user_26419,person
user_26420,person
user_26421,person
user_26422,person
user_26423,person
user_26424,person
user_26425,person
user_26426,person
user_26427,person
user_26428,person
user_26429,person
user_26430,person
user_26431,person
user_26432,person
user_26433,person
user_26434,person
user_26435,person
user_26436,person
user_26437,person
user_26438,person
user_26439,person
user_26440,person
user_26441,person
user_26442,person
user_26443,person
user_26444,person
user_26445,person
user_26446,person
user_26447,person
user_26448,person
user_26449,person
user_26450,person
user_26451,person
user_26452,person
user_26453,person
user_26454,person
user_26455,person
user_26456,person
user_26457,person
user_26458,person
user_26459,person
user_26460,person
user_26461,person
user_26462,person
user_26463,person
user_26464,person
user_26465,person
user_26466,person
user_26467,person
user_26468,person
user_26469,person
user_26470,person
user_26471,person
user_26472,person
user_26473,person
user_26474,person
user_26475,person
user_26476,person
user_26477,person
user_26478,person
user_26479,person
user_26480,person
user_26481,person
user_26482,person
user_26483,person
user_26484,person
user_26485,person
user_26486,person
user_26487,person
user_26488,person
user_26489,person
user_26490,person
user_26491,person
user_26492,person
user_26493,person
user_26494,person
user_26495,person
user_26496,person
user_26497,person
user_26498,person
user_26499,person
user_26500,person
user_26501,person
user_26502,person
user_26503,person
user_26504,person
user_26505,person
user_26506,person
user_26507,person
user_26508,person
user_26509,person
user_26510,person
user_26511,person
user_26512,person
user_26513,person
user_26514,person
user_26515,person
user_26516,person
user_26517,person
user_26518,person
user_26519,person
user_26520,person
user_26521,person
user_26522,person
user_26523,person
user_26524,person
user_26525,person
user_26526,person
user_26527,person
user_26528,person
user_26529,person
user_26530,person
user_26531,person
user_26532,person
user_26533,person
user_26534,person
user_26535,person
user_26536,person
user_26537,person
user_26538,person
user_26539,person
user_26540,person
user_26541,person
user_26542,person
user_26543,person
user_26544,person
user_26545,person
user_26546,person
user_26547,person
user_26548,person
user_26549,person
user_26550,person
user_26551,person
user_26552,person
user_26553,person
user_26554,person
user_26555,person
user_26556,person
user_26557,person
user_26558,person
user_26559,person
user_26560,person
user_26561,person
user_26562,person
user_26563,person
user_26564,person
user_26565,person
user_26566,person
user_26567,person
user_26568,person
user_26569,person
user_26570,person
user_26571,person
user_26572,person
user_26573,person
user_26574,person
user_26575,person
user_26576,person
user_26577,person
user_26578,person
user_26579,person
user_26580,person
user_26581,person
user_26582,person
user_26583,person
user_26584,person
user_26585,person
user_26586,person
user_26587,person
user_26588,person
user_26589,person
user_26590,person
user_26591,person
user_26592,person
user_26593,person
user_26594,person
user_26595,person
user_26596,person
user_26597,person
user_26598,person
user_26599,person
user_26600,person
user_26601,person
user_26602,person
user_26603,person
user_26604,person
user_26605,person
user_26606,person
user_26607,person
user_26608,person
user_26609,person
user_26610,person
user_26611,person
user_26612,person
user_26613,person
user_26614,person
user_26615,person
user_26616,person
user_26617,person
user_26618,person
user_26619,person
user_26620,person
user_26621,person
user_26622,person
user_26623,person
user_26624,person
user_26625,person
user_26626,person
user_26627,person
user_26628,person
user_26629,person
user_26630,person
user_26631,person
user_26632,person
user_26633,person
user_26634,person
user_26635,person
user_26636,person
user_26637,person
user_26638,person
user_26639,person
user_26640,person
user_26641,person
user_26642,person
user_26643,person
user_26644,person
user_26645,person
user_26646,person
user_26647,person
user_26648,person
user_26649,person
user_26650,person
user_26651,person
user_26652,person
user_26653,person
user_26654,person
user_26655,person
user_26656,person
user_26657,person
user_26658,person
user_26659,person
user_26660,person
user_26661,person
user_26662,person
user_26663,person
user_26664,person
user_26665,person
user_26666,person
user_26667,person
user_26668,person
user_26669,person
user_26670,person
user_26671,person
user_26672,person
user_26673,person
user_26674,person
user_26675,person
user_26676,person
user_26677,person
user_26678,person
user_26679,person
user_26680,person
user_26681,person
user_26682,person
user_26683,person
user_26684,person
user_26685,person
user_26686,person
user_26687,person
user_26688,person
user_26689,person
user_26690,person
user_26691,person
user_26692,person
user_26693,person
user_26694,person
user_26695,person
user_26696,person
user_26697,person
user_26698,person
user_26699,person
user_26700,person
user_26701,person
user_26702,person
user_26703,person
user_26704,person
user_26705,person
user_26706,person
user_26707,person
user_26708,person
user_26709,person
user_26710,person
user_26711,person
user_26712,person
user_26713,person
user_26714,person
user_26715,person
user_26716,person
user_26717,person
user_26718,person
user_26719,person
user_26720,person
user_26721,person
user_26722,person
user_26723,person
user_26724,person
user_26725,person
user_26726,person
user_26727,person
user_26728,person
user_26729,person
user_26730,person
user_26731,person
user_26732,person
user_26733,person
user_26734,person
user_26735,person
user_26736,person
user_26737,person
user_26738,person
user_26739,person
user_26740,person
user_26741,person
user_26742,person
user_26743,person
user_26744,person
user_26745,person
user_26746,person
user_26747,person
user_26748,person
user_26749,person
user_26750,person
user_26751,person
user_26752,person
user_26753,person
user_26754,person
user_26755,person
user_26756,person
user_26757,person
user_26758,person
user_26759,person
user_26760,person
user_26761,person
user_26762,person
user_26763,person
user_26764,person
user_26765,person
user_26766,person
user_26767,person
user_26768,person
user_26769,person
user_26770,person
user_26771,person
user_26772,person
user_26773,person
user_26774,person
user_26775,person
user_26776,person
user_26777,person
user_26778,person
user_26779,person
user_26780,person
user_26781,person
user_26782,person
user_26783,person
user_26784,person
user_26785,person
user_26786,person
user_26787,person
user_26788,person
user_26789,person
user_26790,person
user_26791,person
user_26792,person
user_26793,person
user_26794,person
user_26795,person
user_26796,person
user_26797,person
user_26798,person
user_26799,person
user_26800,person
user_26801,person
user_26802,person
user_26803,person
user_26804,person
user_26805,person
user_26806,person
user_26807,person
user_26808,person
user_26809,person
user_26810,person
user_26811,person
user_26812,person
user_26813,person
user_26814,person
user_26815,person
user_26816,person
user_26817,person
user_26818,person
user_26819,person
user_26820,person
user_26821,person
user_26822,person
user_26823,person
user_26824,person
user_26825,person
user_26826,person
user_26827,person
user_26828,person
user_26829,person
user_26830,person
user_26831,person
user_26832,person
user_26833,person
user_26834,person
user_26835,person
user_26836,person
user_26837,person
user_26838,person
user_26839,person
user_26840,person
user_26841,person
user_26842,person
user_26843,person
user_26844,person
user_26845,person
user_26846,person
user_26847,person
user_26848,person
user_26849,person
user_26850,person
user_26851,person
user_26852,person
user_26853,person
user_26854,person
user_26855,person
user_26856,person
user_26857,person
user_26858,person
user_26859,person
user_26860,person
user_26861,person
user_26862,person
user_26863,person
user_26864,person
user_26865,person
user_26866,person
user_26867,person
user_26868,person
user_26869,person
user_26870,person
user_26871,person
user_26872,person
user_26873,person
user_26874,person
user_26875,person
user_26876,person
user_26877,person
user_26878,person
user_26879,person
user_26880,person
user_26881,person
user_26882,person
user_26883,person
user_26884,person
user_26885,person
user_26886,person
user_26887,person
user_26888,person
user_26889,person
user_26890,person
user_26891,person
user_26892,person
user_26893,person
user_26894,person
user_26895,person
user_26896,person
user_26897,person
user_26898,person
user_26899,person
user_26900,person
user_26901,person
user_26902,person
user_26903,person
user_26904,person
user_26905,person
user_26906,person
user_26907,person
user_26908,person
user_26909,person
user_26910,person
user_26911,person
user_26912,person
user_26913,person
user_26914,person
user_26915,person
user_26916,person
user_26917,person
user_26918,person
user_26919,person
user_26920,person
user_26921,person
user_26922,person
user_26923,person
user_26924,person
user_26925,person
user_26926,person
user_26927,person
user_26928,person
user_26929,person
user_26930,person
user_26931,person
user_26932,person
user_26933,person
user_26934,person
user_26935,person
user_26936,person
user_26937,person
user_26938,person
user_26939,person
user_26940,person
user_26941,person
user_26942,person
user_26943,person
user_26944,person
user_26945,person
user_26946,person
user_26947,person
user_26948,person
user_26949,person
user_26950,person
user_26951,person
user_26952,person
user_26953,person
user_26954,person
user_26955,person
user_26956,person
user_26957,person
user_26958,person
user_26959,person
user_26960,person
user_26961,person
user_26962,person
user_26963,person
user_26964,person
user_26965,person
user_26966,person
user_26967,person
user_26968,person
user_26969,person
user_26970,person
user_26971,person
user_26972,person
user_26973,person
user_26974,person
user_26975,person
user_26976,person
user_26977,person
user_26978,person
user_26979,person
user_26980,person
user_26981,person
user_26982,person
user_26983,person
user_26984,person
user_26985,person
user_26986,person
user_26987,person
user_26988,person
user_26989,person
user_26990,person
user_26991,person
user_26992,person
user_26993,person
user_26994,person
user_26995,person
user_26996,person
user_26997,person
user_26998,person
user_26999,person
user_27000,person
user_27001,person
user_27002,person
user_27003,person
user_27004,person
user_27005,person
user_27006,person
user_27007,person
user_27008,person
user_27009,person
user_27010,person
user_27011,person
user_27012,person
user_27013,person
user_27014,person
user_27015,person
user_27016,person
user_27017,person
user_27018,person
user_27019,person
user_27020,person
user_27021,person
user_27022,person
user_27023,person
user_27024,person
user_27025,person
user_27026,person
user_27027,person
user_27028,person
user_27029,person
user_27030,person
user_27031,person
user_27032,person
user_27033,person
user_27034,person
user_27035,person
user_27036,person
user_27037,person
user_27038,person
user_27039,person
user_27040,person
user_27041,person
user_27042,person
user_27043,person
user_27044,person
user_27045,person
user_27046,person
user_27047,person
user_27048,person
user_27049,person
user_27050,person
user_27051,person
user_27052,person
user_27053,person
user_27054,person
user_27055,person
user_27056,person
user_27057,person
user_27058,person
user_27059,person
user_27060,person
user_27061,person
user_27062,person
user_27063,person
user_27064,person
user_27065,person
user_27066,person
user_27067,person
user_27068,person
user_27069,person
user_27070,person
user_27071,person
user_27072,person
user_27073,person
user_27074,person
user_27075,person
user_27076,person
user_27077,person
user_27078,person
user_27079,person
user_27080,person
user_27081,person
user_27082,person
user_27083,person
user_27084,person
user_27085,person
user_27086,person
user_27087,person
user_27088,person
user_27089,person
user_27090,person
user_27091,person
user_27092,person
user_27093,person
user_27094,person
user_27095,person
user_27096,person
user_27097,person
user_27098,person
user_27099,person
user_27100,person
user_27101,person
user_27102,person
user_27103,person
user_27104,person
user_27105,person
user_27106,person
user_27107,person
user_27108,person
user_27109,person
user_27110,person
user_27111,person
user_27112,person
user_27113,person
user_27114,person
user_27115,person
user_27116,person
user_27117,person
user_27118,person
user_27119,person
user_27120,person
user_27121,person
user_27122,person
user_27123,person
user_27124,person
user_27125,person
user_27126,person
user_27127,person
user_27128,person
user_27129,person
user_27130,person
user_27131,person
user_27132,person
user_27133,person
user_27134,person
user_27135,person
user_27136,person
user_27137,person
user_27138,person
user_27139,person
user_27140,person
user_27141,person
user_27142,person
user_27143,person
user_27144,person
user_27145,person
user_27146,person
user_27147,person
user_27148,person
user_27149,person
user_27150,person
user_27151,person
user_27152,person
user_27153,person
user_27154,person
user_27155,person
user_27156,person
user_27157,person
user_27158,person
user_27159,person
user_27160,person
user_27161,person
user_27162,person
user_27163,person
user_27164,person
user_27165,person
user_27166,person
user_27167,person
user_27168,person
user_27169,person
user_27170,person
user_27171,person
user_27172,person
user_27173,person
user_27174,person
user_27175,person
user_27176,person
user_27177,person
user_27178,person
user_27179,person
user_27180,person
user_27181,person
user_27182,person
user_27183,person
user_27184,person
user_27185,person
user_27186,person
user_27187,person
user_27188,person
user_27189,person
user_27190,person
user_27191,person
user_27192,person
user_27193,person
user_27194,person
user_27195,person
user_27196,person
user_27197,person
user_27198,person
user_27199,person
user_27200,person
user_27201,person
user_27202,person
user_27203,person
user_27204,person
user_27205,person
user_27206,person
user_27207,person
user_27208,person
user_27209,person
user_27210,person
user_27211,person
user_27212,person
user_27213,person
user_27214,person
user_27215,person
user_27216,person
user_27217,person
user_27218,person
user_27219,person
user_27220,person
user_27221,person
user_27222,person
user_27223,person
user_27224,person
user_27225,person
user_27226,person
user_27227,person
user_27228,person
user_27229,person
user_27230,person
user_27231,person
user_27232,person
user_27233,person
user_27234,person
user_27235,person
user_27236,person
user_27237,person
user_27238,person
user_27239,person
user_27240,person
user_27241,person
user_27242,person
user_27243,person
user_27244,person
user_27245,person
user_27246,person
user_27247,person
user_27248,person
user_27249,person
user_27250,person
user_27251,person
user_27252,person
user_27253,person
user_27254,person
user_27255,person
user_27256,person
user_27257,person
user_27258,person
user_27259,person
user_27260,person
user_27261,person
user_27262,person
user_27263,person
user_27264,person
user_27265,person
user_27266,person
user_27267,person
user_27268,person
user_27269,person
user_27270,person
user_27271,person
user_27272,person
user_27273,person
user_27274,person
user_27275,person
user_27276,person
user_27277,person
user_27278,person
user_27279,person
user_27280,person
user_27281,person
user_27282,person
user_27283,person
user_27284,person
user_27285,person
user_27286,person
user_27287,person
user_27288,person
user_27289,person
user_27290,person
user_27291,person
user_27292,person
user_27293,person
user_27294,person
user_27295,person
user_27296,person
user_27297,person
user_27298,person
user_27299,person
user_27300,person
user_27301,person
user_27302,person
user_27303,person
user_27304,person
user_27305,person
user_27306,person
user_27307,person
user_27308,person
user_27309,person
user_27310,person
user_27311,person
user_27312,person
user_27313,person
user_27314,person
user_27315,person
user_27316,person
user_27317,person
user_27318,person
user_27319,person
user_27320,person
user_27321,person
user_27322,person
user_27323,person
user_27324,person
user_27325,person
user_27326,person
user_27327,person
user_27328,person
user_27329,person
user_27330,person
user_27331,person
user_27332,person
user_27333,person
user_27334,person
user_27335,person
user_27336,person
user_27337,person
user_27338,person
user_27339,person
user_27340,person
user_27341,person
user_27342,person
user_27343,person
user_27344,person
user_27345,person
user_27346,person
user_27347,person
user_27348,person
user_27349,person
user_27350,person
user_27351,person
user_27352,person
user_27353,person
user_27354,person
user_27355,person
user_27356,person
user_27357,person
user_27358,person
user_27359,person
user_27360,person
user_27361,person
user_27362,person
user_27363,person
user_27364,person
user_27365,person
user_27366,person
user_27367,person
user_27368,person
user_27369,person
user_27370,person
user_27371,person
user_27372,person
user_27373,person
user_27374,person
user_27375,person
user_27376,person
user_27377,person
user_27378,person
user_27379,person
user_27380,person
user_27381,person
user_27382,person
user_27383,person
user_27384,person
user_27385,person
user_27386,person
user_27387,person
user_27388,person
user_27389,person
user_27390,person
user_27391,person
user_27392,person
user_27393,person
user_27394,person
user_27395,person
user_27396,person
user_27397,person
user_27398,person
user_27399,person
user_27400,person
user_27401,person
user_27402,person
user_27403,person
user_27404,person
user_27405,person
user_27406,person
user_27407,person
user_27408,person
user_27409,person
user_27410,person
user_27411,person
user_27412,person
user_27413,person
user_27414,person
user_27415,person
user_27416,person
user_27417,person
user_27418,person
user_27419,person
user_27420,person
user_27421,person
user_27422,person
user_27423,person
user_27424,person
user_27425,person
user_27426,person
user_27427,person
user_27428,person
user_27429,person
user_27430,person
user_27431,person
user_27432,person
user_27433,person
user_27434,person
user_27435,person
user_27436,person
user_27437,person
user_27438,person
user_27439,person
user_27440,person
user_27441,person
user_27442,person
user_27443,person
user_27444,person
user_27445,person
user_27446,person
user_27447,person
user_27448,person
user_27449,person
user_27450,person
user_27451,person
user_27452,person
user_27453,person
user_27454,person
user_27455,person
user_27456,person
user_27457,person
user_27458,person
user_27459,person
user_27460,person
user_27461,person
user_27462,person
user_27463,person
user_27464,person
user_27465,person
user_27466,person
user_27467,person
user_27468,person
user_27469,person
user_27470,person
user_27471,person
user_27472,person
user_27473,person
user_27474,person
user_27475,person
user_27476,person
user_27477,person
user_27478,person
user_27479,person
user_27480,person
user_27481,person
user_27482,person
user_27483,person
user_27484,person
user_27485,person
user_27486,person
user_27487,person
user_27488,person
user_27489,person
user_27490,person
user_27491,person
user_27492,person
user_27493,person
user_27494,person
user_27495,person
user_27496,person
user_27497,person
user_27498,person
user_27499,person
user_27500,person
user_27501,person
user_27502,person
user_27503,person
user_27504,person
user_27505,person
user_27506,person
user_27507,person
user_27508,person
user_27509,person
user_27510,person
user_27511,person
user_27512,person
user_27513,person
user_27514,person
user_27515,person
user_27516,person
user_27517,person
user_27518,person
user_27519,person
user_27520,person
user_27521,person
user_27522,person
user_27523,person
user_27524,person
user_27525,person
user_27526,person
user_27527,person
user_27528,person
user_27529,person
user_27530,person
user_27531,person
user_27532,person
user_27533,person
user_27534,person
user_27535,person
user_27536,person
user_27537,person
user_27538,person
user_27539,person
user_27540,person
user_27541,person
user_27542,person
user_27543,person
user_27544,person
user_27545,person
user_27546,person
user_27547,person
user_27548,person
user_27549,person
user_27550,person
user_27551,person
user_27552,person
user_27553,person
user_27554,person
user_27555,person
user_27556,person
user_27557,person
user_27558,person
user_27559,person
user_27560,person
user_27561,person
user_27562,person
user_27563,person
user_27564,person
user_27565,person
user_27566,person
user_27567,person
user_27568,person
user_27569,person
user_27570,person
user_27571,person
user_27572,person
user_27573,person
user_27574,person
user_27575,person
user_27576,person
user_27577,person
user_27578,person
user_27579,person
user_27580,person
user_27581,person
user_27582,person
user_27583,person
user_27584,person
user_27585,person
user_27586,person
user_27587,person
user_27588,person
user_27589,person
user_27590,person
user_27591,person
user_27592,person
user_27593,person
user_27594,person
user_27595,person
user_27596,person
user_27597,person
user_27598,person
user_27599,person
user_27600,person
user_27601,person
user_27602,person
user_27603,person
user_27604,person
user_27605,person
user_27606,person
user_27607,person
user_27608,person
user_27609,person
user_27610,person
user_27611,person
user_27612,person
user_27613,person
user_27614,person
user_27615,person
user_27616,person
user_27617,person
user_27618,person
user_27619,person
user_27620,person
user_27621,person
user_27622,person
user_27623,person
user_27624,person
user_27625,person
user_27626,person
user_27627,person
user_27628,person
user_27629,person
user_27630,person
user_27631,person
user_27632,person
user_27633,person
user_27634,person
user_27635,person
user_27636,person
user_27637,person
user_27638,person
user_27639,person
user_27640,person
user_27641,person
user_27642,person
user_27643,person
user_27644,person
user_27645,person
user_27646,person
user_27647,person
user_27648,person
user_27649,person
user_27650,person
user_27651,person
user_27652,person
user_27653,person
user_27654,person
user_27655,person
user_27656,person
user_27657,person
user_27658,person
user_27659,person
user_27660,person
user_27661,person
user_27662,person
user_27663,person
user_27664,person
user_27665,person
user_27666,person
user_27667,person
user_27668,person
user_27669,person
user_27670,person
user_27671,person
user_27672,person
user_27673,person
user_27674,person
user_27675,person
user_27676,person
user_27677,person
user_27678,person
user_27679,person
user_27680,person
user_27681,person
user_27682,person
user_27683,person
user_27684,person
user_27685,person
user_27686,person
user_27687,person
user_27688,person
user_27689,person
user_27690,person
user_27691,person
user_27692,person
user_27693,person
user_27694,person
user_27695,person
user_27696,person
user_27697,person
user_27698,person
user_27699,person
user_27700,person
user_27701,person
user_27702,person
user_27703,person
user_27704,person
user_27705,person
user_27706,person
user_27707,person
user_27708,person
user_27709,person
user_27710,person
user_27711,person
user_27712,person
user_27713,person
user_27714,person
user_27715,person
user_27716,person
user_27717,person
user_27718,person
user_27719,person
user_27720,person
user_27721,person
user_27722,person
user_27723,person
user_27724,person
user_27725,person
user_27726,person
user_27727,person
user_27728,person
user_27729,person
user_27730,person
user_27731,person
user_27732,person
user_27733,person
user_27734,person
user_27735,person
user_27736,person
user_27737,person
user_27738,person
user_27739,person
user_27740,person
user_27741,person
user_27742,person
user_27743,person
user_27744,person
user_27745,person
user_27746,person
user_27747,person
user_27748,person
user_27749,person
user_27750,person
user_27751,person
user_27752,person
user_27753,person
user_27754,person
user_27755,person
user_27756,person
user_27757,person
user_27758,person
user_27759,person
user_27760,person
user_27761,person
user_27762,person
user_27763,person
user_27764,person
user_27765,person
user_27766,person
user_27767,person
user_27768,person
user_27769,person
user_27770,person
user_27771,person
user_27772,person
user_27773,person
user_27774,person
user_27775,person
user_27776,person
user_27777,person
user_27778,person
user_27779,person
user_27780,person
user_27781,person
user_27782,person
user_27783,person
user_27784,person
user_27785,person
user_27786,person
user_27787,person
user_27788,person
user_27789,person
user_27790,person
user_27791,person
user_27792,person
user_27793,person
user_27794,person
user_27795,person
user_27796,person
user_27797,person
user_27798,person
user_27799,person
user_27800,person
user_27801,person
user_27802,person
user_27803,person
user_27804,person
user_27805,person
user_27806,person
user_27807,person
user_27808,person
user_27809,person
user_27810,person
user_27811,person
user_27812,person
user_27813,person
user_27814,person
user_27815,person
user_27816,person
user_27817,person
user_27818,person
user_27819,person
user_27820,person
user_27821,person
user_27822,person
user_27823,person
user_27824,person
user_27825,person
user_27826,person
user_27827,person
user_27828,person
user_27829,person
user_27830,person
user_27831,person
user_27832,person
user_27833,person
user_27834,person
user_27835,person
user_27836,person
user_27837,person
user_27838,person
user_27839,person
user_27840,person
user_27841,person
user_27842,person
user_27843,person
user_27844,person
user_27845,person
user_27846,person
user_27847,person
user_27848,person
user_27849,person
user_27850,person
user_27851,person
user_27852,person
user_27853,person
user_27854,person
user_27855,person
user_27856,person
user_27857,person
user_27858,person
user_27859,person
user_27860,person
user_27861,person
user_27862,person
user_27863,person
user_27864,person
user_27865,person
user_27866,person
user_27867,person
user_27868,person
user_27869,person
user_27870,person
user_27871,person
user_27872,person
user_27873,person
user_27874,person
user_27875,person
user_27876,person
user_27877,person
user_27878,person
user_27879,person
user_27880,person
user_27881,person
user_27882,person
user_27883,person
user_27884,person
user_27885,person
user_27886,person
user_27887,person
user_27888,person
user_27889,person
user_27890,person
user_27891,person
user_27892,person
user_27893,person
user_27894,person
user_27895,person
user_27896,person
user_27897,person
user_27898,person
user_27899,person
user_27900,person
user_27901,person
user_27902,person
user_27903,person
user_27904,person
user_27905,person
user_27906,person
user_27907,person
user_27908,person
user_27909,person
user_27910,person
user_27911,person
user_27912,person
user_27913,person
user_27914,person
user_27915,person
user_27916,person
user_27917,person
user_27918,person
user_27919,person
user_27920,person
user_27921,person
user_27922,person
user_27923,person
user_27924,person
user_27925,person
user_27926,person
user_27927,person
user_27928,person
user_27929,person
user_27930,person
user_27931,person
user_27932,person
user_27933,person
user_27934,person
user_27935,person
user_27936,person
user_27937,person
user_27938,person
user_27939,person
user_27940,person
user_27941,person
user_27942,person
user_27943,person
user_27944,person
user_27945,person
user_27946,person
user_27947,person
user_27948,person
user_27949,person
user_27950,person
user_27951,person
user_27952,person
user_27953,person
user_27954,person
user_27955,person
user_27956,person
user_27957,person
user_27958,person
user_27959,person
user_27960,person
user_27961,person
user_27962,person
user_27963,person
user_27964,person
user_27965,person
user_27966,person
user_27967,person
user_27968,person
user_27969,person
user_27970,person
user_27971,person
user_27972,person
user_27973,person
user_27974,person
user_27975,person
user_27976,person
user_27977,person
user_27978,person
user_27979,person
user_27980,person
user_27981,person
user_27982,person
user_27983,person
user_27984,person
user_27985,person
user_27986,person
user_27987,person
user_27988,person
user_27989,person
user_27990,person
user_27991,person
user_27992,person
user_27993,person
user_27994,person
user_27995,person
user_27996,person
user_27997,person
user_27998,person
user_27999,person
user_28000,person
user_28001,person
user_28002,person
user_28003,person
user_28004,person
user_28005,person
user_28006,person
user_28007,person
user_28008,person
user_28009,person
user_28010,person
user_28011,person
user_28012,person
user_28013,person
user_28014,person
user_28015,person
user_28016,person
user_28017,person
user_28018,person
user_28019,person
user_28020,person
user_28021,person
user_28022,person
user_28023,person
user_28024,person
user_28025,person
user_28026,person
user_28027,person
user_28028,person
user_28029,person
user_28030,person
user_28031,person
user_28032,person
user_28033,person
user_28034,person
user_28035,person
user_28036,person
user_28037,person
user_28038,person
user_28039,person
user_28040,person
user_28041,person
user_28042,person
user_28043,person
user_28044,person
user_28045,person
user_28046,person
user_28047,person
user_28048,person
user_28049,person
user_28050,person
user_28051,person
user_28052,person
user_28053,person
user_28054,person
user_28055,person
user_28056,person
user_28057,person
user_28058,person
user_28059,person
user_28060,person
user_28061,person
user_28062,person
user_28063,person
user_28064,person
user_28065,person
user_28066,person
user_28067,person
user_28068,person
user_28069,person
user_28070,person
user_28071,person
user_28072,person
user_28073,person
user_28074,person
user_28075,person
user_28076,person
user_28077,person
user_28078,person
user_28079,person
user_28080,person
user_28081,person
user_28082,person
user_28083,person
user_28084,person
user_28085,person
user_28086,person
user_28087,person
user_28088,person
user_28089,person
user_28090,person
user_28091,person
user_28092,person
user_28093,person
user_28094,person
user_28095,person
user_28096,person
user_28097,person
user_28098,person
user_28099,person
user_28100,person
user_28101,person
user_28102,person
user_28103,person
user_28104,person
user_28105,person
user_28106,person
user_28107,person
user_28108,person
user_28109,person
user_28110,person
user_28111,person
user_28112,person
user_28113,person
user_28114,person
user_28115,person
user_28116,person
user_28117,person
user_28118,person
user_28119,person
user_28120,person
user_28121,person
user_28122,person
user_28123,person
user_28124,person
user_28125,person
user_28126,person
user_28127,person
user_28128,person
user_28129,person
user_28130,person
user_28131,person
user_28132,person
user_28133,person
user_28134,person
user_28135,person
user_28136,person
user_28137,person
user_28138,person
user_28139,person
user_28140,person
user_28141,person
user_28142,person
user_28143,person
user_28144,person
user_28145,person
user_28146,person
user_28147,person
user_28148,person
user_28149,person
user_28150,person
user_28151,person
user_28152,person
user_28153,person
user_28154,person
user_28155,person
user_28156,person
user_28157,person
user_28158,person
user_28159,person
user_28160,person
user_28161,person
user_28162,person
user_28163,person
user_28164,person
user_28165,person
user_28166,person
user_28167,person
user_28168,person
user_28169,person
user_28170,person
user_28171,person
user_28172,person
user_28173,person
user_28174,person
user_28175,person
user_28176,person
user_28177,person
user_28178,person
user_28179,person
user_28180,person
user_28181,person
user_28182,person
user_28183,person
user_28184,person
user_28185,person
user_28186,person
user_28187,person
user_28188,person
user_28189,person
user_28190,person
user_28191,person
user_28192,person
user_28193,person
user_28194,person
user_28195,person
user_28196,person
user_28197,person
user_28198,person
user_28199,person
user_28200,person
user_28201,person
user_28202,person
user_28203,person
user_28204,person
user_28205,person
user_28206,person
user_28207,person
user_28208,person
user_28209,person
user_28210,person
user_28211,person
user_28212,person
user_28213,person
user_28214,person
user_28215,person
user_28216,person
user_28217,person
user_28218,person
user_28219,person
user_28220,person
user_28221,person
user_28222,person
user_28223,person
user_28224,person
user_28225,person
user_28226,person
user_28227,person
user_28228,person
user_28229,person
user_28230,person
user_28231,person
user_28232,person
user_28233,person
user_28234,person
user_28235,person
user_28236,person
user_28237,person
user_28238,person
user_28239,person
user_28240,person
user_28241,person
user_28242,person
user_28243,person
user_28244,person
user_28245,person
user_28246,person
user_28247,person
user_28248,person
user_28249,person
user_28250,person
user_28251,person
user_28252,person
user_28253,person
user_28254,person
user_28255,person
user_28256,person
user_28257,person
user_28258,person
user_28259,person
user_28260,person
user_28261,person
user_28262,person
user_28263,person
user_28264,person
user_28265,person
user_28266,person
user_28267,person
user_28268,person
user_28269,person
user_28270,person
user_28271,person
user_28272,person
user_28273,person
user_28274,person
user_28275,person
user_28276,person
user_28277,person
user_28278,person
user_28279,person
user_28280,person
user_28281,person
user_28282,person
user_28283,person
user_28284,person
user_28285,person
user_28286,person
user_28287,person
user_28288,person
user_28289,person
user_28290,person
user_28291,person
user_28292,person
user_28293,person
user_28294,person
user_28295,person
user_28296,person
user_28297,person
user_28298,person
user_28299,person
user_28300,person
user_28301,person
user_28302,person
user_28303,person
user_28304,person
user_28305,person
user_28306,person
user_28307,person
user_28308,person
user_28309,person
user_28310,person
user_28311,person
user_28312,person
user_28313,person
user_28314,person
user_28315,person
user_28316,person
user_28317,person
user_28318,person
user_28319,person
user_28320,person
user_28321,person
user_28322,person
user_28323,person
user_28324,person
user_28325,person
user_28326,person
user_28327,person
user_28328,person
user_28329,person
user_28330,person
user_28331,person
user_28332,person
user_28333,person
user_28334,person
user_28335,person
user_28336,person
user_28337,person
user_28338,person
user_28339,person
user_28340,person
user_28341,person
user_28342,person
user_28343,person
user_28344,person
user_28345,person
user_28346,person
user_28347,person
user_28348,person
user_28349,person
user_28350,person
user_28351,person
user_28352,person
user_28353,person
user_28354,person
user_28355,person
user_28356,person
user_28357,person
user_28358,person
user_28359,person
user_28360,person
user_28361,person
user_28362,person
user_28363,person
user_28364,person
user_28365,person
user_28366,person
user_28367,person
user_28368,person
user_28369,person
user_28370,person
user_28371,person
user_28372,person
user_28373,person
user_28374,person
user_28375,person
user_28376,person
user_28377,person
user_28378,person
user_28379,person
user_28380,person
user_28381,person
user_28382,person
user_28383,person
user_28384,person
user_28385,person
user_28386,person
user_28387,person
user_28388,person
user_28389,person
user_28390,person
user_28391,person
user_28392,person
user_28393,person
user_28394,person
user_28395,person
user_28396,person
user_28397,person
user_28398,person
user_28399,person
user_28400,person
user_28401,person
user_28402,person
user_28403,person
user_28404,person
user_28405,person
user_28406,person
user_28407,person
user_28408,person
user_28409,person
user_28410,person
user_28411,person
user_28412,person
user_28413,person
user_28414,person
user_28415,person
user_28416,person
user_28417,person
user_28418,person
user_28419,person
user_28420,person
user_28421,person
user_28422,person
user_28423,person
user_28424,person
user_28425,person
user_28426,person
user_28427,person
user_28428,person
user_28429,person
user_28430,person
user_28431,person
user_28432,person
user_28433,person
user_28434,person
user_28435,person
user_28436,person
user_28437,person
user_28438,person
user_28439,person
user_28440,person
user_28441,person
user_28442,person
user_28443,person
user_28444,person
user_28445,person
user_28446,person
user_28447,person
user_28448,person
user_28449,person
user_28450,person
user_28451,person
user_28452,person
user_28453,person
user_28454,person
user_28455,person
user_28456,person
user_28457,person
user_28458,person
user_28459,person
user_28460,person
user_28461,person
user_28462,person
user_28463,person
user_28464,person
user_28465,person
user_28466,person
user_28467,person
user_28468,person
user_28469,person
user_28470,person
user_28471,person
user_28472,person
user_28473,person
user_28474,person
user_28475,person
user_28476,person
user_28477,person
user_28478,person
user_28479,person
user_28480,person
user_28481,person
user_28482,person
user_28483,person
user_28484,person
user_28485,person
user_28486,person
user_28487,person
user_28488,person
user_28489,person
user_28490,person
user_28491,person
user_28492,person
user_28493,person
user_28494,person
user_28495,person
user_28496,person
user_28497,person
user_28498,person
user_28499,person
user_28500,person
user_28501,person
user_28502,person
user_28503,person
user_28504,person
user_28505,person
user_28506,person
user_28507,person
user_28508,person
user_28509,person
user_28510,person
user_28511,person
user_28512,person
user_28513,person
user_28514,person
user_28515,person
user_28516,person
user_28517,person
user_28518,person
user_28519,person
user_28520,person
user_28521,person
user_28522,person
user_28523,person
user_28524,person
user_28525,person
user_28526,person
user_28527,person
user_28528,person
user_28529,person
user_28530,person
user_28531,person
user_28532,person
user_28533,person
user_28534,person
user_28535,person
user_28536,person
user_28537,person
user_28538,person
user_28539,person
user_28540,person
user_28541,person
user_28542,person
user_28543,person
user_28544,person
user_28545,person
user_28546,person
user_28547,person
user_28548,person
user_28549,person
user_28550,person
user_28551,person
user_28552,person
user_28553,person
user_28554,person
user_28555,person
user_28556,person
user_28557,person
user_28558,person
user_28559,person
user_28560,person
user_28561,person
user_28562,person
user_28563,person
user_28564,person
user_28565,person
user_28566,person
user_28567,person
user_28568,person
user_28569,person
user_28570,person
user_28571,person
user_28572,person
user_28573,person
user_28574,person
user_28575,person
user_28576,person
user_28577,person
user_28578,person
user_28579,person
user_28580,person
user_28581,person
user_28582,person
user_28583,person
user_28584,person
user_28585,person
user_28586,person
user_28587,person
user_28588,person
user_28589,person
user_28590,person
user_28591,person
user_28592,person
user_28593,person
user_28594,person
user_28595,person
user_28596,person
user_28597,person
user_28598,person
user_28599,person
user_28600,person
user_28601,person
user_28602,person
user_28603,person
user_28604,person
user_28605,person
user_28606,person
user_28607,person
user_28608,person
user_28609,person
user_28610,person
user_28611,person
user_28612,person
user_28613,person
user_28614,person
user_28615,person
user_28616,person
user_28617,person
user_28618,person
user_28619,person
user_28620,person
user_28621,person
user_28622,person
user_28623,person
user_28624,person
user_28625,person
user_28626,person
user_28627,person
user_28628,person
user_28629,person
user_28630,person
user_28631,person
user_28632,person
user_28633,person
user_28634,person
user_28635,person
user_28636,person
user_28637,person
user_28638,person
user_28639,person
user_28640,person
user_28641,person
user_28642,person
user_28643,person
user_28644,person
user_28645,person
user_28646,person
user_28647,person
user_28648,person
user_28649,person
user_28650,person
user_28651,person
user_28652,person
user_28653,person
user_28654,person
user_28655,person
user_28656,person
user_28657,person
user_28658,person
user_28659,person
user_28660,person
user_28661,person
user_28662,person
user_28663,person
user_28664,person
user_28665,person
user_28666,person
user_28667,person
user_28668,person
user_28669,person
user_28670,person
user_28671,person
user_28672,person
user_28673,person
user_28674,person
user_28675,person
user_28676,person
user_28677,person
user_28678,person
user_28679,person
user_28680,person
user_28681,person
user_28682,person
user_28683,person
user_28684,person
user_28685,person
user_28686,person
user_28687,person
user_28688,person
user_28689,person
user_28690,person
user_28691,person
user_28692,person
user_28693,person
user_28694,person
user_28695,person
user_28696,person
user_28697,person
user_28698,person
user_28699,person
user_28700,person
user_28701,person
user_28702,person
user_28703,person
user_28704,person
user_28705,person
user_28706,person
user_28707,person
user_28708,person
user_28709,person
user_28710,person
user_28711,person
user_28712,person
user_28713,person
user_28714,person
user_28715,person
user_28716,person
user_28717,person
user_28718,person
user_28719,person
user_28720,person
user_28721,person
user_28722,person
user_28723,person
user_28724,person
user_28725,person
user_28726,person
user_28727,person
user_28728,person
user_28729,person
user_28730,person
user_28731,person
user_28732,person
user_28733,person
user_28734,person
user_28735,person
user_28736,person
user_28737,person
user_28738,person
user_28739,person
user_28740,person
user_28741,person
user_28742,person
user_28743,person
user_28744,person
user_28745,person
user_28746,person
user_28747,person
user_28748,person
user_28749,person
user_28750,person
user_28751,person
user_28752,person
user_28753,person
user_28754,person
user_28755,person
user_28756,person
user_28757,person
user_28758,person
user_28759,person
user_28760,person
user_28761,person
user_28762,person
user_28763,person
user_28764,person
user_28765,person
user_28766,person
user_28767,person
user_28768,person
user_28769,person
user_28770,person
user_28771,person
user_28772,person
user_28773,person
user_28774,person
user_28775,person
user_28776,person
user_28777,person
user_28778,person
user_28779,person
user_28780,person
user_28781,person
user_28782,person
user_28783,person
user_28784,person
user_28785,person
user_28786,person
user_28787,person
user_28788,person
user_28789,person
user_28790,person
user_28791,person
user_28792,person
user_28793,person
user_28794,person
user_28795,person
user_28796,person
user_28797,person
user_28798,person
user_28799,person
user_28800,person
user_28801,person
user_28802,person
user_28803,person
user_28804,person
user_28805,person
user_28806,person
user_28807,person
user_28808,person
user_28809,person
user_28810,person
user_28811,person
user_28812,person
user_28813,person
user_28814,person
user_28815,person
user_28816,person
user_28817,person
user_28818,person
user_28819,person
user_28820,person
user_28821,person
user_28822,person
user_28823,person
user_28824,person
user_28825,person
user_28826,person
user_28827,person
user_28828,person
user_28829,person
user_28830,person
user_28831,person
user_28832,person
user_28833,person
user_28834,person
user_28835,person
user_28836,person
user_28837,person
user_28838,person
user_28839,person
user_28840,person
user_28841,person
user_28842,person
user_28843,person
user_28844,person
user_28845,person
user_28846,person
user_28847,person
user_28848,person
user_28849,person
user_28850,person
user_28851,person
user_28852,person
user_28853,person
user_28854,person
user_28855,person
user_28856,person
user_28857,person
user_28858,person
user_28859,person
user_28860,person
user_28861,person
user_28862,person
user_28863,person
user_28864,person
user_28865,person
user_28866,person
user_28867,person
user_28868,person
user_28869,person
user_28870,person
user_28871,person
user_28872,person
user_28873,person
user_28874,person
user_28875,person
user_28876,person
user_28877,person
user_28878,person
user_28879,person
user_28880,person
user_28881,person
user_28882,person
user_28883,person
user_28884,person
user_28885,person
user_28886,person
user_28887,person
user_28888,person
user_28889,person
user_28890,person
user_28891,person
user_28892,person
user_28893,person
user_28894,person
user_28895,person
user_28896,person
user_28897,person
user_28898,person
user_28899,person
user_28900,person
user_28901,person
user_28902,person
user_28903,person
user_28904,person
user_28905,person
user_28906,person
user_28907,person
user_28908,person
user_28909,person
user_28910,person
user_28911,person
user_28912,person
user_28913,person
user_28914,person
user_28915,person
user_28916,person
user_28917,person
user_28918,person
user_28919,person
user_28920,person
user_28921,person
user_28922,person
user_28923,person
user_28924,person
user_28925,person
user_28926,person
user_28927,person
user_28928,person
user_28929,person
user_28930,person
user_28931,person
user_28932,person
user_28933,person
user_28934,person
user_28935,person
user_28936,person
user_28937,person
user_28938,person
user_28939,person
user_28940,person
user_28941,person
user_28942,person
user_28943,person
user_28944,person
user_28945,person
user_28946,person
user_28947,person
user_28948,person
user_28949,person
user_28950,person
user_28951,person
user_28952,person
user_28953,person
user_28954,person
user_28955,person
user_28956,person
user_28957,person
user_28958,person
user_28959,person
user_28960,person
user_28961,person
user_28962,person
user_28963,person
user_28964,person
user_28965,person
user_28966,person
user_28967,person
user_28968,person
user_28969,person
user_28970,person
user_28971,person
user_28972,person
user_28973,person
user_28974,person
user_28975,person
user_28976,person
user_28977,person
user_28978,person
user_28979,person
user_28980,person
user_28981,person
user_28982,person
user_28983,person
user_28984,person
user_28985,person
user_28986,person
user_28987,person
user_28988,person
user_28989,person
user_28990,person
user_28991,person
user_28992,person
user_28993,person
user_28994,person
user_28995,person
user_28996,person
user_28997,person
user_28998,person
user_28999,person
user_29000,person
user_29001,person
user_29002,person
user_29003,person
user_29004,person
user_29005,person
user_29006,person
user_29007,person
user_29008,person
user_29009,person
user_29010,person
user_29011,person
user_29012,person
user_29013,person
user_29014,person
user_29015,person
user_29016,person
user_29017,person
user_29018,person
user_29019,person
user_29020,person
user_29021,person
user_29022,person
user_29023,person
user_29024,person
user_29025,person
user_29026,person
user_29027,person
user_29028,person
user_29029,person
user_29030,person
user_29031,person
user_29032,person
user_29033,person
user_29034,person
user_29035,person
user_29036,person
user_29037,person
user_29038,person
user_29039,person
user_29040,person
user_29041,person
user_29042,person
user_29043,person
user_29044,person
user_29045,person
user_29046,person
user_29047,person
user_29048,person
user_29049,person
user_29050,person
user_29051,person
user_29052,person
user_29053,person
user_29054,person
user_29055,person
user_29056,person
user_29057,person
user_29058,person
user_29059,person
user_29060,person
user_29061,person
user_29062,person
user_29063,person
user_29064,person
user_29065,person
user_29066,person
user_29067,person
user_29068,person
user_29069,person
user_29070,person
user_29071,person
user_29072,person
user_29073,person
user_29074,person
user_29075,person
user_29076,person
user_29077,person
user_29078,person
user_29079,person
user_29080,person
user_29081,person
user_29082,person
user_29083,person
user_29084,person
user_29085,person
user_29086,person
user_29087,person
user_29088,person
user_29089,person
user_29090,person
user_29091,person
user_29092,person
user_29093,person
user_29094,person
user_29095,person
user_29096,person
user_29097,person
user_29098,person
user_29099,person
user_29100,person
user_29101,person
user_29102,person
user_29103,person
user_29104,person
user_29105,person
user_29106,person
user_29107,person
user_29108,person
user_29109,person
user_29110,person
user_29111,person
user_29112,person
user_29113,person
user_29114,person
user_29115,person
user_29116,person
user_29117,person
user_29118,person
user_29119,person
user_29120,person
user_29121,person
user_29122,person
user_29123,person
user_29124,person
user_29125,person
user_29126,person
user_29127,person
user_29128,person
user_29129,person
user_29130,person
user_29131,person
user_29132,person
user_29133,person
user_29134,person
user_29135,person
user_29136,person
user_29137,person
user_29138,person
user_29139,person
user_29140,person
user_29141,person
user_29142,person
user_29143,person
user_29144,person
user_29145,person
user_29146,person
user_29147,person
user_29148,person
user_29149,person
user_29150,person
user_29151,person
user_29152,person
user_29153,person
user_29154,person
user_29155,person
user_29156,person
user_29157,person
user_29158,person
user_29159,person
user_29160,person
user_29161,person
user_29162,person
user_29163,person
user_29164,person
user_29165,person
user_29166,person
user_29167,person
user_29168,person
user_29169,person
user_29170,person
user_29171,person
user_29172,person
user_29173,person
user_29174,person
user_29175,person
user_29176,person
user_29177,person
user_29178,person
user_29179,person
user_29180,person
user_29181,person
user_29182,person
user_29183,person
user_29184,person
user_29185,person
user_29186,person
user_29187,person
user_29188,person
user_29189,person
user_29190,person
user_29191,person
user_29192,person
user_29193,person
user_29194,person
user_29195,person
user_29196,person
user_29197,person
user_29198,person
user_29199,person
user_29200,person
user_29201,person
user_29202,person
user_29203,person
user_29204,person
user_29205,person
user_29206,person
user_29207,person
user_29208,person
user_29209,person
user_29210,person
user_29211,person
user_29212,person
user_29213,person
user_29214,person
user_29215,person
user_29216,person
user_29217,person
user_29218,person
user_29219,person
user_29220,person
user_29221,person
user_29222,person
user_29223,person
user_29224,person
user_29225,person
user_29226,person
user_29227,person
user_29228,person
user_29229,person
user_29230,person
user_29231,person
user_29232,person
user_29233,person
user_29234,person
user_29235,person
user_29236,person
user_29237,person
user_29238,person
user_29239,person
user_29240,person
user_29241,person
user_29242,person
user_29243,person
user_29244,person
user_29245,person
user_29246,person
user_29247,person
user_29248,person
user_29249,person
user_29250,person
user_29251,person
user_29252,person
user_29253,person
user_29254,person
user_29255,person
user_29256,person
user_29257,person
user_29258,person
user_29259,person
user_29260,person
user_29261,person
user_29262,person
user_29263,person
user_29264,person
user_29265,person
user_29266,person
user_29267,person
user_29268,person
user_29269,person
user_29270,person
user_29271,person
user_29272,person
user_29273,person
user_29274,person
user_29275,person
user_29276,person
user_29277,person
user_29278,person
user_29279,person
user_29280,person
user_29281,person
user_29282,person
user_29283,person
user_29284,person
user_29285,person
user_29286,person
user_29287,person
user_29288,person
user_29289,person
user_29290,person
user_29291,person
user_29292,person
user_29293,person
user_29294,person
user_29295,person
user_29296,person
user_29297,person
user_29298,person
user_29299,person
user_29300,person
user_29301,person
user_29302,person
user_29303,person
user_29304,person
user_29305,person
user_29306,person
user_29307,person
user_29308,person
user_29309,person
user_29310,person
user_29311,person
user_29312,person
user_29313,person
user_29314,person
user_29315,person
user_29316,person
user_29317,person
user_29318,person
user_29319,person
user_29320,person
user_29321,person
user_29322,person
user_29323,person
user_29324,person
user_29325,person
user_29326,person
user_29327,person
user_29328,person
user_29329,person
user_29330,person
user_29331,person
user_29332,person
user_29333,person
user_29334,person
user_29335,person
user_29336,person
user_29337,person
user_29338,person
user_29339,person
user_29340,person
user_29341,person
user_29342,person
user_29343,person
user_29344,person
user_29345,person
user_29346,person
user_29347,person
user_29348,person
user_29349,person
user_29350,person
user_29351,person
user_29352,person
user_29353,person
user_29354,person
user_29355,person
user_29356,person
user_29357,person
user_29358,person
user_29359,person
user_29360,person
user_29361,person
user_29362,person
user_29363,person
user_29364,person
user_29365,person
user_29366,person
user_29367,person
user_29368,person
user_29369,person
user_29370,person
user_29371,person
user_29372,person
user_29373,person
user_29374,person
user_29375,person
user_29376,person
user_29377,person
user_29378,person
user_29379,person
user_29380,person
user_29381,person
user_29382,person
user_29383,person
user_29384,person
user_29385,person
user_29386,person
user_29387,person
user_29388,person
user_29389,person
user_29390,person
user_29391,person
user_29392,person
user_29393,person
user_29394,person
user_29395,person
user_29396,person
user_29397,person
user_29398,person
user_29399,person
user_29400,person
user_29401,person
user_29402,person
user_29403,person
user_29404,person
user_29405,person
user_29406,person
user_29407,person
user_29408,person
user_29409,person
user_29410,person
user_29411,person
user_29412,person
user_29413,person
user_29414,person
user_29415,person
user_29416,person
user_29417,person
user_29418,person
user_29419,person
user_29420,person
user_29421,person
user_29422,person
user_29423,person
user_29424,person
user_29425,person
user_29426,person
user_29427,person
user_29428,person
user_29429,person
user_29430,person
user_29431,person
user_29432,person
user_29433,person
user_29434,person
user_29435,person
user_29436,person
user_29437,person
user_29438,person
user_29439,person
user_29440,person
user_29441,person
user_29442,person
user_29443,person
user_29444,person
user_29445,person
user_29446,person
user_29447,person
user_29448,person
user_29449,person
user_29450,person
user_29451,person
user_29452,person
user_29453,person
user_29454,person
user_29455,person
user_29456,person
user_29457,person
user_29458,person
user_29459,person
user_29460,person
user_29461,person
user_29462,person
user_29463,person
user_29464,person
user_29465,person
user_29466,person
user_29467,person
user_29468,person
user_29469,person
user_29470,person
user_29471,person
user_29472,person
user_29473,person
user_29474,person
user_29475,person
user_29476,person
user_29477,person
user_29478,person
user_29479,person
user_29480,person
user_29481,person
user_29482,person
user_29483,person
user_29484,person
user_29485,person
user_29486,person
user_29487,person
user_29488,person
user_29489,person
user_29490,person
user_29491,person
user_29492,person
user_29493,person
user_29494,person
user_29495,person
user_29496,person
user_29497,person
user_29498,person
user_29499,person
user_29500,person
user_29501,person
user_29502,person
user_29503,person
user_29504,person
user_29505,person
user_29506,person
user_29507,person
user_29508,person
user_29509,person
user_29510,person
user_29511,person
user_29512,person
user_29513,person
user_29514,person
user_29515,person
user_29516,person
user_29517,person
user_29518,person
user_29519,person
user_29520,person
user_29521,person
user_29522,person
user_29523,person
user_29524,person
user_29525,person
user_29526,person
user_29527,person
user_29528,person
user_29529,person
user_29530,person
user_29531,person
user_29532,person
user_29533,person
user_29534,person
user_29535,person
user_29536,person
user_29537,person
user_29538,person
user_29539,person
user_29540,person
user_29541,person
user_29542,person
user_29543,person
user_29544,person
user_29545,person
user_29546,person
user_29547,person
user_29548,person
user_29549,person
user_29550,person
user_29551,person
user_29552,person
user_29553,person
user_29554,person
user_29555,person
user_29556,person
user_29557,person
user_29558,person
user_29559,person
user_29560,person
user_29561,person
user_29562,person
user_29563,person
user_29564,person
user_29565,person
user_29566,person
user_29567,person
user_29568,person
user_29569,person
user_29570,person
user_29571,person
user_29572,person
user_29573,person
user_29574,person
user_29575,person
user_29576,person
user_29577,person
user_29578,person
user_29579,person
user_29580,person
user_29581,person
user_29582,person
user_29583,person
user_29584,person
user_29585,person
user_29586,person
user_29587,person
user_29588,person
user_29589,person
user_29590,person
user_29591,person
user_29592,person
user_29593,person
user_29594,person
user_29595,person
user_29596,person
user_29597,person
user_29598,person
user_29599,person
user_29600,person
user_29601,person
user_29602,person
user_29603,person
user_29604,person
user_29605,person
user_29606,person
user_29607,person
user_29608,person
user_29609,person
user_29610,person
user_29611,person
user_29612,person
user_29613,person
user_29614,person
user_29615,person
user_29616,person
user_29617,person
user_29618,person
user_29619,person
user_29620,person
user_29621,person
user_29622,person
user_29623,person
user_29624,person
user_29625,person
user_29626,person
user_29627,person
user_29628,person
user_29629,person
user_29630,person
user_29631,person
user_29632,person
user_29633,person
user_29634,person
user_29635,person
user_29636,person
user_29637,person
user_29638,person
user_29639,person
user_29640,person
user_29641,person
user_29642,person
user_29643,person
user_29644,person
user_29645,person
user_29646,person
user_29647,person
user_29648,person
user_29649,person
user_29650,person
user_29651,person
user_29652,person
user_29653,person
user_29654,person
user_29655,person
user_29656,person
user_29657,person
user_29658,person
user_29659,person
user_29660,person
user_29661,person
user_29662,person
user_29663,person
user_29664,person
user_29665,person
user_29666,person
user_29667,person
user_29668,person
user_29669,person
user_29670,person
user_29671,person
user_29672,person
user_29673,person
user_29674,person
user_29675,person
user_29676,person
user_29677,person
user_29678,person
user_29679,person
user_29680,person
user_29681,person
user_29682,person
user_29683,person
user_29684,person
user_29685,person
user_29686,person
user_29687,person
user_29688,person
user_29689,person
user_29690,person
user_29691,person
user_29692,person
user_29693,person
user_29694,person
user_29695,person
user_29696,person
user_29697,person
user_29698,person
user_29699,person
user_29700,person
user_29701,person
user_29702,person
user_29703,person
user_29704,person
user_29705,person
user_29706,person
user_29707,person
user_29708,person
user_29709,person
user_29710,person
user_29711,person
user_29712,person
user_29713,person
user_29714,person
user_29715,person
user_29716,person
user_29717,person
user_29718,person
user_29719,person
user_29720,person
user_29721,person
user_29722,person
user_29723,person
user_29724,person
user_29725,person
user_29726,person
user_29727,person
user_29728,person
user_29729,person
user_29730,person
user_29731,person
user_29732,person
user_29733,person
user_29734,person
user_29735,person
user_29736,person
user_29737,person
user_29738,person
user_29739,person
user_29740,person
user_29741,person
user_29742,person
user_29743,person
user_29744,person
user_29745,person
user_29746,person
user_29747,person
user_29748,person
user_29749,person
user_29750,person
user_29751,person
user_29752,person
user_29753,person
user_29754,person
user_29755,person
user_29756,person
user_29757,person
user_29758,person
user_29759,person
user_29760,person
user_29761,person
user_29762,person
user_29763,person
user_29764,person
user_29765,person
user_29766,person
user_29767,person
user_29768,person
user_29769,person
user_29770,person
user_29771,person
user_29772,person
user_29773,person
user_29774,person
user_29775,person
user_29776,person
user_29777,person
user_29778,person
user_29779,person
user_29780,person
user_29781,person
user_29782,person
user_29783,person
user_29784,person
user_29785,person
user_29786,person
user_29787,person
user_29788,person
user_29789,person
user_29790,person
user_29791,person
user_29792,person
user_29793,person
user_29794,person
user_29795,person
user_29796,person
user_29797,person
user_29798,person
user_29799,person
user_29800,person
user_29801,person
user_29802,person
user_29803,person
user_29804,person
user_29805,person
user_29806,person
user_29807,person
user_29808,person
user_29809,person
user_29810,person
user_29811,person
user_29812,person
user_29813,person
user_29814,person
user_29815,person
user_29816,person
user_29817,person
user_29818,person
user_29819,person
user_29820,person
user_29821,person
user_29822,person
user_29823,person
user_29824,person
user_29825,person
user_29826,person
user_29827,person
user_29828,person
user_29829,person
user_29830,person
user_29831,person
user_29832,person
user_29833,person
user_29834,person
user_29835,person
user_29836,person
user_29837,person
user_29838,person
user_29839,person
user_29840,person
user_29841,person
user_29842,person
user_29843,person
user_29844,person
user_29845,person
user_29846,person
user_29847,person
user_29848,person
user_29849,person
user_29850,person
user_29851,person
user_29852,person
user_29853,person
user_29854,person
user_29855,person
user_29856,person
user_29857,person
user_29858,person
user_29859,person
user_29860,person
user_29861,person
user_29862,person
user_29863,person
user_29864,person
user_29865,person
user_29866,person
user_29867,person
user_29868,person
user_29869,person
user_29870,person
user_29871,person
user_29872,person
user_29873,person
user_29874,person
user_29875,person
user_29876,person
user_29877,person
user_29878,person
user_29879,person
user_29880,person
user_29881,person
user_29882,person
user_29883,person
user_29884,person
user_29885,person
user_29886,person
user_29887,person
user_29888,person
user_29889,person
user_29890,person
user_29891,person
user_29892,person
user_29893,person
user_29894,person
user_29895,person
user_29896,person
user_29897,person
user_29898,person
user_29899,person
user_29900,person
user_29901,person
user_29902,person
user_29903,person
user_29904,person
user_29905,person
user_29906,person
user_29907,person
user_29908,person
user_29909,person
user_29910,person
user_29911,person
user_29912,person
user_29913,person
user_29914,person
user_29915,person
user_29916,person
user_29917,person
user_29918,person
user_29919,person
user_29920,person
user_29921,person
user_29922,person
user_29923,person
user_29924,person
user_29925,person
user_29926,person
user_29927,person
user_29928,person
user_29929,person
user_29930,person
user_29931,person
user_29932,person
user_29933,person
user_29934,person
user_29935,person
user_29936,person
user_29937,person
user_29938,person
user_29939,person
user_29940,person
user_29941,person
user_29942,person
user_29943,person
user_29944,person
user_29945,person
user_29946,person
user_29947,person
user_29948,person
user_29949,person
user_29950,person
user_29951,person
user_29952,person
user_29953,person
user_29954,person
user_29955,person
user_29956,person
user_29957,person
user_29958,person
user_29959,person
user_29960,person
user_29961,person
user_29962,person
user_29963,person
user_29964,person
user_29965,person
user_29966,person
user_29967,person
user_29968,person
user_29969,person
user_29970,person
user_29971,person
user_29972,person
user_29973,person
user_29974,person
user_29975,person
user_29976,person
user_29977,person
user_29978,person
user_29979,person
user_29980,person
user_29981,person
user_29982,person
user_29983,person
user_29984,person
user_29985,person
user_29986,person
user_29987,person
user_29988,person
user_29989,person
user_29990,person
user_29991,person
user_29992,person
user_29993,person
user_29994,person
user_29995,person
user_29996,person
user_29997,person
user_29998,person
user_29999,person
user_30000,person
user_30001,person
user_30002,person
user_30003,person
user_30004,person
user_30005,person
user_30006,person
user_30007,person
user_30008,person
user_30009,person
user_30010,person
user_30011,person
user_30012,person
user_30013,person
user_30014,person
user_30015,person
user_30016,person
user_30017,person
user_30018,person
user_30019,person
user_30020,person
user_30021,person
user_30022,person
user_30023,person
user_30024,person
user_30025,person
user_30026,person
user_30027,person
user_30028,person
user_30029,person
user_30030,person
user_30031,person
user_30032,person
user_30033,person
user_30034,person
user_30035,person
user_30036,person
user_30037,person
user_30038,person
user_30039,person
user_30040,person
user_30041,person
user_30042,person
user_30043,person
user_30044,person
user_30045,person
user_30046,person
user_30047,person
user_30048,person
user_30049,person
user_30050,person
user_30051,person
user_30052,person
user_30053,person
user_30054,person
user_30055,person
user_30056,person
user_30057,person
user_30058,person
user_30059,person
user_30060,person
user_30061,person
user_30062,person
user_30063,person
user_30064,person
user_30065,person
user_30066,person
user_30067,person
user_30068,person
user_30069,person
user_30070,person
user_30071,person
user_30072,person
user_30073,person
user_30074,person
user_30075,person
user_30076,person
user_30077,person
user_30078,person
user_30079,person
user_30080,person
user_30081,person
user_30082,person
user_30083,person
user_30084,person
user_30085,person
user_30086,person
user_30087,person
user_30088,person
user_30089,person
user_30090,person
user_30091,person
user_30092,person
user_30093,person
user_30094,person
user_30095,person
user_30096,person
user_30097,person
user_30098,person
user_30099,person
user_30100,person
user_30101,person
user_30102,person
user_30103,person
user_30104,person
user_30105,person
user_30106,person
user_30107,person
user_30108,person
user_30109,person
user_30110,person
user_30111,person
user_30112,person
user_30113,person
user_30114,person
user_30115,person
user_30116,person
user_30117,person
user_30118,person
user_30119,person
user_30120,person
user_30121,person
user_30122,person
user_30123,person
user_30124,person
user_30125,person
user_30126,person
user_30127,person
user_30128,person
user_30129,person
user_30130,person
user_30131,person
user_30132,person
user_30133,person
user_30134,person
user_30135,person
user_30136,person
user_30137,person
user_30138,person
user_30139,person
user_30140,person
user_30141,person
user_30142,person
user_30143,person
user_30144,person
user_30145,person
user_30146,person
user_30147,person
user_30148,person
user_30149,person
user_30150,person
user_30151,person
user_30152,person
user_30153,person
user_30154,person
user_30155,person
user_30156,person
user_30157,person
user_30158,person
user_30159,person
user_30160,person
user_30161,person
user_30162,person
user_30163,person
user_30164,person
user_30165,person
user_30166,person
user_30167,person
user_30168,person
user_30169,person
user_30170,person
user_30171,person
user_30172,person
user_30173,person
user_30174,person
user_30175,person
user_30176,person
user_30177,person
user_30178,person
user_30179,person
user_30180,person
user_30181,person
user_30182,person
user_30183,person
user_30184,person
user_30185,person
user_30186,person
user_30187,person
user_30188,person
user_30189,person
user_30190,person
user_30191,person
user_30192,person
user_30193,person
user_30194,person
user_30195,person
user_30196,person
user_30197,person
user_30198,person
user_30199,person
user_30200,person
user_30201,person
user_30202,person
user_30203,person
user_30204,person
user_30205,person
user_30206,person
user_30207,person
user_30208,person
user_30209,person
user_30210,person
user_30211,person
user_30212,person
user_30213,person
user_30214,person
user_30215,person
user_30216,person
user_30217,person
user_30218,person
user_30219,person
user_30220,person
user_30221,person
user_30222,person
user_30223,person
user_30224,person
user_30225,person
user_30226,person
user_30227,person
user_30228,person
user_30229,person
user_30230,person
user_30231,person
user_30232,person
user_30233,person
user_30234,person
user_30235,person
user_30236,person
user_30237,person
user_30238,person
user_30239,person
user_30240,person
user_30241,person
user_30242,person
user_30243,person
user_30244,person
user_30245,person
user_30246,person
user_30247,person
user_30248,person
user_30249,person
user_30250,person
user_30251,person
user_30252,person
user_30253,person
user_30254,person
user_30255,person
user_30256,person
user_30257,person
user_30258,person
user_30259,person
user_30260,person
user_30261,person
user_30262,person
user_30263,person
user_30264,person
user_30265,person
user_30266,person
user_30267,person
user_30268,person
user_30269,person
user_30270,person
user_30271,person
user_30272,person
user_30273,person
user_30274,person
user_30275,person
user_30276,person
user_30277,person
user_30278,person
user_30279,person
user_30280,person
user_30281,person
user_30282,person
user_30283,person
user_30284,person
user_30285,person
user_30286,person
user_30287,person
user_30288,person
user_30289,person
user_30290,person
user_30291,person
user_30292,person
user_30293,person
user_30294,person
user_30295,person
user_30296,person
user_30297,person
user_30298,person
user_30299,person
user_30300,person
user_30301,person
user_30302,person
user_30303,person
user_30304,person
user_30305,person
user_30306,person
user_30307,person
user_30308,person
user_30309,person
user_30310,person
user_30311,person
user_30312,person
user_30313,person
user_30314,person
user_30315,person
user_30316,person
user_30317,person
user_30318,person
user_30319,person
user_30320,person
user_30321,person
user_30322,person
user_30323,person
user_30324,person
user_30325,person
user_30326,person
user_30327,person
user_30328,person
user_30329,person
user_30330,person
user_30331,person
user_30332,person
user_30333,person
user_30334,person
user_30335,person
user_30336,person
user_30337,person
user_30338,person
user_30339,person
user_30340,person
user_30341,person
user_30342,person
user_30343,person
user_30344,person
user_30345,person
user_30346,person
user_30347,person
user_30348,person
user_30349,person
user_30350,person
user_30351,person
user_30352,person
user_30353,person
user_30354,person
user_30355,person
user_30356,person
user_30357,person
user_30358,person
user_30359,person
user_30360,person
user_30361,person
user_30362,person
user_30363,person
user_30364,person
user_30365,person
user_30366,person
user_30367,person
user_30368,person
user_30369,person
user_30370,person
user_30371,person
user_30372,person
user_30373,person
user_30374,person
user_30375,person
user_30376,person
user_30377,person
user_30378,person
user_30379,person
user_30380,person
user_30381,person
user_30382,person
user_30383,person
user_30384,person
user_30385,person
user_30386,person
user_30387,person
user_30388,person
user_30389,person
user_30390,person
user_30391,person
user_30392,person
user_30393,person
user_30394,person
user_30395,person
user_30396,person
user_30397,person
user_30398,person
user_30399,person
user_30400,person
user_30401,person
user_30402,person
user_30403,person
user_30404,person
user_30405,person
user_30406,person
user_30407,person
user_30408,person
user_30409,person
user_30410,person
user_30411,person
user_30412,person
user_30413,person
user_30414,person
user_30415,person
user_30416,person
user_30417,person
user_30418,person
user_30419,person
user_30420,person
user_30421,person
user_30422,person
user_30423,person
user_30424,person
user_30425,person
user_30426,person
user_30427,person
user_30428,person
user_30429,person
user_30430,person
user_30431,person
user_30432,person
user_30433,person
user_30434,person
user_30435,person
user_30436,person
user_30437,person
user_30438,person
user_30439,person
user_30440,person
user_30441,person
user_30442,person
user_30443,person
user_30444,person
user_30445,person
user_30446,person
user_30447,person
user_30448,person
user_30449,person
user_30450,person
user_30451,person
user_30452,person
user_30453,person
user_30454,person
user_30455,person
user_30456,person
user_30457,person
user_30458,person
user_30459,person
user_30460,person
user_30461,person
user_30462,person
user_30463,person
user_30464,person
user_30465,person
user_30466,person
user_30467,person
user_30468,person
user_30469,person
user_30470,person
user_30471,person
user_30472,person
user_30473,person
user_30474,person
user_30475,person
user_30476,person
user_30477,person
user_30478,person
user_30479,person
user_30480,person
user_30481,person
user_30482,person
user_30483,person
user_30484,person
user_30485,person
user_30486,person
user_30487,person
user_30488,person
user_30489,person
user_30490,person
user_30491,person
user_30492,person
user_30493,person
user_30494,person
user_30495,person
user_30496,person
user_30497,person
user_30498,person
user_30499,person
user_30500,person
user_30501,person
user_30502,person
user_30503,person
user_30504,person
user_30505,person
user_30506,person
user_30507,person
user_30508,person
user_30509,person
user_30510,person
user_30511,person
user_30512,person
user_30513,person
user_30514,person
user_30515,person
user_30516,person
user_30517,person
user_30518,person
user_30519,person
user_30520,person
user_30521,person
user_30522,person
user_30523,person
user_30524,person
user_30525,person
user_30526,person
user_30527,person
user_30528,person
user_30529,person
user_30530,person
user_30531,person
user_30532,person
user_30533,person
user_30534,person
user_30535,person
user_30536,person
user_30537,person
user_30538,person
user_30539,person
user_30540,person
user_30541,person
user_30542,person
user_30543,person
user_30544,person
user_30545,person
user_30546,person
user_30547,person
user_30548,person
user_30549,person
user_30550,person
user_30551,person
user_30552,person
user_30553,person
user_30554,person
user_30555,person
user_30556,person
user_30557,person
user_30558,person
user_30559,person
user_30560,person
user_30561,person
user_30562,person
user_30563,person
user_30564,person
user_30565,person
user_30566,person
user_30567,person
user_30568,person
user_30569,person
user_30570,person
user_30571,person
user_30572,person
user_30573,person
user_30574,person
user_30575,person
user_30576,person
user_30577,person
user_30578,person
user_30579,person
user_30580,person
user_30581,person
user_30582,person
user_30583,person
user_30584,person
user_30585,person
user_30586,person
user_30587,person
user_30588,person
user_30589,person
user_30590,person
user_30591,person
user_30592,person
user_30593,person
user_30594,person
user_30595,person
user_30596,person
user_30597,person
user_30598,person
user_30599,person
user_30600,person
user_30601,person
user_30602,person
user_30603,person
user_30604,person
user_30605,person
user_30606,person
user_30607,person
user_30608,person
user_30609,person
user_30610,person
user_30611,person
user_30612,person
user_30613,person
user_30614,person
user_30615,person
user_30616,person
user_30617,person
user_30618,person
user_30619,person
user_30620,person
user_30621,person
user_30622,person
user_30623,person
user_30624,person
user_30625,person
user_30626,person
user_30627,person
user_30628,person
user_30629,person
user_30630,person
user_30631,person
user_30632,person
user_30633,person
user_30634,person
user_30635,person
user_30636,person
user_30637,person
user_30638,person
user_30639,person
user_30640,person
user_30641,person
user_30642,person
user_30643,person
user_30644,person
user_30645,person
user_30646,person
user_30647,person
user_30648,person
user_30649,person
user_30650,person
user_30651,person
user_30652,person
user_30653,person
user_30654,person
user_30655,person
user_30656,person
user_30657,person
user_30658,person
user_30659,person
user_30660,person
user_30661,person
user_30662,person
user_30663,person
user_30664,person
user_30665,person
user_30666,person
user_30667,person
user_30668,person
user_30669,person
user_30670,person
user_30671,person
user_30672,person
user_30673,person
user_30674,person
user_30675,person
user_30676,person
user_30677,person
user_30678,person
user_30679,person
user_30680,person
user_30681,person
user_30682,person
user_30683,person
user_30684,person
user_30685,person
user_30686,person
user_30687,person
user_30688,person
user_30689,person
user_30690,person
user_30691,person
user_30692,person
user_30693,person
user_30694,person
user_30695,person
user_30696,person
user_30697,person
user_30698,person
user_30699,person
user_30700,person
user_30701,person
user_30702,person
user_30703,person
user_30704,person
user_30705,person
user_30706,person
user_30707,person
user_30708,person
user_30709,person
user_30710,person
user_30711,person
user_30712,person
user_30713,person
user_30714,person
user_30715,person
user_30716,person
user_30717,person
user_30718,person
user_30719,person
user_30720,person
user_30721,person
user_30722,person
user_30723,person
user_30724,person
user_30725,person
user_30726,person
user_30727,person
user_30728,person
user_30729,person
user_30730,person
user_30731,person
user_30732,person
user_30733,person
user_30734,person
user_30735,person
user_30736,person
user_30737,person
user_30738,person
user_30739,person
user_30740,person
user_30741,person
user_30742,person
user_30743,person
user_30744,person
user_30745,person
user_30746,person
user_30747,person
user_30748,person
user_30749,person
user_30750,person
user_30751,person
user_30752,person
user_30753,person
user_30754,person
user_30755,person
user_30756,person
user_30757,person
user_30758,person
user_30759,person
user_30760,person
user_30761,person
user_30762,person
user_30763,person
user_30764,person
user_30765,person
user_30766,person
user_30767,person
user_30768,person
user_30769,person
user_30770,person
user_30771,person
user_30772,person
user_30773,person
user_30774,person
user_30775,person
user_30776,person
user_30777,person
user_30778,person
user_30779,person
user_30780,person
user_30781,person
user_30782,person
user_30783,person
user_30784,person
user_30785,person
user_30786,person
user_30787,person
user_30788,person
user_30789,person
user_30790,person
user_30791,person
user_30792,person
user_30793,person
user_30794,person
user_30795,person
user_30796,person
user_30797,person
user_30798,person
user_30799,person
user_30800,person
user_30801,person
user_30802,person
user_30803,person
user_30804,person
user_30805,person
user_30806,person
user_30807,person
user_30808,person
user_30809,person
user_30810,person
user_30811,person
user_30812,person
user_30813,person
user_30814,person
user_30815,person
user_30816,person
user_30817,person
user_30818,person
user_30819,person
user_30820,person
user_30821,person
user_30822,person
user_30823,person
user_30824,person
user_30825,person
user_30826,person
user_30827,person
user_30828,person
user_30829,person
user_30830,person
user_30831,person
user_30832,person
user_30833,person
user_30834,person
user_30835,person
user_30836,person
user_30837,person
user_30838,person
user_30839,person
user_30840,person
user_30841,person
user_30842,person
user_30843,person
user_30844,person
user_30845,person
user_30846,person
user_30847,person
user_30848,person
user_30849,person
user_30850,person
user_30851,person
user_30852,person
user_30853,person
user_30854,person
user_30855,person
user_30856,person
user_30857,person
user_30858,person
user_30859,person
user_30860,person
user_30861,person
user_30862,person
user_30863,person
user_30864,person
user_30865,person
user_30866,person
user_30867,person
user_30868,person
user_30869,person
user_30870,person
user_30871,person
user_30872,person
user_30873,person
user_30874,person
user_30875,person
user_30876,person
user_30877,person
user_30878,person
user_30879,person
user_30880,person
user_30881,person
user_30882,person
user_30883,person
user_30884,person
user_30885,person
user_30886,person
user_30887,person
user_30888,person
user_30889,person
user_30890,person
user_30891,person
user_30892,person
user_30893,person
user_30894,person
user_30895,person
user_30896,person
user_30897,person
user_30898,person
user_30899,person
user_30900,person
user_30901,person
user_30902,person
user_30903,person
user_30904,person
user_30905,person
user_30906,person
user_30907,person
user_30908,person
user_30909,person
user_30910,person
user_30911,person
user_30912,person
user_30913,person
user_30914,person
user_30915,person
user_30916,person
user_30917,person
user_30918,person
user_30919,person
user_30920,person
user_30921,person
user_30922,person
user_30923,person
user_30924,person
user_30925,person
user_30926,person
user_30927,person
user_30928,person
user_30929,person
user_30930,person
user_30931,person
user_30932,person
user_30933,person
user_30934,person
user_30935,person
user_30936,person
user_30937,person
user_30938,person
user_30939,person
user_30940,person
user_30941,person
user_30942,person
user_30943,person
user_30944,person
user_30945,person
user_30946,person
user_30947,person
user_30948,person
user_30949,person
user_30950,person
user_30951,person
user_30952,person
user_30953,person
user_30954,person
user_30955,person
user_30956,person
user_30957,person
user_30958,person
user_30959,person
user_30960,person
user_30961,person
user_30962,person
user_30963,person
user_30964,person
user_30965,person
user_30966,person
user_30967,person
user_30968,person
user_30969,person
user_30970,person
user_30971,person
user_30972,person
user_30973,person
user_30974,person
user_30975,person
user_30976,person
user_30977,person
user_30978,person
user_30979,person
user_30980,person
user_30981,person
user_30982,person
user_30983,person
user_30984,person
user_30985,person
user_30986,person
user_30987,person
user_30988,person
user_30989,person
user_30990,person
user_30991,person
user_30992,person
user_30993,person
user_30994,person
user_30995,person
user_30996,person
user_30997,person
user_30998,person
user_30999,person
user_31000,person
user_31001,person
user_31002,person
user_31003,person
user_31004,person
user_31005,person
user_31006,person
user_31007,person
user_31008,person
user_31009,person
user_31010,person
user_31011,person
user_31012,person
user_31013,person
user_31014,person
user_31015,person
user_31016,person
user_31017,person
user_31018,person
user_31019,person
user_31020,person
user_31021,person
user_31022,person
user_31023,person
user_31024,person
user_31025,person
user_31026,person
user_31027,person
user_31028,person
user_31029,person
user_31030,person
user_31031,person
user_31032,person
user_31033,person
user_31034,person
user_31035,person
user_31036,person
user_31037,person
user_31038,person
user_31039,person
user_31040,person
user_31041,person
user_31042,person
user_31043,person
user_31044,person
user_31045,person
user_31046,person
user_31047,person
user_31048,person
user_31049,person
user_31050,person
user_31051,person
user_31052,person
user_31053,person
user_31054,person
user_31055,person
user_31056,person
user_31057,person
user_31058,person
user_31059,person
user_31060,person
user_31061,person
user_31062,person
user_31063,person
user_31064,person
user_31065,person
user_31066,person
user_31067,person
user_31068,person
user_31069,person
user_31070,person
user_31071,person
user_31072,person
user_31073,person
user_31074,person
user_31075,person
user_31076,person
user_31077,person
user_31078,person
user_31079,person
user_31080,person
user_31081,person
user_31082,person
user_31083,person
user_31084,person
user_31085,person
user_31086,person
user_31087,person
user_31088,person
user_31089,person
user_31090,person
user_31091,person
user_31092,person
user_31093,person
user_31094,person
user_31095,person
user_31096,person
user_31097,person
user_31098,person
user_31099,person
user_31100,person
user_31101,person
user_31102,person
user_31103,person
user_31104,person
user_31105,person
user_31106,person
user_31107,person
user_31108,person
user_31109,person
user_31110,person
user_31111,person
user_31112,person
user_31113,person
user_31114,person
user_31115,person
user_31116,person
user_31117,person
user_31118,person
user_31119,person
user_31120,person
user_31121,person
user_31122,person
user_31123,person
user_31124,person
user_31125,person
user_31126,person
user_31127,person
user_31128,person
user_31129,person
user_31130,person
user_31131,person
user_31132,person
user_31133,person
user_31134,person
user_31135,person
user_31136,person
user_31137,person
user_31138,person
user_31139,person
user_31140,person
user_31141,person
user_31142,person
user_31143,person
user_31144,person
user_31145,person
user_31146,person
user_31147,person
user_31148,person
user_31149,person
user_31150,person
user_31151,person
user_31152,person
user_31153,person
user_31154,person
user_31155,person
user_31156,person
user_31157,person
user_31158,person
user_31159,person
user_31160,person
user_31161,person
user_31162,person
user_31163,person
user_31164,person
user_31165,person
user_31166,person
user_31167,person
user_31168,person
user_31169,person
user_31170,person
user_31171,person
user_31172,person
user_31173,person
user_31174,person
user_31175,person
user_31176,person
user_31177,person
user_31178,person
user_31179,person
user_31180,person
user_31181,person
user_31182,person
user_31183,person
user_31184,person
user_31185,person
user_31186,person
user_31187,person
user_31188,person
user_31189,person
user_31190,person
user_31191,person
user_31192,person
user_31193,person
user_31194,person
user_31195,person
user_31196,person
user_31197,person
user_31198,person
user_31199,person
user_31200,person
user_31201,person
user_31202,person
user_31203,person
user_31204,person
user_31205,person
user_31206,person
user_31207,person
user_31208,person
user_31209,person
user_31210,person
user_31211,person
user_31212,person
user_31213,person
user_31214,person
user_31215,person
user_31216,person
user_31217,person
user_31218,person
user_31219,person
user_31220,person
user_31221,person
user_31222,person
user_31223,person
user_31224,person
user_31225,person
user_31226,person
user_31227,person
user_31228,person
user_31229,person
user_31230,person
user_31231,person
user_31232,person
user_31233,person
user_31234,person
user_31235,person
user_31236,person
user_31237,person
user_31238,person
user_31239,person
user_31240,person
user_31241,person
user_31242,person
user_31243,person
user_31244,person
user_31245,person
user_31246,person
user_31247,person
user_31248,person
user_31249,person
user_31250,person
user_31251,person
user_31252,person
user_31253,person
user_31254,person
user_31255,person
user_31256,person
user_31257,person
user_31258,person
user_31259,person
user_31260,person
user_31261,person
user_31262,person
user_31263,person
user_31264,person
user_31265,person
user_31266,person
user_31267,person
user_31268,person
user_31269,person
user_31270,person
user_31271,person
user_31272,person
user_31273,person
user_31274,person
user_31275,person
user_31276,person
user_31277,person
user_31278,person
user_31279,person
user_31280,person
user_31281,person
user_31282,person
user_31283,person
user_31284,person
user_31285,person
user_31286,person
user_31287,person
user_31288,person
user_31289,person
user_31290,person
user_31291,person
user_31292,person
user_31293,person
user_31294,person
user_31295,person
user_31296,person
user_31297,person
user_31298,person
user_31299,person
user_31300,person
user_31301,person
user_31302,person
user_31303,person
user_31304,person
user_31305,person
user_31306,person
user_31307,person
user_31308,person
user_31309,person
user_31310,person
user_31311,person
user_31312,person
user_31313,person
user_31314,person
user_31315,person
user_31316,person
user_31317,person
user_31318,person
user_31319,person
user_31320,person
user_31321,person
user_31322,person
user_31323,person
user_31324,person
user_31325,person
user_31326,person
user_31327,person
user_31328,person
user_31329,person
user_31330,person
user_31331,person
user_31332,person
user_31333,person
user_31334,person
user_31335,person
user_31336,person
user_31337,person
user_31338,person
user_31339,person
user_31340,person
user_31341,person
user_31342,person
user_31343,person
user_31344,person
user_31345,person
user_31346,person
user_31347,person
user_31348,person
user_31349,person
user_31350,person
user_31351,person
user_31352,person
user_31353,person
user_31354,person
user_31355,person
user_31356,person
user_31357,person
user_31358,person
user_31359,person
user_31360,person
user_31361,person
user_31362,person
user_31363,person
user_31364,person
user_31365,person
user_31366,person
user_31367,person
user_31368,person
user_31369,person
user_31370,person
user_31371,person
user_31372,person
user_31373,person
user_31374,person
user_31375,person
user_31376,person
user_31377,person
user_31378,person
user_31379,person
user_31380,person
user_31381,person
user_31382,person
user_31383,person
user_31384,person
user_31385,person
user_31386,person
user_31387,person
user_31388,person
user_31389,person
user_31390,person
user_31391,person
user_31392,person
user_31393,person
user_31394,person
user_31395,person
user_31396,person
user_31397,person
user_31398,person
user_31399,person
user_31400,person
user_31401,person
user_31402,person
user_31403,person
user_31404,person
user_31405,person
user_31406,person
user_31407,person
user_31408,person
user_31409,person
user_31410,person
user_31411,person
user_31412,person
user_31413,person
user_31414,person
user_31415,person
user_31416,person
user_31417,person
user_31418,person
user_31419,person
user_31420,person
user_31421,person
user_31422,person
user_31423,person
user_31424,person
user_31425,person
user_31426,person
user_31427,person
user_31428,person
user_31429,person
user_31430,person
user_31431,person
user_31432,person
user_31433,person
user_31434,person
user_31435,person
user_31436,person
user_31437,person
user_31438,person
user_31439,person
user_31440,person
user_31441,person
user_31442,person
user_31443,person
user_31444,person
user_31445,person
user_31446,person
user_31447,person
user_31448,person
user_31449,person
user_31450,person
user_31451,person
user_31452,person
user_31453,person
user_31454,person
user_31455,person
user_31456,person
user_31457,person
user_31458,person
user_31459,person
user_31460,person
user_31461,person
user_31462,person
user_31463,person
user_31464,person
user_31465,person
user_31466,person
user_31467,person
user_31468,person
user_31469,person
user_31470,person
user_31471,person
user_31472,person
user_31473,person
user_31474,person
user_31475,person
user_31476,person
user_31477,person
user_31478,person
user_31479,person
user_31480,person
user_31481,person
user_31482,person
user_31483,person
user_31484,person
user_31485,person
user_31486,person
user_31487,person
user_31488,person
user_31489,person
user_31490,person
user_31491,person
user_31492,person
user_31493,person
user_31494,person
user_31495,person
user_31496,person
user_31497,person
user_31498,person
user_31499,person
user_31500,person
user_31501,person
user_31502,person
user_31503,person
user_31504,person
user_31505,person
user_31506,person
user_31507,person
user_31508,person
user_31509,person
user_31510,person
user_31511,person
user_31512,person
user_31513,person
user_31514,person
user_31515,person
user_31516,person
user_31517,person
user_31518,person
user_31519,person
user_31520,person
user_31521,person
user_31522,person
user_31523,person
user_31524,person
user_31525,person
user_31526,person
user_31527,person
user_31528,person
user_31529,person
user_31530,person
user_31531,person
user_31532,person
user_31533,person
user_31534,person
user_31535,person
user_31536,person
user_31537,person
user_31538,person
user_31539,person
user_31540,person
user_31541,person
user_31542,person
user_31543,person
user_31544,person
user_31545,person
user_31546,person
user_31547,person
user_31548,person
user_31549,person
user_31550,person
user_31551,person
user_31552,person
user_31553,person
user_31554,person
user_31555,person
user_31556,person
user_31557,person
user_31558,person
user_31559,person
user_31560,person
user_31561,person
user_31562,person
user_31563,person
user_31564,person
user_31565,person
user_31566,person
user_31567,person
user_31568,person
user_31569,person
user_31570,person
user_31571,person
user_31572,person
user_31573,person
user_31574,person
user_31575,person
user_31576,person
user_31577,person
user_31578,person
user_31579,person
user_31580,person
user_31581,person
user_31582,person
user_31583,person
user_31584,person
user_31585,person
user_31586,person
user_31587,person
user_31588,person
user_31589,person
user_31590,person
user_31591,person
user_31592,person
user_31593,person
user_31594,person
user_31595,person
user_31596,person
user_31597,person
user_31598,person
user_31599,person
user_31600,person
user_31601,person
user_31602,person
user_31603,person
user_31604,person
user_31605,person
user_31606,person
user_31607,person
user_31608,person
user_31609,person
user_31610,person
user_31611,person
user_31612,person
user_31613,person
user_31614,person
user_31615,person
user_31616,person
user_31617,person
user_31618,person
user_31619,person
user_31620,person
user_31621,person
user_31622,person
user_31623,person
user_31624,person
user_31625,person
user_31626,person
user_31627,person
user_31628,person
user_31629,person
user_31630,person
user_31631,person
user_31632,person
user_31633,person
user_31634,person
user_31635,person
user_31636,person
user_31637,person
user_31638,person
user_31639,person
user_31640,person
user_31641,person
user_31642,person
user_31643,person
user_31644,person
user_31645,person
user_31646,person
user_31647,person
user_31648,person
user_31649,person
user_31650,person
user_31651,person
user_31652,person
user_31653,person
user_31654,person
user_31655,person
user_31656,person
user_31657,person
user_31658,person
user_31659,person
user_31660,person
user_31661,person
user_31662,person
user_31663,person
user_31664,person
user_31665,person
user_31666,person
user_31667,person
user_31668,person
user_31669,person
user_31670,person
user_31671,person
user_31672,person
user_31673,person
user_31674,person
user_31675,person
user_31676,person
user_31677,person
user_31678,person
user_31679,person
user_31680,person
user_31681,person
user_31682,person
user_31683,person
user_31684,person
user_31685,person
user_31686,person
user_31687,person
user_31688,person
user_31689,person
user_31690,person
user_31691,person
user_31692,person
user_31693,person
user_31694,person
user_31695,person
user_31696,person
user_31697,person
user_31698,person
user_31699,person
user_31700,person
user_31701,person
user_31702,person
user_31703,person
user_31704,person
user_31705,person
user_31706,person
user_31707,person
user_31708,person
user_31709,person
user_31710,person
user_31711,person
user_31712,person
user_31713,person
user_31714,person
user_31715,person
user_31716,person
user_31717,person
user_31718,person
user_31719,person
user_31720,person
user_31721,person
user_31722,person
user_31723,person
user_31724,person
user_31725,person
user_31726,person
user_31727,person
user_31728,person
user_31729,person
user_31730,person
user_31731,person
user_31732,person
user_31733,person
user_31734,person
user_31735,person
user_31736,person
user_31737,person
user_31738,person
user_31739,person
user_31740,person
user_31741,person
user_31742,person
user_31743,person
user_31744,person
user_31745,person
user_31746,person
user_31747,person
user_31748,person
user_31749,person
user_31750,person
user_31751,person
user_31752,person
user_31753,person
user_31754,person
user_31755,person
user_31756,person
user_31757,person
user_31758,person
user_31759,person
user_31760,person
user_31761,person
user_31762,person
user_31763,person
user_31764,person
user_31765,person
user_31766,person
user_31767,person
user_31768,person
user_31769,person
user_31770,person
user_31771,person
user_31772,person
user_31773,person
user_31774,person
user_31775,person
user_31776,person
user_31777,person
user_31778,person
user_31779,person
user_31780,person
user_31781,person
user_31782,person
user_31783,person
user_31784,person
user_31785,person
user_31786,person
user_31787,person
user_31788,person
user_31789,person
user_31790,person
user_31791,person
user_31792,person
user_31793,person
user_31794,person
user_31795,person
user_31796,person
user_31797,person
user_31798,person
user_31799,person
user_31800,person
user_31801,person
user_31802,person
user_31803,person
user_31804,person
user_31805,person
user_31806,person
user_31807,person
user_31808,person
user_31809,person
user_31810,person
user_31811,person
user_31812,person
user_31813,person
user_31814,person
user_31815,person
user_31816,person
user_31817,person
user_31818,person
user_31819,person
user_31820,person
user_31821,person
user_31822,person
user_31823,person
user_31824,person
user_31825,person
user_31826,person
user_31827,person
user_31828,person
user_31829,person
user_31830,person
user_31831,person
user_31832,person
user_31833,person
user_31834,person
user_31835,person
user_31836,person
user_31837,person
user_31838,person
user_31839,person
user_31840,person
user_31841,person
user_31842,person
user_31843,person
user_31844,person
user_31845,person
user_31846,person
user_31847,person
user_31848,person
user_31849,person
user_31850,person
user_31851,person
user_31852,person
user_31853,person
user_31854,person
user_31855,person
user_31856,person
user_31857,person
user_31858,person
user_31859,person
user_31860,person
user_31861,person
user_31862,person
user_31863,person
user_31864,person
user_31865,person
user_31866,person
user_31867,person
user_31868,person
user_31869,person
user_31870,person
user_31871,person
user_31872,person
user_31873,person
user_31874,person
user_31875,person
user_31876,person
user_31877,person
user_31878,person
user_31879,person
user_31880,person
user_31881,person
user_31882,person
user_31883,person
user_31884,person
user_31885,person
user_31886,person
user_31887,person
user_31888,person
user_31889,person
user_31890,person
user_31891,person
user_31892,person
user_31893,person
user_31894,person
user_31895,person
user_31896,person
user_31897,person
user_31898,person
user_31899,person
user_31900,person
user_31901,person
user_31902,person
user_31903,person
user_31904,person
user_31905,person
user_31906,person
user_31907,person
user_31908,person
user_31909,person
user_31910,person
user_31911,person
user_31912,person
user_31913,person
user_31914,person
user_31915,person
user_31916,person
user_31917,person
user_31918,person
user_31919,person
user_31920,person
user_31921,person
user_31922,person
user_31923,person
user_31924,person
user_31925,person
user_31926,person
user_31927,person
user_31928,person
user_31929,person
user_31930,person
user_31931,person
user_31932,person
user_31933,person
user_31934,person
user_31935,person
user_31936,person
user_31937,person
user_31938,person
user_31939,person
user_31940,person
user_31941,person
user_31942,person
user_31943,person
user_31944,person
user_31945,person
user_31946,person
user_31947,person
user_31948,person
user_31949,person
user_31950,person
user_31951,person
user_31952,person
user_31953,person
user_31954,person
user_31955,person
user_31956,person
user_31957,person
user_31958,person
user_31959,person
user_31960,person
user_31961,person
user_31962,person
user_31963,person
user_31964,person
user_31965,person
user_31966,person
user_31967,person
user_31968,person
user_31969,person
user_31970,person
user_31971,person
user_31972,person
user_31973,person
user_31974,person
user_31975,person
user_31976,person
user_31977,person
user_31978,person
user_31979,person
user_31980,person
user_31981,person
user_31982,person
user_31983,person
user_31984,person
user_31985,person
user_31986,person
user_31987,person
user_31988,person
user_31989,person
user_31990,person
user_31991,person
user_31992,person
user_31993,person
user_31994,person
user_31995,person
user_31996,person
user_31997,person
user_31998,person
user_31999,person
user_32000,person
user_32001,person
user_32002,person
user_32003,person
user_32004,person
user_32005,person
user_32006,person
user_32007,person
user_32008,person
user_32009,person
user_32010,person
user_32011,person
user_32012,person
user_32013,person
user_32014,person
user_32015,person
user_32016,person
user_32017,person
user_32018,person
user_32019,person
user_32020,person
user_32021,person
user_32022,person
user_32023,person
user_32024,person
user_32025,person
user_32026,person
user_32027,person
user_32028,person
user_32029,person
user_32030,person
user_32031,person
user_32032,person
user_32033,person
user_32034,person
user_32035,person
user_32036,person
user_32037,person
user_32038,person
user_32039,person
user_32040,person
user_32041,person
user_32042,person
user_32043,person
user_32044,person
user_32045,person
user_32046,person
user_32047,person
user_32048,person
user_32049,person
user_32050,person
user_32051,person
user_32052,person
user_32053,person
user_32054,person
user_32055,person
user_32056,person
user_32057,person
user_32058,person
user_32059,person
user_32060,person
user_32061,person
user_32062,person
user_32063,person
user_32064,person
user_32065,person
user_32066,person
user_32067,person
user_32068,person
user_32069,person
user_32070,person
user_32071,person
user_32072,person
user_32073,person
user_32074,person
user_32075,person
user_32076,person
user_32077,person
user_32078,person
user_32079,person
user_32080,person
user_32081,person
user_32082,person
user_32083,person
user_32084,person
user_32085,person
user_32086,person
user_32087,person
user_32088,person
user_32089,person
user_32090,person
user_32091,person
user_32092,person
user_32093,person
user_32094,person
user_32095,person
user_32096,person
user_32097,person
user_32098,person
user_32099,person
user_32100,person
user_32101,person
user_32102,person
user_32103,person
user_32104,person
user_32105,person
user_32106,person
user_32107,person
user_32108,person
user_32109,person
user_32110,person
user_32111,person
user_32112,person
user_32113,person
user_32114,person
user_32115,person
user_32116,person
user_32117,person
user_32118,person
user_32119,person
user_32120,person
user_32121,person
user_32122,person
user_32123,person
user_32124,person
user_32125,person
user_32126,person
user_32127,person
user_32128,person
user_32129,person
user_32130,person
user_32131,person
user_32132,person
user_32133,person
user_32134,person
user_32135,person
user_32136,person
user_32137,person
user_32138,person
user_32139,person
user_32140,person
user_32141,person
user_32142,person
user_32143,person
user_32144,person
user_32145,person
user_32146,person
user_32147,person
user_32148,person
user_32149,person
user_32150,person
user_32151,person
user_32152,person
user_32153,person
user_32154,person
user_32155,person
user_32156,person
user_32157,person
user_32158,person
user_32159,person
user_32160,person
user_32161,person
user_32162,person
user_32163,person
user_32164,person
user_32165,person
user_32166,person
user_32167,person
user_32168,person
user_32169,person
user_32170,person
user_32171,person
user_32172,person
user_32173,person
user_32174,person
user_32175,person
user_32176,person
user_32177,person
user_32178,person
user_32179,person
user_32180,person
user_32181,person
user_32182,person
user_32183,person
user_32184,person
user_32185,person
user_32186,person
user_32187,person
user_32188,person
user_32189,person
user_32190,person
user_32191,person
user_32192,person
user_32193,person
user_32194,person
user_32195,person
user_32196,person
user_32197,person
user_32198,person
user_32199,person
user_32200,person
user_32201,person
user_32202,person
user_32203,person
user_32204,person
user_32205,person
user_32206,person
user_32207,person
user_32208,person
user_32209,person
user_32210,person
user_32211,person
user_32212,person
user_32213,person
user_32214,person
user_32215,person
user_32216,person
user_32217,person
user_32218,person
user_32219,person
user_32220,person
user_32221,person
user_32222,person
user_32223,person
user_32224,person
user_32225,person
user_32226,person
user_32227,person
user_32228,person
user_32229,person
user_32230,person
user_32231,person
user_32232,person
user_32233,person
user_32234,person
user_32235,person
user_32236,person
user_32237,person
user_32238,person
user_32239,person
user_32240,person
user_32241,person
user_32242,person
user_32243,person
user_32244,person
user_32245,person
user_32246,person
user_32247,person
user_32248,person
user_32249,person
user_32250,person
user_32251,person
user_32252,person
user_32253,person
user_32254,person
user_32255,person
user_32256,person
user_32257,person
user_32258,person
user_32259,person
user_32260,person
user_32261,person
user_32262,person
user_32263,person
user_32264,person
user_32265,person
user_32266,person
user_32267,person
user_32268,person
user_32269,person
user_32270,person
user_32271,person
user_32272,person
user_32273,person
user_32274,person
user_32275,person
user_32276,person
user_32277,person
user_32278,person
user_32279,person
user_32280,person
user_32281,person
user_32282,person
user_32283,person
user_32284,person
user_32285,person
user_32286,person
user_32287,person
user_32288,person
user_32289,person
user_32290,person
user_32291,person
user_32292,person
user_32293,person
user_32294,person
user_32295,person
user_32296,person
user_32297,person
user_32298,person
user_32299,person
user_32300,person
user_32301,person
user_32302,person
user_32303,person
user_32304,person
user_32305,person
user_32306,person
user_32307,person
user_32308,person
user_32309,person
user_32310,person
user_32311,person
user_32312,person
user_32313,person
user_32314,person
user_32315,person
user_32316,person
user_32317,person
user_32318,person
user_32319,person
user_32320,person
user_32321,person
user_32322,person
user_32323,person
user_32324,person
user_32325,person
user_32326,person
user_32327,person
user_32328,person
user_32329,person
user_32330,person
user_32331,person
user_32332,person
user_32333,person
user_32334,person
user_32335,person
user_32336,person
user_32337,person
user_32338,person
user_32339,person
user_32340,person
user_32341,person
user_32342,person
user_32343,person
user_32344,person
user_32345,person
user_32346,person
user_32347,person
user_32348,person
user_32349,person
user_32350,person
user_32351,person
user_32352,person
user_32353,person
user_32354,person
user_32355,person
user_32356,person
user_32357,person
user_32358,person
user_32359,person
user_32360,person
user_32361,person
user_32362,person
user_32363,person
user_32364,person
user_32365,person
user_32366,person
user_32367,person
user_32368,person
user_32369,person
user_32370,person
user_32371,person
user_32372,person
user_32373,person
user_32374,person
user_32375,person
user_32376,person
user_32377,person
user_32378,person
user_32379,person
user_32380,person
user_32381,person
user_32382,person
user_32383,person
user_32384,person
user_32385,person
user_32386,person
user_32387,person
user_32388,person
user_32389,person
user_32390,person
user_32391,person
user_32392,person
user_32393,person
user_32394,person
user_32395,person
user_32396,person
user_32397,person
user_32398,person
user_32399,person
user_32400,person
user_32401,person
user_32402,person
user_32403,person
user_32404,person
user_32405,person
user_32406,person
user_32407,person
user_32408,person
user_32409,person
user_32410,person
user_32411,person
user_32412,person
user_32413,person
user_32414,person
user_32415,person
user_32416,person
user_32417,person
user_32418,person
user_32419,person
user_32420,person
user_32421,person
user_32422,person
user_32423,person
user_32424,person
user_32425,person
user_32426,person
user_32427,person
user_32428,person
user_32429,person
user_32430,person
user_32431,person
user_32432,person
user_32433,person
user_32434,person
user_32435,person
user_32436,person
user_32437,person
user_32438,person
user_32439,person
user_32440,person
user_32441,person
user_32442,person
user_32443,person
user_32444,person
user_32445,person
user_32446,person
user_32447,person
user_32448,person
user_32449,person
user_32450,person
user_32451,person
user_32452,person
user_32453,person
user_32454,person
user_32455,person
user_32456,person
user_32457,person
user_32458,person
user_32459,person
user_32460,person
user_32461,person
user_32462,person
user_32463,person
user_32464,person
user_32465,person
user_32466,person
user_32467,person
user_32468,person
user_32469,person
user_32470,person
user_32471,person
user_32472,person
user_32473,person
user_32474,person
user_32475,person
user_32476,person
user_32477,person
user_32478,person
user_32479,person
user_32480,person
user_32481,person
user_32482,person
user_32483,person
user_32484,person
user_32485,person
user_32486,person
user_32487,person
user_32488,person
user_32489,person
user_32490,person
user_32491,person
user_32492,person
user_32493,person
user_32494,person
user_32495,person
user_32496,person
user_32497,person
user_32498,person
user_32499,person
user_32500,person
user_32501,person
user_32502,person
user_32503,person
user_32504,person
user_32505,person
user_32506,person
user_32507,person
user_32508,person
user_32509,person
user_32510,person
user_32511,person
user_32512,person
user_32513,person
user_32514,person
user_32515,person
user_32516,person
user_32517,person
user_32518,person
user_32519,person
user_32520,person
user_32521,person
user_32522,person
user_32523,person
user_32524,person
user_32525,person
user_32526,person
user_32527,person
user_32528,person
user_32529,person
user_32530,person
user_32531,person
user_32532,person
user_32533,person
user_32534,person
user_32535,person
user_32536,person
user_32537,person
user_32538,person
user_32539,person
user_32540,person
user_32541,person
user_32542,person
user_32543,person
user_32544,person
user_32545,person
user_32546,person
user_32547,person
user_32548,person
user_32549,person
user_32550,person
user_32551,person
user_32552,person
user_32553,person
user_32554,person
user_32555,person
user_32556,person
user_32557,person
user_32558,person
user_32559,person
user_32560,person
user_32561,person
user_32562,person
user_32563,person
user_32564,person
user_32565,person
user_32566,person
user_32567,person
user_32568,person
user_32569,person
user_32570,person
user_32571,person
user_32572,person
user_32573,person
user_32574,person
user_32575,person
user_32576,person
user_32577,person
user_32578,person
user_32579,person
user_32580,person
user_32581,person
user_32582,person
user_32583,person
user_32584,person
user_32585,person
user_32586,person
user_32587,person
user_32588,person
user_32589,person
user_32590,person
user_32591,person
user_32592,person
user_32593,person
user_32594,person
user_32595,person
user_32596,person
user_32597,person
user_32598,person
user_32599,person
user_32600,person
user_32601,person
user_32602,person
user_32603,person
user_32604,person
user_32605,person
user_32606,person
user_32607,person
user_32608,person
user_32609,person
user_32610,person
user_32611,person
user_32612,person
user_32613,person
user_32614,person
user_32615,person
user_32616,person
user_32617,person
user_32618,person
user_32619,person
user_32620,person
user_32621,person
user_32622,person
user_32623,person
user_32624,person
user_32625,person
user_32626,person
user_32627,person
user_32628,person
user_32629,person
user_32630,person
user_32631,person
user_32632,person
user_32633,person
user_32634,person
user_32635,person
user_32636,person
user_32637,person
user_32638,person
user_32639,person
user_32640,person
user_32641,person
user_32642,person
user_32643,person
user_32644,person
user_32645,person
user_32646,person
user_32647,person
user_32648,person
user_32649,person
user_32650,person
user_32651,person
user_32652,person
user_32653,person
user_32654,person
user_32655,person
user_32656,person
user_32657,person
user_32658,person
user_32659,person
user_32660,person
user_32661,person
user_32662,person
user_32663,person
user_32664,person
user_32665,person
user_32666,person
user_32667,person
user_32668,person
user_32669,person
user_32670,person
user_32671,person
user_32672,person
user_32673,person
user_32674,person
user_32675,person
user_32676,person
user_32677,person
user_32678,person
user_32679,person
user_32680,person
user_32681,person
user_32682,person
user_32683,person
user_32684,person
user_32685,person
user_32686,person
user_32687,person
user_32688,person
user_32689,person
user_32690,person
user_32691,person
user_32692,person
user_32693,person
user_32694,person
user_32695,person
user_32696,person
user_32697,person
user_32698,person
user_32699,person
user_32700,person
user_32701,person
user_32702,person
user_32703,person
user_32704,person
user_32705,person
user_32706,person
user_32707,person
user_32708,person
user_32709,person
user_32710,person
user_32711,person
user_32712,person
user_32713,person
user_32714,person
user_32715,person
user_32716,person
user_32717,person
user_32718,person
user_32719,person
user_32720,person
user_32721,person
user_32722,person
user_32723,person
user_32724,person
user_32725,person
user_32726,person
user_32727,person
user_32728,person
user_32729,person
user_32730,person
user_32731,person
user_32732,person
user_32733,person
user_32734,person
user_32735,person
user_32736,person
user_32737,person
user_32738,person
user_32739,person
user_32740,person
user_32741,person
user_32742,person
user_32743,person
user_32744,person
user_32745,person
user_32746,person
user_32747,person
user_32748,person
user_32749,person
user_32750,person
user_32751,person
user_32752,person
user_32753,person
user_32754,person
user_32755,person
user_32756,person
user_32757,person
user_32758,person
user_32759,person
user_32760,person
user_32761,person
user_32762,person
user_32763,person
user_32764,person
user_32765,person
user_32766,person
user_32767,person
user_32768,person
user_32769,person
user_32770,person
user_32771,person
user_32772,person
user_32773,person
user_32774,person
user_32775,person
user_32776,person
user_32777,person
user_32778,person
user_32779,person
user_32780,person
user_32781,person
user_32782,person
user_32783,person
user_32784,person
user_32785,person
user_32786,person
user_32787,person
user_32788,person
user_32789,person
user_32790,person
user_32791,person
user_32792,person
user_32793,person
user_32794,person
user_32795,person
user_32796,person
user_32797,person
user_32798,person
user_32799,person
user_32800,person
user_32801,person
user_32802,person
user_32803,person
user_32804,person
user_32805,person
user_32806,person
user_32807,person
user_32808,person
user_32809,person
user_32810,person
user_32811,person
user_32812,person
user_32813,person
user_32814,person
user_32815,person
user_32816,person
user_32817,person
user_32818,person
user_32819,person
user_32820,person
user_32821,person
user_32822,person
user_32823,person
user_32824,person
user_32825,person
user_32826,person
user_32827,person
user_32828,person
user_32829,person
user_32830,person
user_32831,person
user_32832,person
user_32833,person
user_32834,person
user_32835,person
user_32836,person
user_32837,person
user_32838,person
user_32839,person
user_32840,person
user_32841,person
user_32842,person
user_32843,person
user_32844,person
user_32845,person
user_32846,person
user_32847,person
user_32848,person
user_32849,person
user_32850,person
user_32851,person
user_32852,person
user_32853,person
user_32854,person
user_32855,person
user_32856,person
user_32857,person
user_32858,person
user_32859,person
user_32860,person
user_32861,person
user_32862,person
user_32863,person
user_32864,person
user_32865,person
user_32866,person
user_32867,person
user_32868,person
user_32869,person
user_32870,person
user_32871,person
user_32872,person
user_32873,person
user_32874,person
user_32875,person
user_32876,person
user_32877,person
user_32878,person
user_32879,person
user_32880,person
user_32881,person
user_32882,person
user_32883,person
user_32884,person
user_32885,person
user_32886,person
user_32887,person
user_32888,person
user_32889,person
user_32890,person
user_32891,person
user_32892,person
user_32893,person
user_32894,person
user_32895,person
user_32896,person
user_32897,person
user_32898,person
user_32899,person
user_32900,person
user_32901,person
user_32902,person
user_32903,person
user_32904,person
user_32905,person
user_32906,person
user_32907,person
user_32908,person
user_32909,person
user_32910,person
user_32911,person
user_32912,person
user_32913,person
user_32914,person
user_32915,person
user_32916,person
user_32917,person
user_32918,person
user_32919,person
user_32920,person
user_32921,person
user_32922,person
user_32923,person
user_32924,person
user_32925,person
user_32926,person
user_32927,person
user_32928,person
user_32929,person
user_32930,person
user_32931,person
user_32932,person
user_32933,person
user_32934,person
user_32935,person
user_32936,person
user_32937,person
user_32938,person
user_32939,person
user_32940,person
user_32941,person
user_32942,person
user_32943,person
user_32944,person
user_32945,person
user_32946,person
user_32947,person
user_32948,person
user_32949,person
user_32950,person
user_32951,person
user_32952,person
user_32953,person
user_32954,person
user_32955,person
user_32956,person
user_32957,person
user_32958,person
user_32959,person
user_32960,person
user_32961,person
user_32962,person
user_32963,person
user_32964,person
user_32965,person
user_32966,person
user_32967,person
user_32968,person
user_32969,person
user_32970,person
user_32971,person
user_32972,person
user_32973,person
user_32974,person
user_32975,person
user_32976,person
user_32977,person
user_32978,person
user_32979,person
user_32980,person
user_32981,person
user_32982,person
user_32983,person
user_32984,person
user_32985,person
user_32986,person
user_32987,person
user_32988,person
user_32989,person
user_32990,person
user_32991,person
user_32992,person
user_32993,person
user_32994,person
user_32995,person
user_32996,person
user_32997,person
user_32998,person
user_32999,person
user_33000,person
user_33001,person
user_33002,person
user_33003,person
user_33004,person
user_33005,person
user_33006,person
user_33007,person
user_33008,person
user_33009,person
user_33010,person
user_33011,person
user_33012,person
user_33013,person
user_33014,person
user_33015,person
user_33016,person
user_33017,person
user_33018,person
user_33019,person
user_33020,person
user_33021,person
user_33022,person
user_33023,person
user_33024,person
user_33025,person
user_33026,person
user_33027,person
user_33028,person
user_33029,person
user_33030,person
user_33031,person
user_33032,person
user_33033,person
user_33034,person
user_33035,person
user_33036,person
user_33037,person
user_33038,person
user_33039,person
user_33040,person
user_33041,person
user_33042,person
user_33043,person
user_33044,person
user_33045,person
user_33046,person
user_33047,person
user_33048,person
user_33049,person
user_33050,person
user_33051,person
user_33052,person
user_33053,person
user_33054,person
user_33055,person
user_33056,person
user_33057,person
user_33058,person
user_33059,person
user_33060,person
user_33061,person
user_33062,person
user_33063,person
user_33064,person
user_33065,person
user_33066,person
user_33067,person
user_33068,person
user_33069,person
user_33070,person
user_33071,person
user_33072,person
user_33073,person
user_33074,person
user_33075,person
user_33076,person
user_33077,person
user_33078,person
user_33079,person
user_33080,person
user_33081,person
user_33082,person
user_33083,person
user_33084,person
user_33085,person
user_33086,person
user_33087,person
user_33088,person
user_33089,person
user_33090,person
user_33091,person
user_33092,person
user_33093,person
user_33094,person
user_33095,person
user_33096,person
user_33097,person
user_33098,person
user_33099,person
user_33100,person
user_33101,person
user_33102,person
user_33103,person
user_33104,person
user_33105,person
user_33106,person
user_33107,person
user_33108,person
user_33109,person
user_33110,person
user_33111,person
user_33112,person
user_33113,person
user_33114,person
user_33115,person
user_33116,person
user_33117,person
user_33118,person
user_33119,person
user_33120,person
user_33121,person
user_33122,person
user_33123,person
user_33124,person
user_33125,person
user_33126,person
user_33127,person
user_33128,person
user_33129,person
user_33130,person
user_33131,person
user_33132,person
user_33133,person
user_33134,person
user_33135,person
user_33136,person
user_33137,person
user_33138,person
user_33139,person
user_33140,person
user_33141,person
user_33142,person
user_33143,person
user_33144,person
user_33145,person
user_33146,person
user_33147,person
user_33148,person
user_33149,person
user_33150,person
user_33151,person
user_33152,person
user_33153,person
user_33154,person
user_33155,person
user_33156,person
user_33157,person
user_33158,person
user_33159,person
user_33160,person
user_33161,person
user_33162,person
user_33163,person
user_33164,person
user_33165,person
user_33166,person
user_33167,person
user_33168,person
user_33169,person
user_33170,person
user_33171,person
user_33172,person
user_33173,person
user_33174,person
user_33175,person
user_33176,person
user_33177,person
user_33178,person
user_33179,person
user_33180,person
user_33181,person
user_33182,person
user_33183,person
user_33184,person
user_33185,person
user_33186,person
user_33187,person
user_33188,person
user_33189,person
user_33190,person
user_33191,person
user_33192,person
user_33193,person
user_33194,person
user_33195,person
user_33196,person
user_33197,person
user_33198,person
user_33199,person
user_33200,person
user_33201,person
user_33202,person
user_33203,person
user_33204,person
user_33205,person
user_33206,person
user_33207,person
user_33208,person
user_33209,person
user_33210,person
user_33211,person
user_33212,person
user_33213,person
user_33214,person
user_33215,person
user_33216,person
user_33217,person
user_33218,person
user_33219,person
user_33220,person
user_33221,person
user_33222,person
user_33223,person
user_33224,person
user_33225,person
user_33226,person
user_33227,person
user_33228,person
user_33229,person
user_33230,person
user_33231,person
user_33232,person
user_33233,person
user_33234,person
user_33235,person
user_33236,person
user_33237,person
user_33238,person
user_33239,person
user_33240,person
user_33241,person
user_33242,person
user_33243,person
user_33244,person
user_33245,person
user_33246,person
user_33247,person
user_33248,person
user_33249,person
user_33250,person
user_33251,person
user_33252,person
user_33253,person
user_33254,person
user_33255,person
user_33256,person
user_33257,person
user_33258,person
user_33259,person
user_33260,person
user_33261,person
user_33262,person
user_33263,person
user_33264,person
user_33265,person
user_33266,person
user_33267,person
user_33268,person
user_33269,person
user_33270,person
user_33271,person
user_33272,person
user_33273,person
user_33274,person
user_33275,person
user_33276,person
user_33277,person
user_33278,person
user_33279,person
user_33280,person
user_33281,person
user_33282,person
user_33283,person
user_33284,person
user_33285,person
user_33286,person
user_33287,person
user_33288,person
user_33289,person
user_33290,person
user_33291,person
user_33292,person
user_33293,person
user_33294,person
user_33295,person
user_33296,person
user_33297,person
user_33298,person
user_33299,person
user_33300,person
user_33301,person
user_33302,person
user_33303,person
user_33304,person
user_33305,person
user_33306,person
user_33307,person
user_33308,person
user_33309,person
user_33310,person
user_33311,person
user_33312,person
user_33313,person
user_33314,person
user_33315,person
user_33316,person
user_33317,person
user_33318,person
user_33319,person
user_33320,person
user_33321,person
user_33322,person
user_33323,person
user_33324,person
user_33325,person
user_33326,person
user_33327,person
user_33328,person
user_33329,person
user_33330,person
user_33331,person
user_33332,person
user_33333,person
user_33334,person
user_33335,person
user_33336,person
user_33337,person
user_33338,person
user_33339,person
user_33340,person
user_33341,person
user_33342,person
user_33343,person
user_33344,person
user_33345,person
user_33346,person
user_33347,person
user_33348,person
user_33349,person
user_33350,person
user_33351,person
user_33352,person
user_33353,person
user_33354,person
user_33355,person
user_33356,person
user_33357,person
user_33358,person
user_33359,person
user_33360,person
user_33361,person
user_33362,person
user_33363,person
user_33364,person
user_33365,person
user_33366,person
user_33367,person
user_33368,person
user_33369,person
user_33370,person
user_33371,person
user_33372,person
user_33373,person
user_33374,person
user_33375,person
user_33376,person
user_33377,person
user_33378,person
user_33379,person
user_33380,person
user_33381,person
user_33382,person
user_33383,person
user_33384,person
user_33385,person
user_33386,person
user_33387,person
user_33388,person
user_33389,person
user_33390,person
user_33391,person
user_33392,person
user_33393,person
user_33394,person
user_33395,person
user_33396,person
user_33397,person
user_33398,person
user_33399,person
user_33400,person
user_33401,person
user_33402,person
user_33403,person
user_33404,person
user_33405,person
user_33406,person
user_33407,person
user_33408,person
user_33409,person
user_33410,person
user_33411,person
user_33412,person
user_33413,person
user_33414,person
user_33415,person
user_33416,person
user_33417,person
user_33418,person
user_33419,person
user_33420,person
user_33421,person
user_33422,person
user_33423,person
user_33424,person
user_33425,person
user_33426,person
user_33427,person
user_33428,person
user_33429,person
user_33430,person
user_33431,person
user_33432,person
user_33433,person
user_33434,person
user_33435,person
user_33436,person
user_33437,person
user_33438,person
user_33439,person
user_33440,person
user_33441,person
user_33442,person
user_33443,person
user_33444,person
user_33445,person
user_33446,person
user_33447,person
user_33448,person
user_33449,person
user_33450,person
user_33451,person
user_33452,person
user_33453,person
user_33454,person
user_33455,person
user_33456,person
user_33457,person
user_33458,person
user_33459,person
user_33460,person
user_33461,person
user_33462,person
user_33463,person
user_33464,person
user_33465,person
user_33466,person
user_33467,person
user_33468,person
user_33469,person
user_33470,person
user_33471,person
user_33472,person
user_33473,person
user_33474,person
user_33475,person
user_33476,person
user_33477,person
user_33478,person
user_33479,person
user_33480,person
user_33481,person
user_33482,person
user_33483,person
user_33484,person
user_33485,person
user_33486,person
user_33487,person
user_33488,person
user_33489,person
user_33490,person
user_33491,person
user_33492,person
user_33493,person
user_33494,person
user_33495,person
user_33496,person
user_33497,person
user_33498,person
user_33499,person
user_33500,person
user_33501,person
user_33502,person
user_33503,person
user_33504,person
user_33505,person
user_33506,person
user_33507,person
user_33508,person
user_33509,person
user_33510,person
user_33511,person
user_33512,person
user_33513,person
user_33514,person
user_33515,person
user_33516,person
user_33517,person
user_33518,person
user_33519,person
user_33520,person
user_33521,person
user_33522,person
user_33523,person
user_33524,person
user_33525,person
user_33526,person
user_33527,person
user_33528,person
user_33529,person
user_33530,person
user_33531,person
user_33532,person
user_33533,person
user_33534,person
user_33535,person
user_33536,person
user_33537,person
user_33538,person
user_33539,person
user_33540,person
user_33541,person
user_33542,person
user_33543,person
user_33544,person
user_33545,person
user_33546,person
user_33547,person
user_33548,person
user_33549,person
user_33550,person
user_33551,person
user_33552,person
user_33553,person
user_33554,person
user_33555,person
user_33556,person
user_33557,person
user_33558,person
user_33559,person
user_33560,person
user_33561,person
user_33562,person
user_33563,person
user_33564,person
user_33565,person
user_33566,person
user_33567,person
user_33568,person
user_33569,person
user_33570,person
user_33571,person
user_33572,person
user_33573,person
user_33574,person
user_33575,person
user_33576,person
user_33577,person
user_33578,person
user_33579,person
user_33580,person
user_33581,person
user_33582,person
user_33583,person
user_33584,person
user_33585,person
user_33586,person
user_33587,person
user_33588,person
user_33589,person
user_33590,person
user_33591,person
user_33592,person
user_33593,person
user_33594,person
user_33595,person
user_33596,person
user_33597,person
user_33598,person
user_33599,person
user_33600,person
user_33601,person
user_33602,person
user_33603,person
user_33604,person
user_33605,person
user_33606,person
user_33607,person
user_33608,person
user_33609,person
user_33610,person
user_33611,person
user_33612,person
user_33613,person
user_33614,person
user_33615,person
user_33616,person
user_33617,person
user_33618,person
user_33619,person
user_33620,person
user_33621,person
user_33622,person
user_33623,person
user_33624,person
user_33625,person
user_33626,person
user_33627,person
user_33628,person
user_33629,person
user_33630,person
user_33631,person
user_33632,person
user_33633,person
user_33634,person
user_33635,person
user_33636,person
user_33637,person
user_33638,person
user_33639,person
user_33640,person
user_33641,person
user_33642,person
user_33643,person
user_33644,person
user_33645,person
user_33646,person
user_33647,person
user_33648,person
user_33649,person
user_33650,person
user_33651,person
user_33652,person
user_33653,person
user_33654,person
user_33655,person
user_33656,person
user_33657,person
user_33658,person
user_33659,person
user_33660,person
user_33661,person
user_33662,person
user_33663,person
user_33664,person
user_33665,person
user_33666,person
user_33667,person
user_33668,person
user_33669,person
user_33670,person
user_33671,person
user_33672,person
user_33673,person
user_33674,person
user_33675,person
user_33676,person
user_33677,person
user_33678,person
user_33679,person
user_33680,person
user_33681,person
user_33682,person
user_33683,person
user_33684,person
user_33685,person
user_33686,person
user_33687,person
user_33688,person
user_33689,person
user_33690,person
user_33691,person
user_33692,person
user_33693,person
user_33694,person
user_33695,person
user_33696,person
user_33697,person
user_33698,person
user_33699,person
user_33700,person
user_33701,person
user_33702,person
user_33703,person
user_33704,person
user_33705,person
user_33706,person
user_33707,person
user_33708,person
user_33709,person
user_33710,person
user_33711,person
user_33712,person
user_33713,person
user_33714,person
user_33715,person
user_33716,person
user_33717,person
user_33718,person
user_33719,person
user_33720,person
user_33721,person
user_33722,person
user_33723,person
user_33724,person
user_33725,person
user_33726,person
user_33727,person
user_33728,person
user_33729,person
user_33730,person
user_33731,person
user_33732,person
user_33733,person
user_33734,person
user_33735,person
user_33736,person
user_33737,person
user_33738,person
user_33739,person
user_33740,person
user_33741,person
user_33742,person
user_33743,person
user_33744,person
user_33745,person
user_33746,person
user_33747,person
user_33748,person
user_33749,person
user_33750,person
user_33751,person
user_33752,person
user_33753,person
user_33754,person
user_33755,person
user_33756,person
user_33757,person
user_33758,person
user_33759,person
user_33760,person
user_33761,person
user_33762,person
user_33763,person
user_33764,person
user_33765,person
user_33766,person
user_33767,person
user_33768,person
user_33769,person
user_33770,person
user_33771,person
user_33772,person
user_33773,person
user_33774,person
user_33775,person
user_33776,person
user_33777,person
user_33778,person
user_33779,person
user_33780,person
user_33781,person
user_33782,person
user_33783,person
user_33784,person
user_33785,person
user_33786,person
user_33787,person
user_33788,person
user_33789,person
user_33790,person
user_33791,person
user_33792,person
user_33793,person
user_33794,person
user_33795,person
user_33796,person
user_33797,person
user_33798,person
user_33799,person
user_33800,person
user_33801,person
user_33802,person
user_33803,person
user_33804,person
user_33805,person
user_33806,person
user_33807,person
user_33808,person
user_33809,person
user_33810,person
user_33811,person
user_33812,person
user_33813,person
user_33814,person
user_33815,person
user_33816,person
user_33817,person
user_33818,person
user_33819,person
user_33820,person
user_33821,person
user_33822,person
user_33823,person
user_33824,person
user_33825,person
user_33826,person
user_33827,person
user_33828,person
user_33829,person
user_33830,person
user_33831,person
user_33832,person
user_33833,person
user_33834,person
user_33835,person
user_33836,person
user_33837,person
user_33838,person
user_33839,person
user_33840,person
user_33841,person
user_33842,person
user_33843,person
user_33844,person
user_33845,person
user_33846,person
user_33847,person
user_33848,person
user_33849,person
user_33850,person
user_33851,person
user_33852,person
user_33853,person
user_33854,person
user_33855,person
user_33856,person
user_33857,person
user_33858,person
user_33859,person
user_33860,person
user_33861,person
user_33862,person
user_33863,person
user_33864,person
user_33865,person
user_33866,person
user_33867,person
user_33868,person
user_33869,person
user_33870,person
user_33871,person
user_33872,person
user_33873,person
user_33874,person
user_33875,person
user_33876,person
user_33877,person
user_33878,person
user_33879,person
user_33880,person
user_33881,person
user_33882,person
user_33883,person
user_33884,person
user_33885,person
user_33886,person
user_33887,person
user_33888,person
user_33889,person
user_33890,person
user_33891,person
user_33892,person
user_33893,person
user_33894,person
user_33895,person
user_33896,person
user_33897,person
user_33898,person
user_33899,person
user_33900,person
user_33901,person
user_33902,person
user_33903,person
user_33904,person
user_33905,person
user_33906,person
user_33907,person
user_33908,person
user_33909,person
user_33910,person
user_33911,person
user_33912,person
user_33913,person
user_33914,person
user_33915,person
user_33916,person
user_33917,person
user_33918,person
user_33919,person
user_33920,person
user_33921,person
user_33922,person
user_33923,person
user_33924,person
user_33925,person
user_33926,person
user_33927,person
user_33928,person
user_33929,person
user_33930,person
user_33931,person
user_33932,person
user_33933,person
user_33934,person
user_33935,person
user_33936,person
user_33937,person
user_33938,person
user_33939,person
user_33940,person
user_33941,person
user_33942,person
user_33943,person
user_33944,person
user_33945,person
user_33946,person
user_33947,person
user_33948,person
user_33949,person
user_33950,person
user_33951,person
user_33952,person
user_33953,person
user_33954,person
user_33955,person
user_33956,person
user_33957,person
user_33958,person
user_33959,person
user_33960,person
user_33961,person
user_33962,person
user_33963,person
user_33964,person
user_33965,person
user_33966,person
user_33967,person
user_33968,person
user_33969,person
user_33970,person
user_33971,person
user_33972,person
user_33973,person
user_33974,person
user_33975,person
user_33976,person
user_33977,person
user_33978,person
user_33979,person
user_33980,person
user_33981,person
user_33982,person
user_33983,person
user_33984,person
user_33985,person
user_33986,person
user_33987,person
user_33988,person
user_33989,person
user_33990,person
user_33991,person
user_33992,person
user_33993,person
user_33994,person
user_33995,person
user_33996,person
user_33997,person
user_33998,person
user_33999,person
user_34000,person
user_34001,person
user_34002,person
user_34003,person
user_34004,person
user_34005,person
user_34006,person
user_34007,person
user_34008,person
user_34009,person
user_34010,person
user_34011,person
user_34012,person
user_34013,person
user_34014,person
user_34015,person
user_34016,person
user_34017,person
user_34018,person
user_34019,person
user_34020,person
user_34021,person
user_34022,person
user_34023,person
user_34024,person
user_34025,person
user_34026,person
user_34027,person
user_34028,person
user_34029,person
user_34030,person
user_34031,person
user_34032,person
user_34033,person
user_34034,person
user_34035,person
user_34036,person
user_34037,person
user_34038,person
user_34039,person
user_34040,person
user_34041,person
user_34042,person
user_34043,person
user_34044,person
user_34045,person
user_34046,person
user_34047,person
user_34048,person
user_34049,person
user_34050,person
user_34051,person
user_34052,person
user_34053,person
user_34054,person
user_34055,person
user_34056,person
user_34057,person
user_34058,person
user_34059,person
user_34060,person
user_34061,person
user_34062,person
user_34063,person
user_34064,person
user_34065,person
user_34066,person
user_34067,person
user_34068,person
user_34069,person
user_34070,person
user_34071,person
user_34072,person
user_34073,person
user_34074,person
user_34075,person
user_34076,person
user_34077,person
user_34078,person
user_34079,person
user_34080,person
user_34081,person
user_34082,person
user_34083,person
user_34084,person
user_34085,person
user_34086,person
user_34087,person
user_34088,person
user_34089,person
user_34090,person
user_34091,person
user_34092,person
user_34093,person
user_34094,person
user_34095,person
user_34096,person
user_34097,person
user_34098,person
user_34099,person
user_34100,person
user_34101,person
user_34102,person
user_34103,person
user_34104,person
user_34105,person
user_34106,person
user_34107,person
user_34108,person
user_34109,person
user_34110,person
user_34111,person
user_34112,person
user_34113,person
user_34114,person
user_34115,person
user_34116,person
user_34117,person
user_34118,person
user_34119,person
user_34120,person
user_34121,person
user_34122,person
user_34123,person
user_34124,person
user_34125,person
user_34126,person
user_34127,person
user_34128,person
user_34129,person
user_34130,person
user_34131,person
user_34132,person
user_34133,person
user_34134,person
user_34135,person
user_34136,person
user_34137,person
user_34138,person
user_34139,person
user_34140,person
user_34141,person
user_34142,person
user_34143,person
user_34144,person
user_34145,person
user_34146,person
user_34147,person
user_34148,person
user_34149,person
user_34150,person
user_34151,person
user_34152,person
user_34153,person
user_34154,person
user_34155,person
user_34156,person
user_34157,person
user_34158,person
user_34159,person
user_34160,person
user_34161,person
user_34162,person
user_34163,person
user_34164,person
user_34165,person
user_34166,person
user_34167,person
user_34168,person
user_34169,person
user_34170,person
user_34171,person
user_34172,person
user_34173,person
user_34174,person
user_34175,person
user_34176,person
user_34177,person
user_34178,person
user_34179,person
user_34180,person
user_34181,person
user_34182,person
user_34183,person
user_34184,person
user_34185,person
user_34186,person
user_34187,person
user_34188,person
user_34189,person
user_34190,person
user_34191,person
user_34192,person
user_34193,person
user_34194,person
user_34195,person
user_34196,person
user_34197,person
user_34198,person
user_34199,person
user_34200,person
user_34201,person
user_34202,person
user_34203,person
user_34204,person
user_34205,person
user_34206,person
user_34207,person
user_34208,person
user_34209,person
user_34210,person
user_34211,person
user_34212,person
user_34213,person
user_34214,person
user_34215,person
user_34216,person
user_34217,person
user_34218,person
user_34219,person
user_34220,person
user_34221,person
user_34222,person
user_34223,person
user_34224,person
user_34225,person
user_34226,person
user_34227,person
user_34228,person
user_34229,person
user_34230,person
user_34231,person
user_34232,person
user_34233,person
user_34234,person
user_34235,person
user_34236,person
user_34237,person
user_34238,person
user_34239,person
user_34240,person
user_34241,person
user_34242,person
user_34243,person
user_34244,person
user_34245,person
user_34246,person
user_34247,person
user_34248,person
user_34249,person
user_34250,person
user_34251,person
user_34252,person
user_34253,person
user_34254,person
user_34255,person
user_34256,person
user_34257,person
user_34258,person
user_34259,person
user_34260,person
user_34261,person
user_34262,person
user_34263,person
user_34264,person
user_34265,person
user_34266,person
user_34267,person
user_34268,person
user_34269,person
user_34270,person
user_34271,person
user_34272,person
user_34273,person
user_34274,person
user_34275,person
user_34276,person
user_34277,person
user_34278,person
user_34279,person
user_34280,person
user_34281,person
user_34282,person
user_34283,person
user_34284,person
user_34285,person
user_34286,person
user_34287,person
user_34288,person
user_34289,person
user_34290,person
user_34291,person
user_34292,person
user_34293,person
user_34294,person
user_34295,person
user_34296,person
user_34297,person
user_34298,person
user_34299,person
user_34300,person
user_34301,person
user_34302,person
user_34303,person
user_34304,person
user_34305,person
user_34306,person
user_34307,person
user_34308,person
user_34309,person
user_34310,person
user_34311,person
user_34312,person
user_34313,person
user_34314,person
user_34315,person
user_34316,person
user_34317,person
user_34318,person
user_34319,person
user_34320,person
user_34321,person
user_34322,person
user_34323,person
user_34324,person
user_34325,person
user_34326,person
user_34327,person
user_34328,person
user_34329,person
user_34330,person
user_34331,person
user_34332,person
user_34333,person
user_34334,person
user_34335,person
user_34336,person
user_34337,person
user_34338,person
user_34339,person
user_34340,person
user_34341,person
user_34342,person
user_34343,person
user_34344,person
user_34345,person
user_34346,person
user_34347,person
user_34348,person
user_34349,person
user_34350,person
user_34351,person
user_34352,person
user_34353,person
user_34354,person
user_34355,person
user_34356,person
user_34357,person
user_34358,person
user_34359,person
user_34360,person
user_34361,person
user_34362,person
user_34363,person
user_34364,person
user_34365,person
user_34366,person
user_34367,person
user_34368,person
user_34369,person
user_34370,person
user_34371,person
user_34372,person
user_34373,person
user_34374,person
user_34375,person
user_34376,person
user_34377,person
user_34378,person
user_34379,person
user_34380,person
user_34381,person
user_34382,person
user_34383,person
user_34384,person
user_34385,person
user_34386,person
user_34387,person
user_34388,person
user_34389,person
user_34390,person
user_34391,person
user_34392,person
user_34393,person
user_34394,person
user_34395,person
user_34396,person
user_34397,person
user_34398,person
user_34399,person
user_34400,person
user_34401,person
user_34402,person
user_34403,person
user_34404,person
user_34405,person
user_34406,person
user_34407,person
user_34408,person
user_34409,person
user_34410,person
user_34411,person
user_34412,person
user_34413,person
user_34414,person
user_34415,person
user_34416,person
user_34417,person
user_34418,person
user_34419,person
user_34420,person
user_34421,person
user_34422,person
user_34423,person
user_34424,person
user_34425,person
user_34426,person
user_34427,person
user_34428,person
user_34429,person
user_34430,person
user_34431,person
user_34432,person
user_34433,person
user_34434,person
user_34435,person
user_34436,person
user_34437,person
user_34438,person
user_34439,person
user_34440,person
user_34441,person
user_34442,person
user_34443,person
user_34444,person
user_34445,person
user_34446,person
user_34447,person
user_34448,person
user_34449,person
user_34450,person
user_34451,person
user_34452,person
user_34453,person
user_34454,person
user_34455,person
user_34456,person
user_34457,person
user_34458,person
user_34459,person
user_34460,person
user_34461,person
user_34462,person
user_34463,person
user_34464,person
user_34465,person
user_34466,person
user_34467,person
user_34468,person
user_34469,person
user_34470,person
user_34471,person
user_34472,person
user_34473,person
user_34474,person
user_34475,person
user_34476,person
user_34477,person
user_34478,person
user_34479,person
user_34480,person
user_34481,person
user_34482,person
user_34483,person
user_34484,person
user_34485,person
user_34486,person
user_34487,person
user_34488,person
user_34489,person
user_34490,person
user_34491,person
user_34492,person
user_34493,person
user_34494,person
user_34495,person
user_34496,person
user_34497,person
user_34498,person
user_34499,person
user_34500,person
user_34501,person
user_34502,person
user_34503,person
user_34504,person
user_34505,person
user_34506,person
user_34507,person
user_34508,person
user_34509,person
user_34510,person
user_34511,person
user_34512,person
user_34513,person
user_34514,person
user_34515,person
user_34516,person
user_34517,person
user_34518,person
user_34519,person
user_34520,person
user_34521,person
user_34522,person
user_34523,person
user_34524,person
user_34525,person
user_34526,person
user_34527,person
user_34528,person
user_34529,person
user_34530,person
user_34531,person
user_34532,person
user_34533,person
user_34534,person
user_34535,person
user_34536,person
user_34537,person
user_34538,person
user_34539,person
user_34540,person
user_34541,person
user_34542,person
user_34543,person
user_34544,person
user_34545,person
user_34546,person
user_34547,person
user_34548,person
user_34549,person
user_34550,person
user_34551,person
user_34552,person
user_34553,person
user_34554,person
user_34555,person
user_34556,person
user_34557,person
user_34558,person
user_34559,person
user_34560,person
user_34561,person
user_34562,person
user_34563,person
user_34564,person
user_34565,person
user_34566,person
user_34567,person
user_34568,person
user_34569,person
user_34570,person
user_34571,person
user_34572,person
user_34573,person
user_34574,person
user_34575,person
user_34576,person
user_34577,person
user_34578,person
user_34579,person
user_34580,person
user_34581,person
user_34582,person
user_34583,person
user_34584,person
user_34585,person
user_34586,person
user_34587,person
user_34588,person
user_34589,person
user_34590,person
user_34591,person
user_34592,person
user_34593,person
user_34594,person
user_34595,person
user_34596,person
user_34597,person
user_34598,person
user_34599,person
user_34600,person
user_34601,person
user_34602,person
user_34603,person
user_34604,person
user_34605,person
user_34606,person
user_34607,person
user_34608,person
user_34609,person
user_34610,person
user_34611,person
user_34612,person
user_34613,person
user_34614,person
user_34615,person
user_34616,person
user_34617,person
user_34618,person
user_34619,person
user_34620,person
user_34621,person
user_34622,person
user_34623,person
user_34624,person
user_34625,person
user_34626,person
user_34627,person
user_34628,person
user_34629,person
user_34630,person
user_34631,person
user_34632,person
user_34633,person
user_34634,person
user_34635,person
user_34636,person
user_34637,person
user_34638,person
user_34639,person
user_34640,person
user_34641,person
user_34642,person
user_34643,person
user_34644,person
user_34645,person
user_34646,person
user_34647,person
user_34648,person
user_34649,person
user_34650,person
user_34651,person
user_34652,person
user_34653,person
user_34654,person
user_34655,person
user_34656,person
user_34657,person
user_34658,person
user_34659,person
user_34660,person
user_34661,person
user_34662,person
user_34663,person
user_34664,person
user_34665,person
user_34666,person
user_34667,person
user_34668,person
user_34669,person
user_34670,person
user_34671,person
user_34672,person
user_34673,person
user_34674,person
user_34675,person
user_34676,person
user_34677,person
user_34678,person
user_34679,person
user_34680,person
user_34681,person
user_34682,person
user_34683,person
user_34684,person
user_34685,person
user_34686,person
user_34687,person
user_34688,person
user_34689,person
user_34690,person
user_34691,person
user_34692,person
user_34693,person
user_34694,person
user_34695,person
user_34696,person
user_34697,person
user_34698,person
user_34699,person
user_34700,person
user_34701,person
user_34702,person
user_34703,person
user_34704,person
user_34705,person
user_34706,person
user_34707,person
user_34708,person
user_34709,person
user_34710,person
user_34711,person
user_34712,person
user_34713,person
user_34714,person
user_34715,person
user_34716,person
user_34717,person
user_34718,person
user_34719,person
user_34720,person
user_34721,person
user_34722,person
user_34723,person
user_34724,person
user_34725,person
user_34726,person
user_34727,person
user_34728,person
user_34729,person
user_34730,person
user_34731,person
user_34732,person
user_34733,person
user_34734,person
user_34735,person
user_34736,person
user_34737,person
user_34738,person
user_34739,person
user_34740,person
user_34741,person
user_34742,person
user_34743,person
user_34744,person
user_34745,person
user_34746,person
user_34747,person
user_34748,person
user_34749,person
user_34750,person
user_34751,person
user_34752,person
user_34753,person
user_34754,person
user_34755,person
user_34756,person
user_34757,person
user_34758,person
user_34759,person
user_34760,person
user_34761,person
user_34762,person
user_34763,person
user_34764,person
user_34765,person
user_34766,person
user_34767,person
user_34768,person
user_34769,person
user_34770,person
user_34771,person
user_34772,person
user_34773,person
user_34774,person
user_34775,person
user_34776,person
user_34777,person
user_34778,person
user_34779,person
user_34780,person
user_34781,person
user_34782,person
user_34783,person
user_34784,person
user_34785,person
user_34786,person
user_34787,person
user_34788,person
user_34789,person
user_34790,person
user_34791,person
user_34792,person
user_34793,person
user_34794,person
user_34795,person
user_34796,person
user_34797,person
user_34798,person
user_34799,person
user_34800,person
user_34801,person
user_34802,person
user_34803,person
user_34804,person
user_34805,person
user_34806,person
user_34807,person
user_34808,person
user_34809,person
user_34810,person
user_34811,person
user_34812,person
user_34813,person
user_34814,person
user_34815,person
user_34816,person
user_34817,person
user_34818,person
user_34819,person
user_34820,person
user_34821,person
user_34822,person
user_34823,person
user_34824,person
user_34825,person
user_34826,person
user_34827,person
user_34828,person
user_34829,person
user_34830,person
user_34831,person
user_34832,person
user_34833,person
user_34834,person
user_34835,person
user_34836,person
user_34837,person
user_34838,person
user_34839,person
user_34840,person
user_34841,person
user_34842,person
user_34843,person
user_34844,person
user_34845,person
user_34846,person
user_34847,person
user_34848,person
user_34849,person
user_34850,person
user_34851,person
user_34852,person
user_34853,person
user_34854,person
user_34855,person
user_34856,person
user_34857,person
user_34858,person
user_34859,person
user_34860,person
user_34861,person
user_34862,person
user_34863,person
user_34864,person
user_34865,person
user_34866,person
user_34867,person
user_34868,person
user_34869,person
user_34870,person
user_34871,person
user_34872,person
user_34873,person
user_34874,person
user_34875,person
user_34876,person
user_34877,person
user_34878,person
user_34879,person
user_34880,person
user_34881,person
user_34882,person
user_34883,person
user_34884,person
user_34885,person
user_34886,person
user_34887,person
user_34888,person
user_34889,person
user_34890,person
user_34891,person
user_34892,person
user_34893,person
user_34894,person
user_34895,person
user_34896,person
user_34897,person
user_34898,person
user_34899,person
user_34900,person
user_34901,person
user_34902,person
user_34903,person
user_34904,person
user_34905,person
user_34906,person
user_34907,person
user_34908,person
user_34909,person
user_34910,person
user_34911,person
user_34912,person
user_34913,person
user_34914,person
user_34915,person
user_34916,person
user_34917,person
user_34918,person
user_34919,person
user_34920,person
user_34921,person
user_34922,person
user_34923,person
user_34924,person
user_34925,person
user_34926,person
user_34927,person
user_34928,person
user_34929,person
user_34930,person
user_34931,person
user_34932,person
user_34933,person
user_34934,person
user_34935,person
user_34936,person
user_34937,person
user_34938,person
user_34939,person
user_34940,person
user_34941,person
user_34942,person
user_34943,person
user_34944,person
user_34945,person
user_34946,person
user_34947,person
user_34948,person
user_34949,person
user_34950,person
user_34951,person
user_34952,person
user_34953,person
user_34954,person
user_34955,person
user_34956,person
user_34957,person
user_34958,person
user_34959,person
user_34960,person
user_34961,person
user_34962,person
user_34963,person
user_34964,person
user_34965,person
user_34966,person
user_34967,person
user_34968,person
user_34969,person
user_34970,person
user_34971,person
user_34972,person
user_34973,person
user_34974,person
user_34975,person
user_34976,person
user_34977,person
user_34978,person
user_34979,person
user_34980,person
user_34981,person
user_34982,person
user_34983,person
user_34984,person
user_34985,person
user_34986,person
user_34987,person
user_34988,person
user_34989,person
user_34990,person
user_34991,person
user_34992,person
user_34993,person
user_34994,person
user_34995,person
user_34996,person
user_34997,person
user_34998,person
user_34999,person
user_35000,person
user_35001,person
user_35002,person
user_35003,person
user_35004,person
user_35005,person
user_35006,person
user_35007,person
user_35008,person
user_35009,person
user_35010,person
user_35011,person
user_35012,person
user_35013,person
user_35014,person
user_35015,person
user_35016,person
user_35017,person
user_35018,person
user_35019,person
user_35020,person
user_35021,person
user_35022,person
user_35023,person
user_35024,person
user_35025,person
user_35026,person
user_35027,person
user_35028,person
user_35029,person
user_35030,person
user_35031,person
user_35032,person
user_35033,person
user_35034,person
user_35035,person
user_35036,person
user_35037,person
user_35038,person
user_35039,person
user_35040,person
user_35041,person
user_35042,person
user_35043,person
user_35044,person
user_35045,person
user_35046,person
user_35047,person
user_35048,person
user_35049,person
user_35050,person
user_35051,person
user_35052,person
user_35053,person
user_35054,person
user_35055,person
user_35056,person
user_35057,person
user_35058,person
user_35059,person
user_35060,person
user_35061,person
user_35062,person
user_35063,person
user_35064,person
user_35065,person
user_35066,person
user_35067,person
user_35068,person
user_35069,person
user_35070,person
user_35071,person
user_35072,person
user_35073,person
user_35074,person
user_35075,person
user_35076,person
user_35077,person
user_35078,person
user_35079,person
user_35080,person
user_35081,person
user_35082,person
user_35083,person
user_35084,person
user_35085,person
user_35086,person
user_35087,person
user_35088,person
user_35089,person
user_35090,person
user_35091,person
user_35092,person
user_35093,person
user_35094,person
user_35095,person
user_35096,person
user_35097,person
user_35098,person
user_35099,person
user_35100,person
user_35101,person
user_35102,person
user_35103,person
user_35104,person
user_35105,person
user_35106,person
user_35107,person
user_35108,person
user_35109,person
user_35110,person
user_35111,person
user_35112,person
user_35113,person
user_35114,person
user_35115,person
user_35116,person
user_35117,person
user_35118,person
user_35119,person
user_35120,person
user_35121,person
user_35122,person
user_35123,person
user_35124,person
user_35125,person
user_35126,person
user_35127,person
user_35128,person
user_35129,person
user_35130,person
user_35131,person
user_35132,person
user_35133,person
user_35134,person
user_35135,person
user_35136,person
user_35137,person
user_35138,person
user_35139,person
user_35140,person
user_35141,person
user_35142,person
user_35143,person
user_35144,person
user_35145,person
user_35146,person
user_35147,person
user_35148,person
user_35149,person
user_35150,person
user_35151,person
user_35152,person
user_35153,person
user_35154,person
user_35155,person
user_35156,person
user_35157,person
user_35158,person
user_35159,person
user_35160,person
user_35161,person
user_35162,person
user_35163,person
user_35164,person
user_35165,person
user_35166,person
user_35167,person
user_35168,person
user_35169,person
user_35170,person
user_35171,person
user_35172,person
user_35173,person
user_35174,person
user_35175,person
user_35176,person
user_35177,person
user_35178,person
user_35179,person
user_35180,person
user_35181,person
user_35182,person
user_35183,person
user_35184,person
user_35185,person
user_35186,person
user_35187,person
user_35188,person
user_35189,person
user_35190,person
user_35191,person
user_35192,person
user_35193,person
user_35194,person
user_35195,person
user_35196,person
user_35197,person
user_35198,person
user_35199,person
user_35200,person
user_35201,person
user_35202,person
user_35203,person
user_35204,person
user_35205,person
user_35206,person
user_35207,person
user_35208,person
user_35209,person
user_35210,person
user_35211,person
user_35212,person
user_35213,person
user_35214,person
user_35215,person
user_35216,person
user_35217,person
user_35218,person
user_35219,person
user_35220,person
user_35221,person
user_35222,person
user_35223,person
user_35224,person
user_35225,person
user_35226,person
user_35227,person
user_35228,person
user_35229,person
user_35230,person
user_35231,person
user_35232,person
user_35233,person
user_35234,person
user_35235,person
user_35236,person
user_35237,person
user_35238,person
user_35239,person
user_35240,person
user_35241,person
user_35242,person
user_35243,person
user_35244,person
user_35245,person
user_35246,person
user_35247,person
user_35248,person
user_35249,person
user_35250,person
user_35251,person
user_35252,person
user_35253,person
user_35254,person
user_35255,person
user_35256,person
user_35257,person
user_35258,person
user_35259,person
user_35260,person
user_35261,person
user_35262,person
user_35263,person
user_35264,person
user_35265,person
user_35266,person
user_35267,person
user_35268,person
user_35269,person
user_35270,person
user_35271,person
user_35272,person
user_35273,person
user_35274,person
user_35275,person
user_35276,person
user_35277,person
user_35278,person
user_35279,person
user_35280,person
user_35281,person
user_35282,person
user_35283,person
user_35284,person
user_35285,person
user_35286,person
user_35287,person
user_35288,person
user_35289,person
user_35290,person
user_35291,person
user_35292,person
user_35293,person
user_35294,person
user_35295,person
user_35296,person
user_35297,person
user_35298,person
user_35299,person
user_35300,person
user_35301,person
user_35302,person
user_35303,person
user_35304,person
user_35305,person
user_35306,person
user_35307,person
user_35308,person
user_35309,person
user_35310,person
user_35311,person
user_35312,person
user_35313,person
user_35314,person
user_35315,person
user_35316,person
user_35317,person
user_35318,person
user_35319,person
user_35320,person
user_35321,person
user_35322,person
user_35323,person
user_35324,person
user_35325,person
user_35326,person
user_35327,person
user_35328,person
user_35329,person
user_35330,person
user_35331,person
user_35332,person
user_35333,person
user_35334,person
user_35335,person
user_35336,person
user_35337,person
user_35338,person
user_35339,person
user_35340,person
user_35341,person
user_35342,person
user_35343,person
user_35344,person
user_35345,person
user_35346,person
user_35347,person
user_35348,person
user_35349,person
user_35350,person
user_35351,person
user_35352,person
user_35353,person
user_35354,person
user_35355,person
user_35356,person
user_35357,person
user_35358,person
user_35359,person
user_35360,person
user_35361,person
user_35362,person
user_35363,person
user_35364,person
user_35365,person
user_35366,person
user_35367,person
user_35368,person
user_35369,person
user_35370,person
user_35371,person
user_35372,person
user_35373,person
user_35374,person
user_35375,person
user_35376,person
user_35377,person
user_35378,person
user_35379,person
user_35380,person
user_35381,person
user_35382,person
user_35383,person
user_35384,person
user_35385,person
user_35386,person
user_35387,person
user_35388,person
user_35389,person
user_35390,person
user_35391,person
user_35392,person
user_35393,person
user_35394,person
user_35395,person
user_35396,person
user_35397,person
user_35398,person
user_35399,person
user_35400,person
user_35401,person
user_35402,person
user_35403,person
user_35404,person
user_35405,person
user_35406,person
user_35407,person
user_35408,person
user_35409,person
user_35410,person
user_35411,person
user_35412,person
user_35413,person
user_35414,person
user_35415,person
user_35416,person
user_35417,person
user_35418,person
user_35419,person
user_35420,person
user_35421,person
user_35422,person
user_35423,person
user_35424,person
user_35425,person
user_35426,person
user_35427,person
user_35428,person
user_35429,person
user_35430,person
user_35431,person
user_35432,person
user_35433,person
user_35434,person
user_35435,person
user_35436,person
user_35437,person
user_35438,person
user_35439,person
user_35440,person
user_35441,person
user_35442,person
user_35443,person
user_35444,person
user_35445,person
user_35446,person
user_35447,person
user_35448,person
user_35449,person
user_35450,person
user_35451,person
user_35452,person
user_35453,person
user_35454,person
user_35455,person
user_35456,person
user_35457,person
user_35458,person
user_35459,person
user_35460,person
user_35461,person
user_35462,person
user_35463,person
user_35464,person
user_35465,person
user_35466,person
user_35467,person
user_35468,person
user_35469,person
user_35470,person
user_35471,person
user_35472,person
user_35473,person
user_35474,person
user_35475,person
user_35476,person
user_35477,person
user_35478,person
user_35479,person
user_35480,person
user_35481,person
user_35482,person
user_35483,person
user_35484,person
user_35485,person
user_35486,person
user_35487,person
user_35488,person
user_35489,person
user_35490,person
user_35491,person
user_35492,person
user_35493,person
user_35494,person
user_35495,person
user_35496,person
user_35497,person
user_35498,person
user_35499,person
user_35500,person
user_35501,person
user_35502,person
user_35503,person
user_35504,person
user_35505,person
user_35506,person
user_35507,person
user_35508,person
user_35509,person
user_35510,person
user_35511,person
user_35512,person
user_35513,person
user_35514,person
user_35515,person
user_35516,person
user_35517,person
user_35518,person
user_35519,person
user_35520,person
user_35521,person
user_35522,person
user_35523,person
user_35524,person
user_35525,person
user_35526,person
user_35527,person
user_35528,person
user_35529,person
user_35530,person
user_35531,person
user_35532,person
user_35533,person
user_35534,person
user_35535,person
user_35536,person
user_35537,person
user_35538,person
user_35539,person
user_35540,person
user_35541,person
user_35542,person
user_35543,person
user_35544,person
user_35545,person
user_35546,person
user_35547,person
user_35548,person
user_35549,person
user_35550,person
user_35551,person
user_35552,person
user_35553,person
user_35554,person
user_35555,person
user_35556,person
user_35557,person
user_35558,person
user_35559,person
user_35560,person
user_35561,person
user_35562,person
user_35563,person
user_35564,person
user_35565,person
user_35566,person
user_35567,person
user_35568,person
user_35569,person
user_35570,person
user_35571,person
user_35572,person
user_35573,person
user_35574,person
user_35575,person
user_35576,person
user_35577,person
user_35578,person
user_35579,person
user_35580,person
user_35581,person
user_35582,person
user_35583,person
user_35584,person
user_35585,person
user_35586,person
user_35587,person
user_35588,person
user_35589,person
user_35590,person
user_35591,person
user_35592,person
user_35593,person
user_35594,person
user_35595,person
user_35596,person
user_35597,person
user_35598,person
user_35599,person
user_35600,person
user_35601,person
user_35602,person
user_35603,person
user_35604,person
user_35605,person
user_35606,person
user_35607,person
user_35608,person
user_35609,person
user_35610,person
user_35611,person
user_35612,person
user_35613,person
user_35614,person
user_35615,person
user_35616,person
user_35617,person
user_35618,person
user_35619,person
user_35620,person
user_35621,person
user_35622,person
user_35623,person
user_35624,person
user_35625,person
user_35626,person
user_35627,person
user_35628,person
user_35629,person
user_35630,person
user_35631,person
user_35632,person
user_35633,person
user_35634,person
user_35635,person
user_35636,person
user_35637,person
user_35638,person
user_35639,person
user_35640,person
user_35641,person
user_35642,person
user_35643,person
user_35644,person
user_35645,person
user_35646,person
user_35647,person
user_35648,person
user_35649,person
user_35650,person
user_35651,person
user_35652,person
user_35653,person
user_35654,person
user_35655,person
user_35656,person
user_35657,person
user_35658,person
user_35659,person
user_35660,person
user_35661,person
user_35662,person
user_35663,person
user_35664,person
user_35665,person
user_35666,person
user_35667,person
user_35668,person
user_35669,person
user_35670,person
user_35671,person
user_35672,person
user_35673,person
user_35674,person
user_35675,person
user_35676,person
user_35677,person
user_35678,person
user_35679,person
user_35680,person
user_35681,person
user_35682,person
user_35683,person
user_35684,person
user_35685,person
user_35686,person
user_35687,person
user_35688,person
user_35689,person
user_35690,person
user_35691,person
user_35692,person
user_35693,person
user_35694,person
user_35695,person
user_35696,person
user_35697,person
user_35698,person
user_35699,person
user_35700,person
user_35701,person
user_35702,person
user_35703,person
user_35704,person
user_35705,person
user_35706,person
user_35707,person
user_35708,person
user_35709,person
user_35710,person
user_35711,person
user_35712,person
user_35713,person
user_35714,person
user_35715,person
user_35716,person
user_35717,person
user_35718,person
user_35719,person
user_35720,person
user_35721,person
user_35722,person
user_35723,person
user_35724,person
user_35725,person
user_35726,person
user_35727,person
user_35728,person
user_35729,person
user_35730,person
user_35731,person
user_35732,person
user_35733,person
user_35734,person
user_35735,person
user_35736,person
user_35737,person
user_35738,person
user_35739,person
user_35740,person
user_35741,person
user_35742,person
user_35743,person
user_35744,person
user_35745,person
user_35746,person
user_35747,person
user_35748,person
user_35749,person
user_35750,person
user_35751,person
user_35752,person
user_35753,person
user_35754,person
user_35755,person
user_35756,person
user_35757,person
user_35758,person
user_35759,person
user_35760,person
user_35761,person
user_35762,person
user_35763,person
user_35764,person
user_35765,person
user_35766,person
user_35767,person
user_35768,person
user_35769,person
user_35770,person
user_35771,person
user_35772,person
user_35773,person
user_35774,person
user_35775,person
user_35776,person
user_35777,person
user_35778,person
user_35779,person
user_35780,person
user_35781,person
user_35782,person
user_35783,person
user_35784,person
user_35785,person
user_35786,person
user_35787,person
user_35788,person
user_35789,person
user_35790,person
user_35791,person
user_35792,person
user_35793,person
user_35794,person
user_35795,person
user_35796,person
user_35797,person
user_35798,person
user_35799,person
user_35800,person
user_35801,person
user_35802,person
user_35803,person
user_35804,person
user_35805,person
user_35806,person
user_35807,person
user_35808,person
user_35809,person
user_35810,person
user_35811,person
user_35812,person
user_35813,person
user_35814,person
user_35815,person
user_35816,person
user_35817,person
user_35818,person
user_35819,person
user_35820,person
user_35821,person
user_35822,person
user_35823,person
user_35824,person
user_35825,person
user_35826,person
user_35827,person
user_35828,person
user_35829,person
user_35830,person
user_35831,person
user_35832,person
user_35833,person
user_35834,person
user_35835,person
user_35836,person
user_35837,person
user_35838,person
user_35839,person
user_35840,person
user_35841,person
user_35842,person
user_35843,person
user_35844,person
user_35845,person
user_35846,person
user_35847,person
user_35848,person
user_35849,person
user_35850,person
user_35851,person
user_35852,person
user_35853,person
user_35854,person
user_35855,person
user_35856,person
user_35857,person
user_35858,person
user_35859,person
user_35860,person
user_35861,person
user_35862,person
user_35863,person
user_35864,person
user_35865,person
user_35866,person
user_35867,person
user_35868,person
user_35869,person
user_35870,person
user_35871,person
user_35872,person
user_35873,person
user_35874,person
user_35875,person
user_35876,person
user_35877,person
user_35878,person
user_35879,person
user_35880,person
user_35881,person
user_35882,person
user_35883,person
user_35884,person
user_35885,person
user_35886,person
user_35887,person
user_35888,person
user_35889,person
user_35890,person
user_35891,person
user_35892,person
user_35893,person
user_35894,person
user_35895,person
user_35896,person
user_35897,person
user_35898,person
user_35899,person
user_35900,person
user_35901,person
user_35902,person
user_35903,person
user_35904,person
user_35905,person
user_35906,person
user_35907,person
user_35908,person
user_35909,person
user_35910,person
user_35911,person
user_35912,person
user_35913,person
user_35914,person
user_35915,person
user_35916,person
user_35917,person
user_35918,person
user_35919,person
user_35920,person
user_35921,person
user_35922,person
user_35923,person
user_35924,person
user_35925,person
user_35926,person
user_35927,person
user_35928,person
user_35929,person
user_35930,person
user_35931,person
user_35932,person
user_35933,person
user_35934,person
user_35935,person
user_35936,person
user_35937,person
user_35938,person
user_35939,person
user_35940,person
user_35941,person
user_35942,person
user_35943,person
user_35944,person
user_35945,person
user_35946,person
user_35947,person
user_35948,person
user_35949,person
user_35950,person
user_35951,person
user_35952,person
user_35953,person
user_35954,person
user_35955,person
user_35956,person
user_35957,person
user_35958,person
user_35959,person
user_35960,person
user_35961,person
user_35962,person
user_35963,person
user_35964,person
user_35965,person
user_35966,person
user_35967,person
user_35968,person
user_35969,person
user_35970,person
user_35971,person
user_35972,person
user_35973,person
user_35974,person
user_35975,person
user_35976,person
user_35977,person
user_35978,person
user_35979,person
user_35980,person
user_35981,person
user_35982,person
user_35983,person
user_35984,person
user_35985,person
user_35986,person
user_35987,person
user_35988,person
user_35989,person
user_35990,person
user_35991,person
user_35992,person
user_35993,person
user_35994,person
user_35995,person
user_35996,person
user_35997,person
user_35998,person
user_35999,person
user_36000,person
user_36001,person
user_36002,person
user_36003,person
user_36004,person
user_36005,person
user_36006,person
user_36007,person
user_36008,person
user_36009,person
user_36010,person
user_36011,person
user_36012,person
user_36013,person
user_36014,person
user_36015,person
user_36016,person
user_36017,person
user_36018,person
user_36019,person
user_36020,person
user_36021,person
user_36022,person
user_36023,person
user_36024,person
user_36025,person
user_36026,person
user_36027,person
user_36028,person
user_36029,person
user_36030,person
user_36031,person
user_36032,person
user_36033,person
user_36034,person
user_36035,person
user_36036,person
user_36037,person
user_36038,person
user_36039,person
user_36040,person
user_36041,person
user_36042,person
user_36043,person
user_36044,person
user_36045,person
user_36046,person
user_36047,person
user_36048,person
user_36049,person
user_36050,person
user_36051,person
user_36052,person
user_36053,person
user_36054,person
user_36055,person
user_36056,person
user_36057,person
user_36058,person
user_36059,person
user_36060,person
user_36061,person
user_36062,person
user_36063,person
user_36064,person
user_36065,person
user_36066,person
user_36067,person
user_36068,person
user_36069,person
user_36070,person
user_36071,person
user_36072,person
user_36073,person
user_36074,person
user_36075,person
user_36076,person
user_36077,person
user_36078,person
user_36079,person
user_36080,person
user_36081,person
user_36082,person
user_36083,person
user_36084,person
user_36085,person
user_36086,person
user_36087,person
user_36088,person
user_36089,person
user_36090,person
user_36091,person
user_36092,person
user_36093,person
user_36094,person
user_36095,person
user_36096,person
user_36097,person
user_36098,person
user_36099,person
user_36100,person
user_36101,person
user_36102,person
user_36103,person
user_36104,person
user_36105,person
user_36106,person
user_36107,person
user_36108,person
user_36109,person
user_36110,person
user_36111,person
user_36112,person
user_36113,person
user_36114,person
user_36115,person
user_36116,person
user_36117,person
user_36118,person
user_36119,person
user_36120,person
user_36121,person
user_36122,person
user_36123,person
user_36124,person
user_36125,person
user_36126,person
user_36127,person
user_36128,person
user_36129,person
user_36130,person
user_36131,person
user_36132,person
user_36133,person
user_36134,person
user_36135,person
user_36136,person
user_36137,person
user_36138,person
user_36139,person
user_36140,person
user_36141,person
user_36142,person
user_36143,person
user_36144,person
user_36145,person
user_36146,person
user_36147,person
user_36148,person
user_36149,person
user_36150,person
user_36151,person
user_36152,person
user_36153,person
user_36154,person
user_36155,person
user_36156,person
user_36157,person
user_36158,person
user_36159,person
user_36160,person
user_36161,person
user_36162,person
user_36163,person
user_36164,person
user_36165,person
user_36166,person
user_36167,person
user_36168,person
user_36169,person
user_36170,person
user_36171,person
user_36172,person
user_36173,person
user_36174,person
user_36175,person
user_36176,person
user_36177,person
user_36178,person
user_36179,person
user_36180,person
user_36181,person
user_36182,person
user_36183,person
user_36184,person
user_36185,person
user_36186,person
user_36187,person
user_36188,person
user_36189,person
user_36190,person
user_36191,person
user_36192,person
user_36193,person
user_36194,person
user_36195,person
user_36196,person
user_36197,person
user_36198,person
user_36199,person
user_36200,person
user_36201,person
user_36202,person
user_36203,person
user_36204,person
user_36205,person
user_36206,person
user_36207,person
user_36208,person
user_36209,person
user_36210,person
user_36211,person
user_36212,person
user_36213,person
user_36214,person
user_36215,person
user_36216,person
user_36217,person
user_36218,person
user_36219,person
user_36220,person
user_36221,person
user_36222,person
user_36223,person
user_36224,person
user_36225,person
user_36226,person
user_36227,person
user_36228,person
user_36229,person
user_36230,person
user_36231,person
user_36232,person
user_36233,person
user_36234,person
user_36235,person
user_36236,person
user_36237,person
user_36238,person
user_36239,person
user_36240,person
user_36241,person
user_36242,person
user_36243,person
user_36244,person
user_36245,person
user_36246,person
user_36247,person
user_36248,person
user_36249,person
user_36250,person
user_36251,person
user_36252,person
user_36253,person
user_36254,person
user_36255,person
user_36256,person
user_36257,person
user_36258,person
user_36259,person
user_36260,person
user_36261,person
user_36262,person
user_36263,person
user_36264,person
user_36265,person
user_36266,person
user_36267,person
user_36268,person
user_36269,person
user_36270,person
user_36271,person
user_36272,person
user_36273,person
user_36274,person
user_36275,person
user_36276,person
user_36277,person
user_36278,person
user_36279,person
user_36280,person
user_36281,person
user_36282,person
user_36283,person
user_36284,person
user_36285,person
user_36286,person
user_36287,person
user_36288,person
user_36289,person
user_36290,person
user_36291,person
user_36292,person
user_36293,person
user_36294,person
user_36295,person
user_36296,person
user_36297,person
user_36298,person
user_36299,person
user_36300,person
user_36301,person
user_36302,person
user_36303,person
user_36304,person
user_36305,person
user_36306,person
user_36307,person
user_36308,person
user_36309,person
user_36310,person
user_36311,person
user_36312,person
user_36313,person
user_36314,person
user_36315,person
user_36316,person
user_36317,person
user_36318,person
user_36319,person
user_36320,person
user_36321,person
user_36322,person
user_36323,person
user_36324,person
user_36325,person
user_36326,person
user_36327,person
user_36328,person
user_36329,person
user_36330,person
user_36331,person
user_36332,person
user_36333,person
user_36334,person
user_36335,person
user_36336,person
user_36337,person
user_36338,person
user_36339,person
user_36340,person
user_36341,person
user_36342,person
user_36343,person
user_36344,person
user_36345,person
user_36346,person
user_36347,person
user_36348,person
user_36349,person
user_36350,person
user_36351,person
user_36352,person
user_36353,person
user_36354,person
user_36355,person
user_36356,person
user_36357,person
user_36358,person
user_36359,person
user_36360,person
user_36361,person
user_36362,person
user_36363,person
user_36364,person
user_36365,person
user_36366,person
user_36367,person
user_36368,person
user_36369,person
user_36370,person
user_36371,person
user_36372,person
user_36373,person
user_36374,person
user_36375,person
user_36376,person
user_36377,person
user_36378,person
user_36379,person
user_36380,person
user_36381,person
user_36382,person
user_36383,person
user_36384,person
user_36385,person
user_36386,person
user_36387,person
user_36388,person
user_36389,person
user_36390,person
user_36391,person
user_36392,person
user_36393,person
user_36394,person
user_36395,person
user_36396,person
user_36397,person
user_36398,person
user_36399,person
user_36400,person
user_36401,person
user_36402,person
user_36403,person
user_36404,person
user_36405,person
user_36406,person
user_36407,person
user_36408,person
user_36409,person
user_36410,person
user_36411,person
user_36412,person
user_36413,person
user_36414,person
user_36415,person
user_36416,person
user_36417,person
user_36418,person
user_36419,person
user_36420,person
user_36421,person
user_36422,person
user_36423,person
user_36424,person
user_36425,person
user_36426,person
user_36427,person
user_36428,person
user_36429,person
user_36430,person
user_36431,person
user_36432,person
user_36433,person
user_36434,person
user_36435,person
user_36436,person
user_36437,person
user_36438,person
user_36439,person
user_36440,person
user_36441,person
user_36442,person
user_36443,person
user_36444,person
user_36445,person
user_36446,person
user_36447,person
user_36448,person
user_36449,person
user_36450,person
user_36451,person
user_36452,person
user_36453,person
user_36454,person
user_36455,person
user_36456,person
user_36457,person
user_36458,person
user_36459,person
user_36460,person
user_36461,person
user_36462,person
user_36463,person
user_36464,person
user_36465,person
user_36466,person
user_36467,person
user_36468,person
user_36469,person
user_36470,person
user_36471,person
user_36472,person
user_36473,person
user_36474,person
user_36475,person
user_36476,person
user_36477,person
user_36478,person
user_36479,person
user_36480,person
user_36481,person
user_36482,person
user_36483,person
user_36484,person
user_36485,person
user_36486,person
user_36487,person
user_36488,person
user_36489,person
user_36490,person
user_36491,person
user_36492,person
user_36493,person
user_36494,person
user_36495,person
user_36496,person
user_36497,person
user_36498,person
user_36499,person
user_36500,person
user_36501,person
user_36502,person
user_36503,person
user_36504,person
user_36505,person
user_36506,person
user_36507,person
user_36508,person
user_36509,person
user_36510,person
user_36511,person
user_36512,person
user_36513,person
user_36514,person
user_36515,person
user_36516,person
user_36517,person
user_36518,person
user_36519,person
user_36520,person
user_36521,person
user_36522,person
user_36523,person
user_36524,person
user_36525,person
user_36526,person
user_36527,person
user_36528,person
user_36529,person
user_36530,person
user_36531,person
user_36532,person
user_36533,person
user_36534,person
user_36535,person
user_36536,person
user_36537,person
user_36538,person
user_36539,person
user_36540,person
user_36541,person
user_36542,person
user_36543,person
user_36544,person
user_36545,person
user_36546,person
user_36547,person
user_36548,person
user_36549,person
user_36550,person
user_36551,person
user_36552,person
user_36553,person
user_36554,person
user_36555,person
user_36556,person
user_36557,person
user_36558,person
user_36559,person
user_36560,person
user_36561,person
user_36562,person
user_36563,person
user_36564,person
user_36565,person
user_36566,person
user_36567,person
user_36568,person
user_36569,person
user_36570,person
user_36571,person
user_36572,person
user_36573,person
user_36574,person
user_36575,person
user_36576,person
user_36577,person
user_36578,person
user_36579,person
user_36580,person
user_36581,person
user_36582,person
user_36583,person
user_36584,person
user_36585,person
user_36586,person
user_36587,person
user_36588,person
user_36589,person
user_36590,person
user_36591,person
user_36592,person
user_36593,person
user_36594,person
user_36595,person
user_36596,person
user_36597,person
user_36598,person
user_36599,person
user_36600,person
user_36601,person
user_36602,person
user_36603,person
user_36604,person
user_36605,person
user_36606,person
user_36607,person
user_36608,person
user_36609,person
user_36610,person
user_36611,person
user_36612,person
user_36613,person
user_36614,person
user_36615,person
user_36616,person
user_36617,person
user_36618,person
user_36619,person
user_36620,person
user_36621,person
user_36622,person
user_36623,person
user_36624,person
user_36625,person
user_36626,person
user_36627,person
user_36628,person
user_36629,person
user_36630,person
user_36631,person
user_36632,person
user_36633,person
user_36634,person
user_36635,person
user_36636,person
user_36637,person
user_36638,person
user_36639,person
user_36640,person
user_36641,person
user_36642,person
user_36643,person
user_36644,person
user_36645,person
user_36646,person
user_36647,person
user_36648,person
user_36649,person
user_36650,person
user_36651,person
user_36652,person
user_36653,person
user_36654,person
user_36655,person
user_36656,person
user_36657,person
user_36658,person
user_36659,person
user_36660,person
user_36661,person
user_36662,person
user_36663,person
user_36664,person
user_36665,person
user_36666,person
user_36667,person
user_36668,person
user_36669,person
user_36670,person
user_36671,person
user_36672,person
user_36673,person
user_36674,person
user_36675,person
user_36676,person
user_36677,person
user_36678,person
user_36679,person
user_36680,person
user_36681,person
user_36682,person
user_36683,person
user_36684,person
user_36685,person
user_36686,person
user_36687,person
user_36688,person
user_36689,person
user_36690,person
user_36691,person
user_36692,person
user_36693,person
user_36694,person
user_36695,person
user_36696,person
user_36697,person
user_36698,person
user_36699,person
user_36700,person
user_36701,person
user_36702,person
user_36703,person
user_36704,person
user_36705,person
user_36706,person
user_36707,person
user_36708,person
user_36709,person
user_36710,person
user_36711,person
user_36712,person
user_36713,person
user_36714,person
user_36715,person
user_36716,person
user_36717,person
user_36718,person
user_36719,person
user_36720,person
user_36721,person
user_36722,person
user_36723,person
user_36724,person
user_36725,person
user_36726,person
user_36727,person
user_36728,person
user_36729,person
user_36730,person
user_36731,person
user_36732,person
user_36733,person
user_36734,person
user_36735,person
user_36736,person
user_36737,person
user_36738,person
user_36739,person
user_36740,person
user_36741,person
user_36742,person
user_36743,person
user_36744,person
user_36745,person
user_36746,person
user_36747,person
user_36748,person
user_36749,person
user_36750,person
user_36751,person
user_36752,person
user_36753,person
user_36754,person
user_36755,person
user_36756,person
user_36757,person
user_36758,person
user_36759,person
user_36760,person
user_36761,person
user_36762,person
user_36763,person
user_36764,person
user_36765,person
user_36766,person
user_36767,person
user_36768,person
user_36769,person
user_36770,person
user_36771,person
user_36772,person
user_36773,person
user_36774,person
user_36775,person
user_36776,person
user_36777,person
user_36778,person
user_36779,person
user_36780,person
user_36781,person
user_36782,person
user_36783,person
user_36784,person
user_36785,person
user_36786,person
user_36787,person
user_36788,person
user_36789,person
user_36790,person
user_36791,person
user_36792,person
user_36793,person
user_36794,person
user_36795,person
user_36796,person
user_36797,person
user_36798,person
user_36799,person
user_36800,person
user_36801,person
user_36802,person
user_36803,person
user_36804,person
user_36805,person
user_36806,person
user_36807,person
user_36808,person
user_36809,person
user_36810,person
user_36811,person
user_36812,person
user_36813,person
user_36814,person
user_36815,person
user_36816,person
user_36817,person
user_36818,person
user_36819,person
user_36820,person
user_36821,person
user_36822,person
user_36823,person
user_36824,person
user_36825,person
user_36826,person
user_36827,person
user_36828,person
user_36829,person
user_36830,person
user_36831,person
user_36832,person
user_36833,person
user_36834,person
user_36835,person
user_36836,person
user_36837,person
user_36838,person
user_36839,person
user_36840,person
user_36841,person
user_36842,person
user_36843,person
user_36844,person
user_36845,person
user_36846,person
user_36847,person
user_36848,person
user_36849,person
user_36850,person
user_36851,person
user_36852,person
user_36853,person
user_36854,person
user_36855,person
user_36856,person
user_36857,person
user_36858,person
user_36859,person
user_36860,person
user_36861,person
user_36862,person
user_36863,person
user_36864,person
user_36865,person
user_36866,person
user_36867,person
user_36868,person
user_36869,person
user_36870,person
user_36871,person
user_36872,person
user_36873,person
user_36874,person
user_36875,person
user_36876,person
user_36877,person
user_36878,person
user_36879,person
user_36880,person
user_36881,person
user_36882,person
user_36883,person
user_36884,person
user_36885,person
user_36886,person
user_36887,person
user_36888,person
user_36889,person
user_36890,person
user_36891,person
user_36892,person
user_36893,person
user_36894,person
user_36895,person
user_36896,person
user_36897,person
user_36898,person
user_36899,person
user_36900,person
user_36901,person
user_36902,person
user_36903,person
user_36904,person
user_36905,person
user_36906,person
user_36907,person
user_36908,person
user_36909,person
user_36910,person
user_36911,person
user_36912,person
user_36913,person
user_36914,person
user_36915,person
user_36916,person
user_36917,person
user_36918,person
user_36919,person
user_36920,person
user_36921,person
user_36922,person
user_36923,person
user_36924,person
user_36925,person
user_36926,person
user_36927,person
user_36928,person
user_36929,person
user_36930,person
user_36931,person
user_36932,person
user_36933,person
user_36934,person
user_36935,person
user_36936,person
user_36937,person
user_36938,person
user_36939,person
user_36940,person
user_36941,person
user_36942,person
user_36943,person
user_36944,person
user_36945,person
user_36946,person
user_36947,person
user_36948,person
user_36949,person
user_36950,person
user_36951,person
user_36952,person
user_36953,person
user_36954,person
user_36955,person
user_36956,person
user_36957,person
user_36958,person
user_36959,person
user_36960,person
user_36961,person
user_36962,person
user_36963,person
user_36964,person
user_36965,person
user_36966,person
user_36967,person
user_36968,person
user_36969,person
user_36970,person
user_36971,person
user_36972,person
user_36973,person
user_36974,person
user_36975,person
user_36976,person
user_36977,person
user_36978,person
user_36979,person
user_36980,person
user_36981,person
user_36982,person
user_36983,person
user_36984,person
user_36985,person
user_36986,person
user_36987,person
user_36988,person
user_36989,person
user_36990,person
user_36991,person
user_36992,person
user_36993,person
user_36994,person
user_36995,person
user_36996,person
user_36997,person
user_36998,person
user_36999,person
user_37000,person
user_37001,person
user_37002,person
user_37003,person
user_37004,person
user_37005,person
user_37006,person
user_37007,person
user_37008,person
user_37009,person
user_37010,person
user_37011,person
user_37012,person
user_37013,person
user_37014,person
user_37015,person
user_37016,person
user_37017,person
user_37018,person
user_37019,person
user_37020,person
user_37021,person
user_37022,person
user_37023,person
user_37024,person
user_37025,person
user_37026,person
user_37027,person
user_37028,person
user_37029,person
user_37030,person
user_37031,person
user_37032,person
user_37033,person
user_37034,person
user_37035,person
user_37036,person
user_37037,person
user_37038,person
user_37039,person
user_37040,person
user_37041,person
user_37042,person
user_37043,person
user_37044,person
user_37045,person
user_37046,person
user_37047,person
user_37048,person
user_37049,person
user_37050,person
user_37051,person
user_37052,person
user_37053,person
user_37054,person
user_37055,person
user_37056,person
user_37057,person
user_37058,person
user_37059,person
user_37060,person
user_37061,person
user_37062,person
user_37063,person
user_37064,person
user_37065,person
user_37066,person
user_37067,person
user_37068,person
user_37069,person
user_37070,person
user_37071,person
user_37072,person
user_37073,person
user_37074,person
user_37075,person
user_37076,person
user_37077,person
user_37078,person
user_37079,person
user_37080,person
user_37081,person
user_37082,person
user_37083,person
user_37084,person
user_37085,person
user_37086,person
user_37087,person
user_37088,person
user_37089,person
user_37090,person
user_37091,person
user_37092,person
user_37093,person
user_37094,person
user_37095,person
user_37096,person
user_37097,person
user_37098,person
user_37099,person
user_37100,person
user_37101,person
user_37102,person
user_37103,person
user_37104,person
user_37105,person
user_37106,person
user_37107,person
user_37108,person
user_37109,person
user_37110,person
user_37111,person
user_37112,person
user_37113,person
user_37114,person
user_37115,person
user_37116,person
user_37117,person
user_37118,person
user_37119,person
user_37120,person
user_37121,person
user_37122,person
user_37123,person
user_37124,person
user_37125,person
user_37126,person
user_37127,person
user_37128,person
user_37129,person
user_37130,person
user_37131,person
user_37132,person
user_37133,person
user_37134,person
user_37135,person
user_37136,person
user_37137,person
user_37138,person
user_37139,person
user_37140,person
user_37141,person
user_37142,person
user_37143,person
user_37144,person
user_37145,person
user_37146,person
user_37147,person
user_37148,person
user_37149,person
user_37150,person
user_37151,person
user_37152,person
user_37153,person
user_37154,person
user_37155,person
user_37156,person
user_37157,person
user_37158,person
user_37159,person
user_37160,person
user_37161,person
user_37162,person
user_37163,person
user_37164,person
user_37165,person
user_37166,person
user_37167,person
user_37168,person
user_37169,person
user_37170,person
user_37171,person
user_37172,person
user_37173,person
user_37174,person
user_37175,person
user_37176,person
user_37177,person
user_37178,person
user_37179,person
user_37180,person
user_37181,person
user_37182,person
user_37183,person
user_37184,person
user_37185,person
user_37186,person
user_37187,person
user_37188,person
user_37189,person
user_37190,person
user_37191,person
user_37192,person
user_37193,person
user_37194,person
user_37195,person
user_37196,person
user_37197,person
user_37198,person
user_37199,person
user_37200,person
user_37201,person
user_37202,person
user_37203,person
user_37204,person
user_37205,person
user_37206,person
user_37207,person
user_37208,person
user_37209,person
user_37210,person
user_37211,person
user_37212,person
user_37213,person
user_37214,person
user_37215,person
user_37216,person
user_37217,person
user_37218,person
user_37219,person
user_37220,person
user_37221,person
user_37222,person
user_37223,person
user_37224,person
user_37225,person
user_37226,person
user_37227,person
user_37228,person
user_37229,person
user_37230,person
user_37231,person
user_37232,person
user_37233,person
user_37234,person
user_37235,person
user_37236,person
user_37237,person
user_37238,person
user_37239,person
user_37240,person
user_37241,person
user_37242,person
user_37243,person
user_37244,person
user_37245,person
user_37246,person
user_37247,person
user_37248,person
user_37249,person
user_37250,person
user_37251,person
user_37252,person
user_37253,person
user_37254,person
user_37255,person
user_37256,person
user_37257,person
user_37258,person
user_37259,person
user_37260,person
user_37261,person
user_37262,person
user_37263,person
user_37264,person
user_37265,person
user_37266,person
user_37267,person
user_37268,person
user_37269,person
user_37270,person
user_37271,person
user_37272,person
user_37273,person
user_37274,person
user_37275,person
user_37276,person
user_37277,person
user_37278,person
user_37279,person
user_37280,person
user_37281,person
user_37282,person
user_37283,person
user_37284,person
user_37285,person
user_37286,person
user_37287,person
user_37288,person
user_37289,person
user_37290,person
user_37291,person
user_37292,person
user_37293,person
user_37294,person
user_37295,person
user_37296,person
user_37297,person
user_37298,person
user_37299,person
user_37300,person
user_37301,person
user_37302,person
user_37303,person
user_37304,person
user_37305,person
user_37306,person
user_37307,person
user_37308,person
user_37309,person
user_37310,person
user_37311,person
user_37312,person
user_37313,person
user_37314,person
user_37315,person
user_37316,person
user_37317,person
user_37318,person
user_37319,person
user_37320,person
user_37321,person
user_37322,person
user_37323,person
user_37324,person
user_37325,person
user_37326,person
user_37327,person
user_37328,person
user_37329,person
user_37330,person
user_37331,person
user_37332,person
user_37333,person
user_37334,person
user_37335,person
user_37336,person
user_37337,person
user_37338,person
user_37339,person
user_37340,person
user_37341,person
user_37342,person
user_37343,person
user_37344,person
user_37345,person
user_37346,person
user_37347,person
user_37348,person
user_37349,person
user_37350,person
user_37351,person
user_37352,person
user_37353,person
user_37354,person
user_37355,person
user_37356,person
user_37357,person
user_37358,person
user_37359,person
user_37360,person
user_37361,person
user_37362,person
user_37363,person
user_37364,person
user_37365,person
user_37366,person
user_37367,person
user_37368,person
user_37369,person
user_37370,person
user_37371,person
user_37372,person
user_37373,person
user_37374,person
user_37375,person
user_37376,person
user_37377,person
user_37378,person
user_37379,person
user_37380,person
user_37381,person
user_37382,person
user_37383,person
user_37384,person
user_37385,person
user_37386,person
user_37387,person
user_37388,person
user_37389,person
user_37390,person
user_37391,person
user_37392,person
user_37393,person
user_37394,person
user_37395,person
user_37396,person
user_37397,person
user_37398,person
user_37399,person
user_37400,person
user_37401,person
user_37402,person
user_37403,person
user_37404,person
user_37405,person
user_37406,person
user_37407,person
user_37408,person
user_37409,person
user_37410,person
user_37411,person
user_37412,person
user_37413,person
user_37414,person
user_37415,person
user_37416,person
user_37417,person
user_37418,person
user_37419,person
user_37420,person
user_37421,person
user_37422,person
user_37423,person
user_37424,person
user_37425,person
user_37426,person
user_37427,person
user_37428,person
user_37429,person
user_37430,person
user_37431,person
user_37432,person
user_37433,person
user_37434,person
user_37435,person
user_37436,person
user_37437,person
user_37438,person
user_37439,person
user_37440,person
user_37441,person
user_37442,person
user_37443,person
user_37444,person
user_37445,person
user_37446,person
user_37447,person
user_37448,person
user_37449,person
user_37450,person
user_37451,person
user_37452,person
user_37453,person
user_37454,person
user_37455,person
user_37456,person
user_37457,person
user_37458,person
user_37459,person
user_37460,person
user_37461,person
user_37462,person
user_37463,person
user_37464,person
user_37465,person
user_37466,person
user_37467,person
user_37468,person
user_37469,person
user_37470,person
user_37471,person
user_37472,person
user_37473,person
user_37474,person
user_37475,person
user_37476,person
user_37477,person
user_37478,person
user_37479,person
user_37480,person
user_37481,person
user_37482,person
user_37483,person
user_37484,person
user_37485,person
user_37486,person
user_37487,person
user_37488,person
user_37489,person
user_37490,person
user_37491,person
user_37492,person
user_37493,person
user_37494,person
user_37495,person
user_37496,person
user_37497,person
user_37498,person
user_37499,person
user_37500,person
user_37501,person
user_37502,person
user_37503,person
user_37504,person
user_37505,person
user_37506,person
user_37507,person
user_37508,person
user_37509,person
user_37510,person
user_37511,person
user_37512,person
user_37513,person
user_37514,person
user_37515,person
user_37516,person
user_37517,person
user_37518,person
user_37519,person
user_37520,person
user_37521,person
user_37522,person
user_37523,person
user_37524,person
user_37525,person
user_37526,person
user_37527,person
user_37528,person
user_37529,person
user_37530,person
user_37531,person
user_37532,person
user_37533,person
user_37534,person
user_37535,person
user_37536,person
user_37537,person
user_37538,person
user_37539,person
user_37540,person
user_37541,person
user_37542,person
user_37543,person
user_37544,person
user_37545,person
user_37546,person
user_37547,person
user_37548,person
user_37549,person
user_37550,person
user_37551,person
user_37552,person
user_37553,person
user_37554,person
user_37555,person
user_37556,person
user_37557,person
user_37558,person
user_37559,person
user_37560,person
user_37561,person
user_37562,person
user_37563,person
user_37564,person
user_37565,person
user_37566,person
user_37567,person
user_37568,person
user_37569,person
user_37570,person
user_37571,person
user_37572,person
user_37573,person
user_37574,person
user_37575,person
user_37576,person
user_37577,person
user_37578,person
user_37579,person
user_37580,person
user_37581,person
user_37582,person
user_37583,person
user_37584,person
user_37585,person
user_37586,person
user_37587,person
user_37588,person
user_37589,person
user_37590,person
user_37591,person
user_37592,person
user_37593,person
user_37594,person
user_37595,person
user_37596,person
user_37597,person
user_37598,person
user_37599,person
user_37600,person
user_37601,person
user_37602,person
user_37603,person
user_37604,person
user_37605,person
user_37606,person
user_37607,person
user_37608,person
user_37609,person
user_37610,person
user_37611,person
user_37612,person
user_37613,person
user_37614,person
user_37615,person
user_37616,person
user_37617,person
user_37618,person
user_37619,person
user_37620,person
user_37621,person
user_37622,person
user_37623,person
user_37624,person
user_37625,person
user_37626,person
user_37627,person
user_37628,person
user_37629,person
user_37630,person
user_37631,person
user_37632,person
user_37633,person
user_37634,person
user_37635,person
user_37636,person
user_37637,person
user_37638,person
user_37639,person
user_37640,person
user_37641,person
user_37642,person
user_37643,person
user_37644,person
user_37645,person
user_37646,person
user_37647,person
user_37648,person
user_37649,person
user_37650,person
user_37651,person
user_37652,person
user_37653,person
user_37654,person
user_37655,person
user_37656,person
user_37657,person
user_37658,person
user_37659,person
user_37660,person
user_37661,person
user_37662,person
user_37663,person
user_37664,person
user_37665,person
user_37666,person
user_37667,person
user_37668,person
user_37669,person
user_37670,person
user_37671,person
user_37672,person
user_37673,person
user_37674,person
user_37675,person
user_37676,person
user_37677,person
user_37678,person
user_37679,person
user_37680,person
user_37681,person
user_37682,person
user_37683,person
user_37684,person
user_37685,person
user_37686,person
user_37687,person
user_37688,person
user_37689,person
user_37690,person
user_37691,person
user_37692,person
user_37693,person
user_37694,person
user_37695,person
user_37696,person
user_37697,person
user_37698,person
user_37699,person
user_37700,person
user_37701,person
user_37702,person
user_37703,person
user_37704,person
user_37705,person
user_37706,person
user_37707,person
user_37708,person
user_37709,person
user_37710,person
user_37711,person
user_37712,person
user_37713,person
user_37714,person
user_37715,person
user_37716,person
user_37717,person
user_37718,person
user_37719,person
user_37720,person
user_37721,person
user_37722,person
user_37723,person
user_37724,person
user_37725,person
user_37726,person
user_37727,person
user_37728,person
user_37729,person
user_37730,person
user_37731,person
user_37732,person
user_37733,person
user_37734,person
user_37735,person
user_37736,person
user_37737,person
user_37738,person
user_37739,person
user_37740,person
user_37741,person
user_37742,person
user_37743,person
user_37744,person
user_37745,person
user_37746,person
user_37747,person
user_37748,person
user_37749,person
user_37750,person
user_37751,person
user_37752,person
user_37753,person
user_37754,person
user_37755,person
user_37756,person
user_37757,person
user_37758,person
user_37759,person
user_37760,person
user_37761,person
user_37762,person
user_37763,person
user_37764,person
user_37765,person
user_37766,person
user_37767,person
user_37768,person
user_37769,person
user_37770,person
user_37771,person
user_37772,person
user_37773,person
user_37774,person
user_37775,person
user_37776,person
user_37777,person
user_37778,person
user_37779,person
user_37780,person
user_37781,person
user_37782,person
user_37783,person
user_37784,person
user_37785,person
user_37786,person
user_37787,person
user_37788,person
user_37789,person
user_37790,person
user_37791,person
user_37792,person
user_37793,person
user_37794,person
user_37795,person
user_37796,person
user_37797,person
user_37798,person
user_37799,person
user_37800,person
user_37801,person
user_37802,person
user_37803,person
user_37804,person
user_37805,person
user_37806,person
user_37807,person
user_37808,person
user_37809,person
user_37810,person
user_37811,person
user_37812,person
user_37813,person
user_37814,person
user_37815,person
user_37816,person
user_37817,person
user_37818,person
user_37819,person
user_37820,person
user_37821,person
user_37822,person
user_37823,person
user_37824,person
user_37825,person
user_37826,person
user_37827,person
user_37828,person
user_37829,person
user_37830,person
user_37831,person
user_37832,person
user_37833,person
user_37834,person
user_37835,person
user_37836,person
user_37837,person
user_37838,person
user_37839,person
user_37840,person
user_37841,person
user_37842,person
user_37843,person
user_37844,person
user_37845,person
user_37846,person
user_37847,person
user_37848,person
user_37849,person
user_37850,person
user_37851,person
user_37852,person
user_37853,person
user_37854,person
user_37855,person
user_37856,person
user_37857,person
user_37858,person
user_37859,person
user_37860,person
user_37861,person
user_37862,person
user_37863,person
user_37864,person
user_37865,person
user_37866,person
user_37867,person
user_37868,person
user_37869,person
user_37870,person
user_37871,person
user_37872,person
user_37873,person
user_37874,person
user_37875,person
user_37876,person
user_37877,person
user_37878,person
user_37879,person
user_37880,person
user_37881,person
user_37882,person
user_37883,person
user_37884,person
user_37885,person
user_37886,person
user_37887,person
user_37888,person
user_37889,person
user_37890,person
user_37891,person
user_37892,person
user_37893,person
user_37894,person
user_37895,person
user_37896,person
user_37897,person
user_37898,person
user_37899,person
user_37900,person
user_37901,person
user_37902,person
user_37903,person
user_37904,person
user_37905,person
user_37906,person
user_37907,person
user_37908,person
user_37909,person
user_37910,person
user_37911,person
user_37912,person
user_37913,person
user_37914,person
user_37915,person
user_37916,person
user_37917,person
user_37918,person
user_37919,person
user_37920,person
user_37921,person
user_37922,person
user_37923,person
user_37924,person
user_37925,person
user_37926,person
user_37927,person
user_37928,person
user_37929,person
user_37930,person
user_37931,person
user_37932,person
user_37933,person
user_37934,person
user_37935,person
user_37936,person
user_37937,person
user_37938,person
user_37939,person
user_37940,person
user_37941,person
user_37942,person
user_37943,person
user_37944,person
user_37945,person
user_37946,person
user_37947,person
user_37948,person
user_37949,person
user_37950,person
user_37951,person
user_37952,person
user_37953,person
user_37954,person
user_37955,person
user_37956,person
user_37957,person
user_37958,person
user_37959,person
user_37960,person
user_37961,person
user_37962,person
user_37963,person
user_37964,person
user_37965,person
user_37966,person
user_37967,person
user_37968,person
user_37969,person
user_37970,person
user_37971,person
user_37972,person
user_37973,person
user_37974,person
user_37975,person
user_37976,person
user_37977,person
user_37978,person
user_37979,person
user_37980,person
user_37981,person
user_37982,person
user_37983,person
user_37984,person
user_37985,person
user_37986,person
user_37987,person
user_37988,person
user_37989,person
user_37990,person
user_37991,person
user_37992,person
user_37993,person
user_37994,person
user_37995,person
user_37996,person
user_37997,person
user_37998,person
user_37999,person
user_38000,person
user_38001,person
user_38002,person
user_38003,person
user_38004,person
user_38005,person
user_38006,person
user_38007,person
user_38008,person
user_38009,person
user_38010,person
user_38011,person
user_38012,person
user_38013,person
user_38014,person
user_38015,person
user_38016,person
user_38017,person
user_38018,person
user_38019,person
user_38020,person
user_38021,person
user_38022,person
user_38023,person
user_38024,person
user_38025,person
user_38026,person
user_38027,person
user_38028,person
user_38029,person
user_38030,person
user_38031,person
user_38032,person
user_38033,person
user_38034,person
user_38035,person
user_38036,person
user_38037,person
user_38038,person
user_38039,person
user_38040,person
user_38041,person
user_38042,person
user_38043,person
user_38044,person
user_38045,person
user_38046,person
user_38047,person
user_38048,person
user_38049,person
user_38050,person
user_38051,person
user_38052,person
user_38053,person
user_38054,person
user_38055,person
user_38056,person
user_38057,person
user_38058,person
user_38059,person
user_38060,person
user_38061,person
user_38062,person
user_38063,person
user_38064,person
user_38065,person
user_38066,person
user_38067,person
user_38068,person
user_38069,person
user_38070,person
user_38071,person
user_38072,person
user_38073,person
user_38074,person
user_38075,person
user_38076,person
user_38077,person
user_38078,person
user_38079,person
user_38080,person
user_38081,person
user_38082,person
user_38083,person
user_38084,person
user_38085,person
user_38086,person
user_38087,person
user_38088,person
user_38089,person
user_38090,person
user_38091,person
user_38092,person
user_38093,person
user_38094,person
user_38095,person
user_38096,person
user_38097,person
user_38098,person
user_38099,person
user_38100,person
user_38101,person
user_38102,person
user_38103,person
user_38104,person
user_38105,person
user_38106,person
user_38107,person
user_38108,person
user_38109,person
user_38110,person
user_38111,person
user_38112,person
user_38113,person
user_38114,person
user_38115,person
user_38116,person
user_38117,person
user_38118,person
user_38119,person
user_38120,person
user_38121,person
user_38122,person
user_38123,person
user_38124,person
user_38125,person
user_38126,person
user_38127,person
user_38128,person
user_38129,person
user_38130,person
user_38131,person
user_38132,person
user_38133,person
user_38134,person
user_38135,person
user_38136,person
user_38137,person
user_38138,person
user_38139,person
user_38140,person
user_38141,person
user_38142,person
user_38143,person
user_38144,person
user_38145,person
user_38146,person
user_38147,person
user_38148,person
user_38149,person
user_38150,person
user_38151,person
user_38152,person
user_38153,person
user_38154,person
user_38155,person
user_38156,person
user_38157,person
user_38158,person
user_38159,person
user_38160,person
user_38161,person
user_38162,person
user_38163,person
user_38164,person
user_38165,person
user_38166,person
user_38167,person
user_38168,person
user_38169,person
user_38170,person
user_38171,person
user_38172,person
user_38173,person
user_38174,person
user_38175,person
user_38176,person
user_38177,person
user_38178,person
user_38179,person
user_38180,person
user_38181,person
user_38182,person
user_38183,person
user_38184,person
user_38185,person
user_38186,person
user_38187,person
user_38188,person
user_38189,person
user_38190,person
user_38191,person
user_38192,person
user_38193,person
user_38194,person
user_38195,person
user_38196,person
user_38197,person
user_38198,person
user_38199,person
user_38200,person
user_38201,person
user_38202,person
user_38203,person
user_38204,person
user_38205,person
user_38206,person
user_38207,person
user_38208,person
user_38209,person
user_38210,person
user_38211,person
user_38212,person
user_38213,person
user_38214,person
user_38215,person
user_38216,person
user_38217,person
user_38218,person
user_38219,person
user_38220,person
user_38221,person
user_38222,person
user_38223,person
user_38224,person
user_38225,person
user_38226,person
user_38227,person
user_38228,person
user_38229,person
user_38230,person
user_38231,person
user_38232,person
user_38233,person
user_38234,person
user_38235,person
user_38236,person
user_38237,person
user_38238,person
user_38239,person
user_38240,person
user_38241,person
user_38242,person
user_38243,person
user_38244,person
user_38245,person
user_38246,person
user_38247,person
user_38248,person
user_38249,person
user_38250,person
user_38251,person
user_38252,person
user_38253,person
user_38254,person
user_38255,person
user_38256,person
user_38257,person
user_38258,person
user_38259,person
user_38260,person
user_38261,person
user_38262,person
user_38263,person
user_38264,person
user_38265,person
user_38266,person
user_38267,person
user_38268,person
user_38269,person
user_38270,person
user_38271,person
user_38272,person
user_38273,person
user_38274,person
user_38275,person
user_38276,person
user_38277,person
user_38278,person
user_38279,person
user_38280,person
user_38281,person
user_38282,person
user_38283,person
user_38284,person
user_38285,person
user_38286,person
user_38287,person
user_38288,person
user_38289,person
user_38290,person
user_38291,person
user_38292,person
user_38293,person
user_38294,person
user_38295,person
user_38296,person
user_38297,person
user_38298,person
user_38299,person
user_38300,person
user_38301,person
user_38302,person
user_38303,person
user_38304,person
user_38305,person
user_38306,person
user_38307,person
user_38308,person
user_38309,person
user_38310,person
user_38311,person
user_38312,person
user_38313,person
user_38314,person
user_38315,person
user_38316,person
user_38317,person
user_38318,person
user_38319,person
user_38320,person
user_38321,person
user_38322,person
user_38323,person
user_38324,person
user_38325,person
user_38326,person
user_38327,person
user_38328,person
user_38329,person
user_38330,person
user_38331,person
user_38332,person
user_38333,person
user_38334,person
user_38335,person
user_38336,person
user_38337,person
user_38338,person
user_38339,person
user_38340,person
user_38341,person
user_38342,person
user_38343,person
user_38344,person
user_38345,person
user_38346,person
user_38347,person
user_38348,person
user_38349,person
user_38350,person
user_38351,person
user_38352,person
user_38353,person
user_38354,person
user_38355,person
user_38356,person
user_38357,person
user_38358,person
user_38359,person
user_38360,person
user_38361,person
user_38362,person
user_38363,person
user_38364,person
user_38365,person
user_38366,person
user_38367,person
user_38368,person
user_38369,person
user_38370,person
user_38371,person
user_38372,person
user_38373,person
user_38374,person
user_38375,person
user_38376,person
user_38377,person
user_38378,person
user_38379,person
user_38380,person
user_38381,person
user_38382,person
user_38383,person
user_38384,person
user_38385,person
user_38386,person
user_38387,person
user_38388,person
user_38389,person
user_38390,person
user_38391,person
user_38392,person
user_38393,person
user_38394,person
user_38395,person
user_38396,person
user_38397,person
user_38398,person
user_38399,person
user_38400,person
user_38401,person
user_38402,person
user_38403,person
user_38404,person
user_38405,person
user_38406,person
user_38407,person
user_38408,person
user_38409,person
user_38410,person
user_38411,person
user_38412,person
user_38413,person
user_38414,person
user_38415,person
user_38416,person
user_38417,person
user_38418,person
user_38419,person
user_38420,person
user_38421,person
user_38422,person
user_38423,person
user_38424,person
user_38425,person
user_38426,person
user_38427,person
user_38428,person
user_38429,person
user_38430,person
user_38431,person
user_38432,person
user_38433,person
user_38434,person
user_38435,person
user_38436,person
user_38437,person
user_38438,person
user_38439,person
user_38440,person
user_38441,person
user_38442,person
user_38443,person
user_38444,person
user_38445,person
user_38446,person
user_38447,person
user_38448,person
user_38449,person
user_38450,person
user_38451,person
user_38452,person
user_38453,person
user_38454,person
user_38455,person
user_38456,person
user_38457,person
user_38458,person
user_38459,person
user_38460,person
user_38461,person
user_38462,person
user_38463,person
user_38464,person
user_38465,person
user_38466,person
user_38467,person
user_38468,person
user_38469,person
user_38470,person
user_38471,person
user_38472,person
user_38473,person
user_38474,person
user_38475,person
user_38476,person
user_38477,person
user_38478,person
user_38479,person
user_38480,person
user_38481,person
user_38482,person
user_38483,person
user_38484,person
user_38485,person
user_38486,person
user_38487,person
user_38488,person
user_38489,person
user_38490,person
user_38491,person
user_38492,person
user_38493,person
user_38494,person
user_38495,person
user_38496,person
user_38497,person
user_38498,person
user_38499,person
user_38500,person
user_38501,person
user_38502,person
user_38503,person
user_38504,person
user_38505,person
user_38506,person
user_38507,person
user_38508,person
user_38509,person
user_38510,person
user_38511,person
user_38512,person
user_38513,person
user_38514,person
user_38515,person
user_38516,person
user_38517,person
user_38518,person
user_38519,person
user_38520,person
user_38521,person
user_38522,person
user_38523,person
user_38524,person
user_38525,person
user_38526,person
user_38527,person
user_38528,person
user_38529,person
user_38530,person
user_38531,person
user_38532,person
user_38533,person
user_38534,person
user_38535,person
user_38536,person
user_38537,person
user_38538,person
user_38539,person
user_38540,person
user_38541,person
user_38542,person
user_38543,person
user_38544,person
user_38545,person
user_38546,person
user_38547,person
user_38548,person
user_38549,person
user_38550,person
user_38551,person
user_38552,person
user_38553,person
user_38554,person
user_38555,person
user_38556,person
user_38557,person
user_38558,person
user_38559,person
user_38560,person
user_38561,person
user_38562,person
user_38563,person
user_38564,person
user_38565,person
user_38566,person
user_38567,person
user_38568,person
user_38569,person
user_38570,person
user_38571,person
user_38572,person
user_38573,person
user_38574,person
user_38575,person
user_38576,person
user_38577,person
user_38578,person
user_38579,person
user_38580,person
user_38581,person
user_38582,person
user_38583,person
user_38584,person
user_38585,person
user_38586,person
user_38587,person
user_38588,person
user_38589,person
user_38590,person
user_38591,person
user_38592,person
user_38593,person
user_38594,person
user_38595,person
user_38596,person
user_38597,person
user_38598,person
user_38599,person
user_38600,person
user_38601,person
user_38602,person
user_38603,person
user_38604,person
user_38605,person
user_38606,person
user_38607,person
user_38608,person
user_38609,person
user_38610,person
user_38611,person
user_38612,person
user_38613,person
user_38614,person
user_38615,person
user_38616,person
user_38617,person
user_38618,person
user_38619,person
user_38620,person
user_38621,person
user_38622,person
user_38623,person
user_38624,person
user_38625,person
user_38626,person
user_38627,person
user_38628,person
user_38629,person
user_38630,person
user_38631,person
user_38632,person
user_38633,person
user_38634,person
user_38635,person
user_38636,person
user_38637,person
user_38638,person
user_38639,person
user_38640,person
user_38641,person
user_38642,person
user_38643,person
user_38644,person
user_38645,person
user_38646,person
user_38647,person
user_38648,person
user_38649,person
user_38650,person
user_38651,person
user_38652,person
user_38653,person
user_38654,person
user_38655,person
user_38656,person
user_38657,person
user_38658,person
user_38659,person
user_38660,person
user_38661,person
user_38662,person
user_38663,person
user_38664,person
user_38665,person
user_38666,person
user_38667,person
user_38668,person
user_38669,person
user_38670,person
user_38671,person
user_38672,person
user_38673,person
user_38674,person
user_38675,person
user_38676,person
user_38677,person
user_38678,person
user_38679,person
user_38680,person
user_38681,person
user_38682,person
user_38683,person
user_38684,person
user_38685,person
user_38686,person
user_38687,person
user_38688,person
user_38689,person
user_38690,person
user_38691,person
user_38692,person
user_38693,person
user_38694,person
user_38695,person
user_38696,person
user_38697,person
user_38698,person
user_38699,person
user_38700,person
user_38701,person
user_38702,person
user_38703,person
user_38704,person
user_38705,person
user_38706,person
user_38707,person
user_38708,person
user_38709,person
user_38710,person
user_38711,person
user_38712,person
user_38713,person
user_38714,person
user_38715,person
user_38716,person
user_38717,person
user_38718,person
user_38719,person
user_38720,person
user_38721,person
user_38722,person
user_38723,person
user_38724,person
user_38725,person
user_38726,person
user_38727,person
user_38728,person
user_38729,person
user_38730,person
user_38731,person
user_38732,person
user_38733,person
user_38734,person
user_38735,person
user_38736,person
user_38737,person
user_38738,person
user_38739,person
user_38740,person
user_38741,person
user_38742,person
user_38743,person
user_38744,person
user_38745,person
user_38746,person
user_38747,person
user_38748,person
user_38749,person
user_38750,person
user_38751,person
user_38752,person
user_38753,person
user_38754,person
user_38755,person
user_38756,person
user_38757,person
user_38758,person
user_38759,person
user_38760,person
user_38761,person
user_38762,person
user_38763,person
user_38764,person
user_38765,person
user_38766,person
user_38767,person
user_38768,person
user_38769,person
user_38770,person
user_38771,person
user_38772,person
user_38773,person
user_38774,person
user_38775,person
user_38776,person
user_38777,person
user_38778,person
user_38779,person
user_38780,person
user_38781,person
user_38782,person
user_38783,person
user_38784,person
user_38785,person
user_38786,person
user_38787,person
user_38788,person
user_38789,person
user_38790,person
user_38791,person
user_38792,person
user_38793,person
user_38794,person
user_38795,person
user_38796,person
user_38797,person
user_38798,person
user_38799,person
user_38800,person
user_38801,person
user_38802,person
user_38803,person
user_38804,person
user_38805,person
user_38806,person
user_38807,person
user_38808,person
user_38809,person
user_38810,person
user_38811,person
user_38812,person
user_38813,person
user_38814,person
user_38815,person
user_38816,person
user_38817,person
user_38818,person
user_38819,person
user_38820,person
user_38821,person
user_38822,person
user_38823,person
user_38824,person
user_38825,person
user_38826,person
user_38827,person
user_38828,person
user_38829,person
user_38830,person
user_38831,person
user_38832,person
user_38833,person
user_38834,person
user_38835,person
user_38836,person
user_38837,person
user_38838,person
user_38839,person
user_38840,person
user_38841,person
user_38842,person
user_38843,person
user_38844,person
user_38845,person
user_38846,person
user_38847,person
user_38848,person
user_38849,person
user_38850,person
user_38851,person
user_38852,person
user_38853,person
user_38854,person
user_38855,person
user_38856,person
user_38857,person
user_38858,person
user_38859,person
user_38860,person
user_38861,person
user_38862,person
user_38863,person
user_38864,person
user_38865,person
user_38866,person
user_38867,person
user_38868,person
user_38869,person
user_38870,person
user_38871,person
user_38872,person
user_38873,person
user_38874,person
user_38875,person
user_38876,person
user_38877,person
user_38878,person
user_38879,person
user_38880,person
user_38881,person
user_38882,person
user_38883,person
user_38884,person
user_38885,person
user_38886,person
user_38887,person
user_38888,person
user_38889,person
user_38890,person
user_38891,person
user_38892,person
user_38893,person
user_38894,person
user_38895,person
user_38896,person
user_38897,person
user_38898,person
user_38899,person
user_38900,person
user_38901,person
user_38902,person
user_38903,person
user_38904,person
user_38905,person
user_38906,person
user_38907,person
user_38908,person
user_38909,person
user_38910,person
user_38911,person
user_38912,person
user_38913,person
user_38914,person
user_38915,person
user_38916,person
user_38917,person
user_38918,person
user_38919,person
user_38920,person
user_38921,person
user_38922,person
user_38923,person
user_38924,person
user_38925,person
user_38926,person
user_38927,person
user_38928,person
user_38929,person
user_38930,person
user_38931,person
user_38932,person
user_38933,person
user_38934,person
user_38935,person
user_38936,person
user_38937,person
user_38938,person
user_38939,person
user_38940,person
user_38941,person
user_38942,person
user_38943,person
user_38944,person
user_38945,person
user_38946,person
user_38947,person
user_38948,person
user_38949,person
user_38950,person
user_38951,person
user_38952,person
user_38953,person
user_38954,person
user_38955,person
user_38956,person
user_38957,person
user_38958,person
user_38959,person
user_38960,person
user_38961,person
user_38962,person
user_38963,person
user_38964,person
user_38965,person
user_38966,person
user_38967,person
user_38968,person
user_38969,person
user_38970,person
user_38971,person
user_38972,person
user_38973,person
user_38974,person
user_38975,person
user_38976,person
user_38977,person
user_38978,person
user_38979,person
user_38980,person
user_38981,person
user_38982,person
user_38983,person
user_38984,person
user_38985,person
user_38986,person
user_38987,person
user_38988,person
user_38989,person
user_38990,person
user_38991,person
user_38992,person
user_38993,person
user_38994,person
user_38995,person
user_38996,person
user_38997,person
user_38998,person
user_38999,person
user_39000,person
user_39001,person
user_39002,person
user_39003,person
user_39004,person
user_39005,person
user_39006,person
user_39007,person
user_39008,person
user_39009,person
user_39010,person
user_39011,person
user_39012,person
user_39013,person
user_39014,person
user_39015,person
user_39016,person
user_39017,person
user_39018,person
user_39019,person
user_39020,person
user_39021,person
user_39022,person
user_39023,person
user_39024,person
user_39025,person
user_39026,person
user_39027,person
user_39028,person
user_39029,person
user_39030,person
user_39031,person
user_39032,person
user_39033,person
user_39034,person
user_39035,person
user_39036,person
user_39037,person
user_39038,person
user_39039,person
user_39040,person
user_39041,person
user_39042,person
user_39043,person
user_39044,person
user_39045,person
user_39046,person
user_39047,person
user_39048,person
user_39049,person
user_39050,person
user_39051,person
user_39052,person
user_39053,person
user_39054,person
user_39055,person
user_39056,person
user_39057,person
user_39058,person
user_39059,person
user_39060,person
user_39061,person
user_39062,person
user_39063,person
user_39064,person
user_39065,person
user_39066,person
user_39067,person
user_39068,person
user_39069,person
user_39070,person
user_39071,person
user_39072,person
user_39073,person
user_39074,person
user_39075,person
user_39076,person
user_39077,person
user_39078,person
user_39079,person
user_39080,person
user_39081,person
user_39082,person
user_39083,person
user_39084,person
user_39085,person
user_39086,person
user_39087,person
user_39088,person
user_39089,person
user_39090,person
user_39091,person
user_39092,person
user_39093,person
user_39094,person
user_39095,person
user_39096,person
user_39097,person
user_39098,person
user_39099,person
user_39100,person
user_39101,person
user_39102,person
user_39103,person
user_39104,person
user_39105,person
user_39106,person
user_39107,person
user_39108,person
user_39109,person
user_39110,person
user_39111,person
user_39112,person
user_39113,person
user_39114,person
user_39115,person
user_39116,person
user_39117,person
user_39118,person
user_39119,person
user_39120,person
user_39121,person
user_39122,person
user_39123,person
user_39124,person
user_39125,person
user_39126,person
user_39127,person
user_39128,person
user_39129,person
user_39130,person
user_39131,person
user_39132,person
user_39133,person
user_39134,person
user_39135,person
user_39136,person
user_39137,person
user_39138,person
user_39139,person
user_39140,person
user_39141,person
user_39142,person
user_39143,person
user_39144,person
user_39145,person
user_39146,person
user_39147,person
user_39148,person
user_39149,person
user_39150,person
user_39151,person
user_39152,person
user_39153,person
user_39154,person
user_39155,person
user_39156,person
user_39157,person
user_39158,person
user_39159,person
user_39160,person
user_39161,person
user_39162,person
user_39163,person
user_39164,person
user_39165,person
user_39166,person
user_39167,person
user_39168,person
user_39169,person
user_39170,person
user_39171,person
user_39172,person
user_39173,person
user_39174,person
user_39175,person
user_39176,person
user_39177,person
user_39178,person
user_39179,person
user_39180,person
user_39181,person
user_39182,person
user_39183,person
user_39184,person
user_39185,person
user_39186,person
user_39187,person
user_39188,person
user_39189,person
user_39190,person
user_39191,person
user_39192,person
user_39193,person
user_39194,person
user_39195,person
user_39196,person
user_39197,person
user_39198,person
user_39199,person
user_39200,person
user_39201,person
user_39202,person
user_39203,person
user_39204,person
user_39205,person
user_39206,person
user_39207,person
user_39208,person
user_39209,person
user_39210,person
user_39211,person
user_39212,person
user_39213,person
user_39214,person
user_39215,person
user_39216,person
user_39217,person
user_39218,person
user_39219,person
user_39220,person
user_39221,person
user_39222,person
user_39223,person
user_39224,person
user_39225,person
user_39226,person
user_39227,person
user_39228,person
user_39229,person
user_39230,person
user_39231,person
user_39232,person
user_39233,person
user_39234,person
user_39235,person
user_39236,person
user_39237,person
user_39238,person
user_39239,person
user_39240,person
user_39241,person
user_39242,person
user_39243,person
user_39244,person
user_39245,person
user_39246,person
user_39247,person
user_39248,person
user_39249,person
user_39250,person
user_39251,person
user_39252,person
user_39253,person
user_39254,person
user_39255,person
user_39256,person
user_39257,person
user_39258,person
user_39259,person
user_39260,person
user_39261,person
user_39262,person
user_39263,person
user_39264,person
user_39265,person
user_39266,person
user_39267,person
user_39268,person
user_39269,person
user_39270,person
user_39271,person
user_39272,person
user_39273,person
user_39274,person
user_39275,person
user_39276,person
user_39277,person
user_39278,person
user_39279,person
user_39280,person
user_39281,person
user_39282,person
user_39283,person
user_39284,person
user_39285,person
user_39286,person
user_39287,person
user_39288,person
user_39289,person
user_39290,person
user_39291,person
user_39292,person
user_39293,person
user_39294,person
user_39295,person
user_39296,person
user_39297,person
user_39298,person
user_39299,person
user_39300,person
user_39301,person
user_39302,person
user_39303,person
user_39304,person
user_39305,person
user_39306,person
user_39307,person
user_39308,person
user_39309,person
user_39310,person
user_39311,person
user_39312,person
user_39313,person
user_39314,person
user_39315,person
user_39316,person
user_39317,person
user_39318,person
user_39319,person
user_39320,person
user_39321,person
user_39322,person
user_39323,person
user_39324,person
user_39325,person
user_39326,person
user_39327,person
user_39328,person
user_39329,person
user_39330,person
user_39331,person
user_39332,person
user_39333,person
user_39334,person
user_39335,person
user_39336,person
user_39337,person
user_39338,person
user_39339,person
user_39340,person
user_39341,person
user_39342,person
user_39343,person
user_39344,person
user_39345,person
user_39346,person
user_39347,person
user_39348,person
user_39349,person
user_39350,person
user_39351,person
user_39352,person
user_39353,person
user_39354,person
user_39355,person
user_39356,person
user_39357,person
user_39358,person
user_39359,person
user_39360,person
user_39361,person
user_39362,person
user_39363,person
user_39364,person
user_39365,person
user_39366,person
user_39367,person
user_39368,person
user_39369,person
user_39370,person
user_39371,person
user_39372,person
user_39373,person
user_39374,person
user_39375,person
user_39376,person
user_39377,person
user_39378,person
user_39379,person
user_39380,person
user_39381,person
user_39382,person
user_39383,person
user_39384,person
user_39385,person
user_39386,person
user_39387,person
user_39388,person
user_39389,person
user_39390,person
user_39391,person
user_39392,person
user_39393,person
user_39394,person
user_39395,person
user_39396,person
user_39397,person
user_39398,person
user_39399,person
user_39400,person
user_39401,person
user_39402,person
user_39403,person
user_39404,person
user_39405,person
user_39406,person
user_39407,person
user_39408,person
user_39409,person
user_39410,person
user_39411,person
user_39412,person
user_39413,person
user_39414,person
user_39415,person
user_39416,person
user_39417,person
user_39418,person
user_39419,person
user_39420,person
user_39421,person
user_39422,person
user_39423,person
user_39424,person
user_39425,person
user_39426,person
user_39427,person
user_39428,person
user_39429,person
user_39430,person
user_39431,person
user_39432,person
user_39433,person
user_39434,person
user_39435,person
user_39436,person
user_39437,person
user_39438,person
user_39439,person
user_39440,person
user_39441,person
user_39442,person
user_39443,person
user_39444,person
user_39445,person
user_39446,person
user_39447,person
user_39448,person
user_39449,person
user_39450,person
user_39451,person
user_39452,person
user_39453,person
user_39454,person
user_39455,person
user_39456,person
user_39457,person
user_39458,person
user_39459,person
user_39460,person
user_39461,person
user_39462,person
user_39463,person
user_39464,person
user_39465,person
user_39466,person
user_39467,person
user_39468,person
user_39469,person
user_39470,person
user_39471,person
user_39472,person
user_39473,person
user_39474,person
user_39475,person
user_39476,person
user_39477,person
user_39478,person
user_39479,person
user_39480,person
user_39481,person
user_39482,person
user_39483,person
user_39484,person
user_39485,person
user_39486,person
user_39487,person
user_39488,person
user_39489,person
user_39490,person
user_39491,person
user_39492,person
user_39493,person
user_39494,person
user_39495,person
user_39496,person
user_39497,person
user_39498,person
user_39499,person
user_39500,person
user_39501,person
user_39502,person
user_39503,person
user_39504,person
user_39505,person
user_39506,person
user_39507,person
user_39508,person
user_39509,person
user_39510,person
user_39511,person
user_39512,person
user_39513,person
user_39514,person
user_39515,person
user_39516,person
user_39517,person
user_39518,person
user_39519,person
user_39520,person
user_39521,person
user_39522,person
user_39523,person
user_39524,person
user_39525,person
user_39526,person
user_39527,person
user_39528,person
user_39529,person
user_39530,person
user_39531,person
user_39532,person
user_39533,person
user_39534,person
user_39535,person
user_39536,person
user_39537,person
user_39538,person
user_39539,person
user_39540,person
user_39541,person
user_39542,person
user_39543,person
user_39544,person
user_39545,person
user_39546,person
user_39547,person
user_39548,person
user_39549,person
user_39550,person
user_39551,person
user_39552,person
user_39553,person
user_39554,person
user_39555,person
user_39556,person
user_39557,person
user_39558,person
user_39559,person
user_39560,person
user_39561,person
user_39562,person
user_39563,person
user_39564,person
user_39565,person
user_39566,person
user_39567,person
user_39568,person
user_39569,person
user_39570,person
user_39571,person
user_39572,person
user_39573,person
user_39574,person
user_39575,person
user_39576,person
user_39577,person
user_39578,person
user_39579,person
user_39580,person
user_39581,person
user_39582,person
user_39583,person
user_39584,person
user_39585,person
user_39586,person
user_39587,person
user_39588,person
user_39589,person
user_39590,person
user_39591,person
user_39592,person
user_39593,person
user_39594,person
user_39595,person
user_39596,person
user_39597,person
user_39598,person
user_39599,person
user_39600,person
user_39601,person
user_39602,person
user_39603,person
user_39604,person
user_39605,person
user_39606,person
user_39607,person
user_39608,person
user_39609,person
user_39610,person
user_39611,person
user_39612,person
user_39613,person
user_39614,person
user_39615,person
user_39616,person
user_39617,person
user_39618,person
user_39619,person
user_39620,person
user_39621,person
user_39622,person
user_39623,person
user_39624,person
user_39625,person
user_39626,person
user_39627,person
user_39628,person
user_39629,person
user_39630,person
user_39631,person
user_39632,person
user_39633,person
user_39634,person
user_39635,person
user_39636,person
user_39637,person
user_39638,person
user_39639,person
user_39640,person
user_39641,person
user_39642,person
user_39643,person
user_39644,person
user_39645,person
user_39646,person
user_39647,person
user_39648,person
user_39649,person
user_39650,person
user_39651,person
user_39652,person
user_39653,person
user_39654,person
user_39655,person
user_39656,person
user_39657,person
user_39658,person
user_39659,person
user_39660,person
user_39661,person
user_39662,person
user_39663,person
user_39664,person
user_39665,person
user_39666,person
user_39667,person
user_39668,person
user_39669,person
user_39670,person
user_39671,person
user_39672,person
user_39673,person
user_39674,person
user_39675,person
user_39676,person
user_39677,person
user_39678,person
user_39679,person
user_39680,person
user_39681,person
user_39682,person
user_39683,person
user_39684,person
user_39685,person
user_39686,person
user_39687,person
user_39688,person
user_39689,person
user_39690,person
user_39691,person
user_39692,person
user_39693,person
user_39694,person
user_39695,person
user_39696,person
user_39697,person
user_39698,person
user_39699,person
user_39700,person
user_39701,person
user_39702,person
user_39703,person
user_39704,person
user_39705,person
user_39706,person
user_39707,person
user_39708,person
user_39709,person
user_39710,person
user_39711,person
user_39712,person
user_39713,person
user_39714,person
user_39715,person
user_39716,person
user_39717,person
user_39718,person
user_39719,person
user_39720,person
user_39721,person
user_39722,person
user_39723,person
user_39724,person
user_39725,person
user_39726,person
user_39727,person
user_39728,person
user_39729,person
user_39730,person
user_39731,person
user_39732,person
user_39733,person
user_39734,person
user_39735,person
user_39736,person
user_39737,person
user_39738,person
user_39739,person
user_39740,person
user_39741,person
user_39742,person
user_39743,person
user_39744,person
user_39745,person
user_39746,person
user_39747,person
user_39748,person
user_39749,person
user_39750,person
user_39751,person
user_39752,person
user_39753,person
user_39754,person
user_39755,person
user_39756,person
user_39757,person
user_39758,person
user_39759,person
user_39760,person
user_39761,person
user_39762,person
user_39763,person
user_39764,person
user_39765,person
user_39766,person
user_39767,person
user_39768,person
user_39769,person
user_39770,person
user_39771,person
user_39772,person
user_39773,person
user_39774,person
user_39775,person
user_39776,person
user_39777,person
user_39778,person
user_39779,person
user_39780,person
user_39781,person
user_39782,person
user_39783,person
user_39784,person
user_39785,person
user_39786,person
user_39787,person
user_39788,person
user_39789,person
user_39790,person
user_39791,person
user_39792,person
user_39793,person
user_39794,person
user_39795,person
user_39796,person
user_39797,person
user_39798,person
user_39799,person
user_39800,person
user_39801,person
user_39802,person
user_39803,person
user_39804,person
user_39805,person
user_39806,person
user_39807,person
user_39808,person
user_39809,person
user_39810,person
user_39811,person
user_39812,person
user_39813,person
user_39814,person
user_39815,person
user_39816,person
user_39817,person
user_39818,person
user_39819,person
user_39820,person
user_39821,person
user_39822,person
user_39823,person
user_39824,person
user_39825,person
user_39826,person
user_39827,person
user_39828,person
user_39829,person
user_39830,person
user_39831,person
user_39832,person
user_39833,person
user_39834,person
user_39835,person
user_39836,person
user_39837,person
user_39838,person
user_39839,person
user_39840,person
user_39841,person
user_39842,person
user_39843,person
user_39844,person
user_39845,person
user_39846,person
user_39847,person
user_39848,person
user_39849,person
user_39850,person
user_39851,person
user_39852,person
user_39853,person
user_39854,person
user_39855,person
user_39856,person
user_39857,person
user_39858,person
user_39859,person
user_39860,person
user_39861,person
user_39862,person
user_39863,person
user_39864,person
user_39865,person
user_39866,person
user_39867,person
user_39868,person
user_39869,person
user_39870,person
user_39871,person
user_39872,person
user_39873,person
user_39874,person
user_39875,person
user_39876,person
user_39877,person
user_39878,person
user_39879,person
user_39880,person
user_39881,person
user_39882,person
user_39883,person
user_39884,person
user_39885,person
user_39886,person
user_39887,person
user_39888,person
user_39889,person
user_39890,person
user_39891,person
user_39892,person
user_39893,person
user_39894,person
user_39895,person
user_39896,person
user_39897,person
user_39898,person
user_39899,person
user_39900,person
user_39901,person
user_39902,person
user_39903,person
user_39904,person
user_39905,person
user_39906,person
user_39907,person
user_39908,person
user_39909,person
user_39910,person
user_39911,person
user_39912,person
user_39913,person
user_39914,person
user_39915,person
user_39916,person
user_39917,person
user_39918,person
user_39919,person
user_39920,person
user_39921,person
user_39922,person
user_39923,person
user_39924,person
user_39925,person
user_39926,person
user_39927,person
user_39928,person
user_39929,person
user_39930,person
user_39931,person
user_39932,person
user_39933,person
user_39934,person
user_39935,person
user_39936,person
user_39937,person
user_39938,person
user_39939,person
user_39940,person
user_39941,person
user_39942,person
user_39943,person
user_39944,person
user_39945,person
user_39946,person
user_39947,person
user_39948,person
user_39949,person
user_39950,person
user_39951,person
user_39952,person
user_39953,person
user_39954,person
user_39955,person
user_39956,person
user_39957,person
user_39958,person
user_39959,person
user_39960,person
user_39961,person
user_39962,person
user_39963,person
user_39964,person
user_39965,person
user_39966,person
user_39967,person
user_39968,person
user_39969,person
user_39970,person
user_39971,person
user_39972,person
user_39973,person
user_39974,person
user_39975,person
user_39976,person
user_39977,person
user_39978,person
user_39979,person
user_39980,person
user_39981,person
user_39982,person
user_39983,person
user_39984,person
user_39985,person
user_39986,person
user_39987,person
user_39988,person
user_39989,person
user_39990,person
user_39991,person
user_39992,person
user_39993,person
user_39994,person
user_39995,person
user_39996,person
user_39997,person
user_39998,person
user_39999,person
user_40000,person
user_40001,person
user_40002,person
user_40003,person
user_40004,person
user_40005,person
user_40006,person
user_40007,person
user_40008,person
user_40009,person
user_40010,person
user_40011,person
user_40012,person
user_40013,person
user_40014,person
user_40015,person
user_40016,person
user_40017,person
user_40018,person
user_40019,person
user_40020,person
user_40021,person
user_40022,person
user_40023,person
user_40024,person
user_40025,person
user_40026,person
user_40027,person
user_40028,person
user_40029,person
user_40030,person
user_40031,person
user_40032,person
user_40033,person
user_40034,person
user_40035,person
user_40036,person
user_40037,person
user_40038,person
user_40039,person
user_40040,person
user_40041,person
user_40042,person
user_40043,person
user_40044,person
user_40045,person
user_40046,person
user_40047,person
user_40048,person
user_40049,person
user_40050,person
user_40051,person
user_40052,person
user_40053,person
user_40054,person
user_40055,person
user_40056,person
user_40057,person
user_40058,person
user_40059,person
user_40060,person
user_40061,person
user_40062,person
user_40063,person
user_40064,person
user_40065,person
user_40066,person
user_40067,person
user_40068,person
user_40069,person
user_40070,person
user_40071,person
user_40072,person
user_40073,person
user_40074,person
user_40075,person
user_40076,person
user_40077,person
user_40078,person
user_40079,person
user_40080,person
user_40081,person
user_40082,person
user_40083,person
user_40084,person
user_40085,person
user_40086,person
user_40087,person
user_40088,person
user_40089,person
user_40090,person
user_40091,person
user_40092,person
user_40093,person
user_40094,person
user_40095,person
user_40096,person
user_40097,person
user_40098,person
user_40099,person
user_40100,person
user_40101,person
user_40102,person
user_40103,person
user_40104,person
user_40105,person
user_40106,person
user_40107,person
user_40108,person
user_40109,person
user_40110,person
user_40111,person
user_40112,person
user_40113,person
user_40114,person
user_40115,person
user_40116,person
user_40117,person
user_40118,person
user_40119,person
user_40120,person
user_40121,person
user_40122,person
user_40123,person
user_40124,person
user_40125,person
user_40126,person
user_40127,person
user_40128,person
user_40129,person
user_40130,person
user_40131,person
user_40132,person
user_40133,person
user_40134,person
user_40135,person
user_40136,person
user_40137,person
user_40138,person
user_40139,person
user_40140,person
user_40141,person
user_40142,person
user_40143,person
user_40144,person
user_40145,person
user_40146,person
user_40147,person
user_40148,person
user_40149,person
user_40150,person
user_40151,person
user_40152,person
user_40153,person
user_40154,person
user_40155,person
user_40156,person
user_40157,person
user_40158,person
user_40159,person
user_40160,person
user_40161,person
user_40162,person
user_40163,person
user_40164,person
user_40165,person
user_40166,person
user_40167,person
user_40168,person
user_40169,person
user_40170,person
user_40171,person
user_40172,person
user_40173,person
user_40174,person
user_40175,person
user_40176,person
user_40177,person
user_40178,person
user_40179,person
user_40180,person
user_40181,person
user_40182,person
user_40183,person
user_40184,person
user_40185,person
user_40186,person
user_40187,person
user_40188,person
user_40189,person
user_40190,person
user_40191,person
user_40192,person
user_40193,person
user_40194,person
user_40195,person
user_40196,person
user_40197,person
user_40198,person
user_40199,person
user_40200,person
user_40201,person
user_40202,person
user_40203,person
user_40204,person
user_40205,person
user_40206,person
user_40207,person
user_40208,person
user_40209,person
user_40210,person
user_40211,person
user_40212,person
user_40213,person
user_40214,person
user_40215,person
user_40216,person
user_40217,person
user_40218,person
user_40219,person
user_40220,person
user_40221,person
user_40222,person
user_40223,person
user_40224,person
user_40225,person
user_40226,person
user_40227,person
user_40228,person
user_40229,person
user_40230,person
user_40231,person
user_40232,person
user_40233,person
user_40234,person
user_40235,person
user_40236,person
user_40237,person
user_40238,person
user_40239,person
user_40240,person
user_40241,person
user_40242,person
user_40243,person
user_40244,person
user_40245,person
user_40246,person
user_40247,person
user_40248,person
user_40249,person
user_40250,person
user_40251,person
user_40252,person
user_40253,person
user_40254,person
user_40255,person
user_40256,person
user_40257,person
user_40258,person
user_40259,person
user_40260,person
user_40261,person
user_40262,person
user_40263,person
user_40264,person
user_40265,person
user_40266,person
user_40267,person
user_40268,person
user_40269,person
user_40270,person
user_40271,person
user_40272,person
user_40273,person
user_40274,person
user_40275,person
user_40276,person
user_40277,person
user_40278,person
user_40279,person
user_40280,person
user_40281,person
user_40282,person
user_40283,person
user_40284,person
user_40285,person
user_40286,person
user_40287,person
user_40288,person
user_40289,person
user_40290,person
user_40291,person
user_40292,person
user_40293,person
user_40294,person
user_40295,person
user_40296,person
user_40297,person
user_40298,person
user_40299,person
user_40300,person
user_40301,person
user_40302,person
user_40303,person
user_40304,person
user_40305,person
user_40306,person
user_40307,person
user_40308,person
user_40309,person
user_40310,person
user_40311,person
user_40312,person
user_40313,person
user_40314,person
user_40315,person
user_40316,person
user_40317,person
user_40318,person
user_40319,person
user_40320,person
user_40321,person
user_40322,person
user_40323,person
user_40324,person
user_40325,person
user_40326,person
user_40327,person
user_40328,person
user_40329,person
user_40330,person
user_40331,person
user_40332,person
user_40333,person
user_40334,person
user_40335,person
user_40336,person
user_40337,person
user_40338,person
user_40339,person
user_40340,person
user_40341,person
user_40342,person
user_40343,person
user_40344,person
user_40345,person
user_40346,person
user_40347,person
user_40348,person
user_40349,person
user_40350,person
user_40351,person
user_40352,person
user_40353,person
user_40354,person
user_40355,person
user_40356,person
user_40357,person
user_40358,person
user_40359,person
user_40360,person
user_40361,person
user_40362,person
user_40363,person
user_40364,person
user_40365,person
user_40366,person
user_40367,person
user_40368,person
user_40369,person
user_40370,person
user_40371,person
user_40372,person
user_40373,person
user_40374,person
user_40375,person
user_40376,person
user_40377,person
user_40378,person
user_40379,person
user_40380,person
user_40381,person
user_40382,person
user_40383,person
user_40384,person
user_40385,person
user_40386,person
user_40387,person
user_40388,person
user_40389,person
user_40390,person
user_40391,person
user_40392,person
user_40393,person
user_40394,person
user_40395,person
user_40396,person
user_40397,person
user_40398,person
user_40399,person
user_40400,person
user_40401,person
user_40402,person
user_40403,person
user_40404,person
user_40405,person
user_40406,person
user_40407,person
user_40408,person
user_40409,person
user_40410,person
user_40411,person
user_40412,person
user_40413,person
user_40414,person
user_40415,person
user_40416,person
user_40417,person
user_40418,person
user_40419,person
user_40420,person
user_40421,person
user_40422,person
user_40423,person
user_40424,person
user_40425,person
user_40426,person
user_40427,person
user_40428,person
user_40429,person
user_40430,person
user_40431,person
user_40432,person
user_40433,person
user_40434,person
user_40435,person
user_40436,person
user_40437,person
user_40438,person
user_40439,person
user_40440,person
user_40441,person
user_40442,person
user_40443,person
user_40444,person
user_40445,person
user_40446,person
user_40447,person
user_40448,person
user_40449,person
user_40450,person
user_40451,person
user_40452,person
user_40453,person
user_40454,person
user_40455,person
user_40456,person
user_40457,person
user_40458,person
user_40459,person
user_40460,person
user_40461,person
user_40462,person
user_40463,person
user_40464,person
user_40465,person
user_40466,person
user_40467,person
user_40468,person
user_40469,person
user_40470,person
user_40471,person
user_40472,person
user_40473,person
user_40474,person
user_40475,person
user_40476,person
user_40477,person
user_40478,person
user_40479,person
user_40480,person
user_40481,person
user_40482,person
user_40483,person
user_40484,person
user_40485,person
user_40486,person
user_40487,person
user_40488,person
user_40489,person
user_40490,person
user_40491,person
user_40492,person
user_40493,person
user_40494,person
user_40495,person
user_40496,person
user_40497,person
user_40498,person
user_40499,person
user_40500,person
user_40501,person
user_40502,person
user_40503,person
user_40504,person
user_40505,person
user_40506,person
user_40507,person
user_40508,person
user_40509,person
user_40510,person
user_40511,person
user_40512,person
user_40513,person
user_40514,person
user_40515,person
user_40516,person
user_40517,person
user_40518,person
user_40519,person
user_40520,person
user_40521,person
user_40522,person
user_40523,person
user_40524,person
user_40525,person
user_40526,person
user_40527,person
user_40528,person
user_40529,person
user_40530,person
user_40531,person
user_40532,person
user_40533,person
user_40534,person
user_40535,person
user_40536,person
user_40537,person
user_40538,person
user_40539,person
user_40540,person
user_40541,person
user_40542,person
user_40543,person
user_40544,person
user_40545,person
user_40546,person
user_40547,person
user_40548,person
user_40549,person
user_40550,person
user_40551,person
user_40552,person
user_40553,person
user_40554,person
user_40555,person
user_40556,person
user_40557,person
user_40558,person
user_40559,person
user_40560,person
user_40561,person
user_40562,person
user_40563,person
user_40564,person
user_40565,person
user_40566,person
user_40567,person
user_40568,person
user_40569,person
user_40570,person
user_40571,person
user_40572,person
user_40573,person
user_40574,person
user_40575,person
user_40576,person
user_40577,person
user_40578,person
user_40579,person
user_40580,person
user_40581,person
user_40582,person
user_40583,person
user_40584,person
user_40585,person
user_40586,person
user_40587,person
user_40588,person
user_40589,person
user_40590,person
user_40591,person
user_40592,person
user_40593,person
user_40594,person
user_40595,person
user_40596,person
user_40597,person
user_40598,person
user_40599,person
user_40600,person
user_40601,person
user_40602,person
user_40603,person
user_40604,person
user_40605,person
user_40606,person
user_40607,person
user_40608,person
user_40609,person
user_40610,person
user_40611,person
user_40612,person
user_40613,person
user_40614,person
user_40615,person
user_40616,person
user_40617,person
user_40618,person
user_40619,person
user_40620,person
user_40621,person
user_40622,person
user_40623,person
user_40624,person
user_40625,person
user_40626,person
user_40627,person
user_40628,person
user_40629,person
user_40630,person
user_40631,person
user_40632,person
user_40633,person
user_40634,person
user_40635,person
user_40636,person
user_40637,person
user_40638,person
user_40639,person
user_40640,person
user_40641,person
user_40642,person
user_40643,person
user_40644,person
user_40645,person
user_40646,person
user_40647,person
user_40648,person
user_40649,person
user_40650,person
user_40651,person
user_40652,person
user_40653,person
user_40654,person
user_40655,person
user_40656,person
user_40657,person
user_40658,person
user_40659,person
user_40660,person
user_40661,person
user_40662,person
user_40663,person
user_40664,person
user_40665,person
user_40666,person
user_40667,person
user_40668,person
user_40669,person
user_40670,person
user_40671,person
user_40672,person
user_40673,person
user_40674,person
user_40675,person
user_40676,person
user_40677,person
user_40678,person
user_40679,person
user_40680,person
user_40681,person
user_40682,person
user_40683,person
user_40684,person
user_40685,person
user_40686,person
user_40687,person
user_40688,person
user_40689,person
user_40690,person
user_40691,person
user_40692,person
user_40693,person
user_40694,person
user_40695,person
user_40696,person
user_40697,person
user_40698,person
user_40699,person
user_40700,person
user_40701,person
user_40702,person
user_40703,person
user_40704,person
user_40705,person
user_40706,person
user_40707,person
user_40708,person
user_40709,person
user_40710,person
user_40711,person
user_40712,person
user_40713,person
user_40714,person
user_40715,person
user_40716,person
user_40717,person
user_40718,person
user_40719,person
user_40720,person
user_40721,person
user_40722,person
user_40723,person
user_40724,person
user_40725,person
user_40726,person
user_40727,person
user_40728,person
user_40729,person
user_40730,person
user_40731,person
user_40732,person
user_40733,person
user_40734,person
user_40735,person
user_40736,person
user_40737,person
user_40738,person
user_40739,person
user_40740,person
user_40741,person
user_40742,person
user_40743,person
user_40744,person
user_40745,person
user_40746,person
user_40747,person
user_40748,person
user_40749,person
user_40750,person
user_40751,person
user_40752,person
user_40753,person
user_40754,person
user_40755,person
user_40756,person
user_40757,person
user_40758,person
user_40759,person
user_40760,person
user_40761,person
user_40762,person
user_40763,person
user_40764,person
user_40765,person
user_40766,person
user_40767,person
user_40768,person
user_40769,person
user_40770,person
user_40771,person
user_40772,person
user_40773,person
user_40774,person
user_40775,person
user_40776,person
user_40777,person
user_40778,person
user_40779,person
user_40780,person
user_40781,person
user_40782,person
user_40783,person
user_40784,person
user_40785,person
user_40786,person
user_40787,person
user_40788,person
user_40789,person
user_40790,person
user_40791,person
user_40792,person
user_40793,person
user_40794,person
user_40795,person
user_40796,person
user_40797,person
user_40798,person
user_40799,person
user_40800,person
user_40801,person
user_40802,person
user_40803,person
user_40804,person
user_40805,person
user_40806,person
user_40807,person
user_40808,person
user_40809,person
user_40810,person
user_40811,person
user_40812,person
user_40813,person
user_40814,person
user_40815,person
user_40816,person
user_40817,person
user_40818,person
user_40819,person
user_40820,person
user_40821,person
user_40822,person
user_40823,person
user_40824,person
user_40825,person
user_40826,person
user_40827,person
user_40828,person
user_40829,person
user_40830,person
user_40831,person
user_40832,person
user_40833,person
user_40834,person
user_40835,person
user_40836,person
user_40837,person
user_40838,person
user_40839,person
user_40840,person
user_40841,person
user_40842,person
user_40843,person
user_40844,person
user_40845,person
user_40846,person
user_40847,person
user_40848,person
user_40849,person
user_40850,person
user_40851,person
user_40852,person
user_40853,person
user_40854,person
user_40855,person
user_40856,person
user_40857,person
user_40858,person
user_40859,person
user_40860,person
user_40861,person
user_40862,person
user_40863,person
user_40864,person
user_40865,person
user_40866,person
user_40867,person
user_40868,person
user_40869,person
user_40870,person
user_40871,person
user_40872,person
user_40873,person
user_40874,person
user_40875,person
user_40876,person
user_40877,person
user_40878,person
user_40879,person
user_40880,person
user_40881,person
user_40882,person
user_40883,person
user_40884,person
user_40885,person
user_40886,person
user_40887,person
user_40888,person
user_40889,person
user_40890,person
user_40891,person
user_40892,person
user_40893,person
user_40894,person
user_40895,person
user_40896,person
user_40897,person
user_40898,person
user_40899,person
user_40900,person
user_40901,person
user_40902,person
user_40903,person
user_40904,person
user_40905,person
user_40906,person
user_40907,person
user_40908,person
user_40909,person
user_40910,person
user_40911,person
user_40912,person
user_40913,person
user_40914,person
user_40915,person
user_40916,person
user_40917,person
user_40918,person
user_40919,person
user_40920,person
user_40921,person
user_40922,person
user_40923,person
user_40924,person
user_40925,person
user_40926,person
user_40927,person
user_40928,person
user_40929,person
user_40930,person
user_40931,person
user_40932,person
user_40933,person
user_40934,person
user_40935,person
user_40936,person
user_40937,person
user_40938,person
user_40939,person
user_40940,person
user_40941,person
user_40942,person
user_40943,person
user_40944,person
user_40945,person
user_40946,person
user_40947,person
user_40948,person
user_40949,person
user_40950,person
user_40951,person
user_40952,person
user_40953,person
user_40954,person
user_40955,person
user_40956,person
user_40957,person
user_40958,person
user_40959,person
user_40960,person
user_40961,person
user_40962,person
user_40963,person
user_40964,person
user_40965,person
user_40966,person
user_40967,person
user_40968,person
user_40969,person
user_40970,person
user_40971,person
user_40972,person
user_40973,person
user_40974,person
user_40975,person
user_40976,person
user_40977,person
user_40978,person
user_40979,person
user_40980,person
user_40981,person
user_40982,person
user_40983,person
user_40984,person
user_40985,person
user_40986,person
user_40987,person
user_40988,person
user_40989,person
user_40990,person
user_40991,person
user_40992,person
user_40993,person
user_40994,person
user_40995,person
user_40996,person
user_40997,person
user_40998,person
user_40999,person
user_41000,person
user_41001,person
user_41002,person
user_41003,person
user_41004,person
user_41005,person
user_41006,person
user_41007,person
user_41008,person
user_41009,person
user_41010,person
user_41011,person
user_41012,person
user_41013,person
user_41014,person
user_41015,person
user_41016,person
user_41017,person
user_41018,person
user_41019,person
user_41020,person
user_41021,person
user_41022,person
user_41023,person
user_41024,person
user_41025,person
user_41026,person
user_41027,person
user_41028,person
user_41029,person
user_41030,person
user_41031,person
user_41032,person
user_41033,person
user_41034,person
user_41035,person
user_41036,person
user_41037,person
user_41038,person
user_41039,person
user_41040,person
user_41041,person
user_41042,person
user_41043,person
user_41044,person
user_41045,person
user_41046,person
user_41047,person
user_41048,person
user_41049,person
user_41050,person
user_41051,person
user_41052,person
user_41053,person
user_41054,person
user_41055,person
user_41056,person
user_41057,person
user_41058,person
user_41059,person
user_41060,person
user_41061,person
user_41062,person
user_41063,person
user_41064,person
user_41065,person
user_41066,person
user_41067,person
user_41068,person
user_41069,person
user_41070,person
user_41071,person
user_41072,person
user_41073,person
user_41074,person
user_41075,person
user_41076,person
user_41077,person
user_41078,person
user_41079,person
user_41080,person
user_41081,person
user_41082,person
user_41083,person
user_41084,person
user_41085,person
user_41086,person
user_41087,person
user_41088,person
user_41089,person
user_41090,person
user_41091,person
user_41092,person
user_41093,person
user_41094,person
user_41095,person
user_41096,person
user_41097,person
user_41098,person
user_41099,person
user_41100,person
user_41101,person
user_41102,person
user_41103,person
user_41104,person
user_41105,person
user_41106,person
user_41107,person
user_41108,person
user_41109,person
user_41110,person
user_41111,person
user_41112,person
user_41113,person
user_41114,person
user_41115,person
user_41116,person
user_41117,person
user_41118,person
user_41119,person
user_41120,person
user_41121,person
user_41122,person
user_41123,person
user_41124,person
user_41125,person
user_41126,person
user_41127,person
user_41128,person
user_41129,person
user_41130,person
user_41131,person
user_41132,person
user_41133,person
user_41134,person
user_41135,person
user_41136,person
user_41137,person
user_41138,person
user_41139,person
user_41140,person
user_41141,person
user_41142,person
user_41143,person
user_41144,person
user_41145,person
user_41146,person
user_41147,person
user_41148,person
user_41149,person
user_41150,person
user_41151,person
user_41152,person
user_41153,person
user_41154,person
user_41155,person
user_41156,person
user_41157,person
user_41158,person
user_41159,person
user_41160,person
user_41161,person
user_41162,person
user_41163,person
user_41164,person
user_41165,person
user_41166,person
user_41167,person
user_41168,person
user_41169,person
user_41170,person
user_41171,person
user_41172,person
user_41173,person
user_41174,person
user_41175,person
user_41176,person
user_41177,person
user_41178,person
user_41179,person
user_41180,person
user_41181,person
user_41182,person
user_41183,person
user_41184,person
user_41185,person
user_41186,person
user_41187,person
user_41188,person
user_41189,person
user_41190,person
user_41191,person
user_41192,person
user_41193,person
user_41194,person
user_41195,person
user_41196,person
user_41197,person
user_41198,person
user_41199,person
user_41200,person
user_41201,person
user_41202,person
user_41203,person
user_41204,person
user_41205,person
user_41206,person
user_41207,person
user_41208,person
user_41209,person
user_41210,person
user_41211,person
user_41212,person
user_41213,person
user_41214,person
user_41215,person
user_41216,person
user_41217,person
user_41218,person
user_41219,person
user_41220,person
user_41221,person
user_41222,person
user_41223,person
user_41224,person
user_41225,person
user_41226,person
user_41227,person
user_41228,person
user_41229,person
user_41230,person
user_41231,person
user_41232,person
user_41233,person
user_41234,person
user_41235,person
user_41236,person
user_41237,person
user_41238,person
user_41239,person
user_41240,person
user_41241,person
user_41242,person
user_41243,person
user_41244,person
user_41245,person
user_41246,person
user_41247,person
user_41248,person
user_41249,person
user_41250,person
user_41251,person
user_41252,person
user_41253,person
user_41254,person
user_41255,person
user_41256,person
user_41257,person
user_41258,person
user_41259,person
user_41260,person
user_41261,person
user_41262,person
user_41263,person
user_41264,person
user_41265,person
user_41266,person
user_41267,person
user_41268,person
user_41269,person
user_41270,person
user_41271,person
user_41272,person
user_41273,person
user_41274,person
user_41275,person
user_41276,person
user_41277,person
user_41278,person
user_41279,person
user_41280,person
user_41281,person
user_41282,person
user_41283,person
user_41284,person
user_41285,person
user_41286,person
user_41287,person
user_41288,person
user_41289,person
user_41290,person
user_41291,person
user_41292,person
user_41293,person
user_41294,person
user_41295,person
user_41296,person
user_41297,person
user_41298,person
user_41299,person
user_41300,person
user_41301,person
user_41302,person
user_41303,person
user_41304,person
user_41305,person
user_41306,person
user_41307,person
user_41308,person
user_41309,person
user_41310,person
user_41311,person
user_41312,person
user_41313,person
user_41314,person
user_41315,person
user_41316,person
user_41317,person
user_41318,person
user_41319,person
user_41320,person
user_41321,person
user_41322,person
user_41323,person
user_41324,person
user_41325,person
user_41326,person
user_41327,person
user_41328,person
user_41329,person
user_41330,person
user_41331,person
user_41332,person
user_41333,person
user_41334,person
user_41335,person
user_41336,person
user_41337,person
user_41338,person
user_41339,person
user_41340,person
user_41341,person
user_41342,person
user_41343,person
user_41344,person
user_41345,person
user_41346,person
user_41347,person
user_41348,person
user_41349,person
user_41350,person
user_41351,person
user_41352,person
user_41353,person
user_41354,person
user_41355,person
user_41356,person
user_41357,person
user_41358,person
user_41359,person
user_41360,person
user_41361,person
user_41362,person
user_41363,person
user_41364,person
user_41365,person
user_41366,person
user_41367,person
user_41368,person
user_41369,person
user_41370,person
user_41371,person
user_41372,person
user_41373,person
user_41374,person
user_41375,person
user_41376,person
user_41377,person
user_41378,person
user_41379,person
user_41380,person
user_41381,person
user_41382,person
user_41383,person
user_41384,person
user_41385,person
user_41386,person
user_41387,person
user_41388,person
user_41389,person
user_41390,person
user_41391,person
user_41392,person
user_41393,person
user_41394,person
user_41395,person
user_41396,person
user_41397,person
user_41398,person
user_41399,person
user_41400,person
user_41401,person
user_41402,person
user_41403,person
user_41404,person
user_41405,person
user_41406,person
user_41407,person
user_41408,person
user_41409,person
user_41410,person
user_41411,person
user_41412,person
user_41413,person
user_41414,person
user_41415,person
user_41416,person
user_41417,person
user_41418,person
user_41419,person
user_41420,person
user_41421,person
user_41422,person
user_41423,person
user_41424,person
user_41425,person
user_41426,person
user_41427,person
user_41428,person
user_41429,person
user_41430,person
user_41431,person
user_41432,person
user_41433,person
user_41434,person
user_41435,person
user_41436,person
user_41437,person
user_41438,person
user_41439,person
user_41440,person
user_41441,person
user_41442,person
user_41443,person
user_41444,person
user_41445,person
user_41446,person
user_41447,person
user_41448,person
user_41449,person
user_41450,person
user_41451,person
user_41452,person
user_41453,person
user_41454,person
user_41455,person
user_41456,person
user_41457,person
user_41458,person
user_41459,person
user_41460,person
user_41461,person
user_41462,person
user_41463,person
user_41464,person
user_41465,person
user_41466,person
user_41467,person
user_41468,person
user_41469,person
user_41470,person
user_41471,person
user_41472,person
user_41473,person
user_41474,person
user_41475,person
user_41476,person
user_41477,person
user_41478,person
user_41479,person
user_41480,person
user_41481,person
user_41482,person
user_41483,person
user_41484,person
user_41485,person
user_41486,person
user_41487,person
user_41488,person
user_41489,person
user_41490,person
user_41491,person
user_41492,person
user_41493,person
user_41494,person
user_41495,person
user_41496,person
user_41497,person
user_41498,person
user_41499,person
user_41500,person
user_41501,person
user_41502,person
user_41503,person
user_41504,person
user_41505,person
user_41506,person
user_41507,person
user_41508,person
user_41509,person
user_41510,person
user_41511,person
user_41512,person
user_41513,person
user_41514,person
user_41515,person
user_41516,person
user_41517,person
user_41518,person
user_41519,person
user_41520,person
user_41521,person
user_41522,person
user_41523,person
user_41524,person
user_41525,person
user_41526,person
user_41527,person
user_41528,person
user_41529,person
user_41530,person
user_41531,person
user_41532,person
user_41533,person
user_41534,person
user_41535,person
user_41536,person
user_41537,person
user_41538,person
user_41539,person
user_41540,person
user_41541,person
user_41542,person
user_41543,person
user_41544,person
user_41545,person
user_41546,person
user_41547,person
user_41548,person
user_41549,person
user_41550,person
user_41551,person
user_41552,person
user_41553,person
user_41554,person
user_41555,person
user_41556,person
user_41557,person
user_41558,person
user_41559,person
user_41560,person
user_41561,person
user_41562,person
user_41563,person
user_41564,person
user_41565,person
user_41566,person
user_41567,person
user_41568,person
user_41569,person
user_41570,person
user_41571,person
user_41572,person
user_41573,person
user_41574,person
user_41575,person
user_41576,person
user_41577,person
user_41578,person
user_41579,person
user_41580,person
user_41581,person
user_41582,person
user_41583,person
user_41584,person
user_41585,person
user_41586,person
user_41587,person
user_41588,person
user_41589,person
user_41590,person
user_41591,person
user_41592,person
user_41593,person
user_41594,person
user_41595,person
user_41596,person
user_41597,person
user_41598,person
user_41599,person
user_41600,person
user_41601,person
user_41602,person
user_41603,person
user_41604,person
user_41605,person
user_41606,person
user_41607,person
user_41608,person
user_41609,person
user_41610,person
user_41611,person
user_41612,person
user_41613,person
user_41614,person
user_41615,person
user_41616,person
user_41617,person
user_41618,person
user_41619,person
user_41620,person
user_41621,person
user_41622,person
user_41623,person
user_41624,person
user_41625,person
user_41626,person
user_41627,person
user_41628,person
user_41629,person
user_41630,person
user_41631,person
user_41632,person
user_41633,person
user_41634,person
user_41635,person
user_41636,person
user_41637,person
user_41638,person
user_41639,person
user_41640,person
user_41641,person
user_41642,person
user_41643,person
user_41644,person
user_41645,person
user_41646,person
user_41647,person
user_41648,person
user_41649,person
user_41650,person
user_41651,person
user_41652,person
user_41653,person
user_41654,person
user_41655,person
user_41656,person
user_41657,person
user_41658,person
user_41659,person
user_41660,person
user_41661,person
user_41662,person
user_41663,person
user_41664,person
user_41665,person
user_41666,person
user_41667,person
user_41668,person
user_41669,person
user_41670,person
user_41671,person
user_41672,person
user_41673,person
user_41674,person
user_41675,person
user_41676,person
user_41677,person
user_41678,person
user_41679,person
user_41680,person
user_41681,person
user_41682,person
user_41683,person
user_41684,person
user_41685,person
user_41686,person
user_41687,person
user_41688,person
user_41689,person
user_41690,person
user_41691,person
user_41692,person
user_41693,person
user_41694,person
user_41695,person
user_41696,person
user_41697,person
user_41698,person
user_41699,person
user_41700,person
user_41701,person
user_41702,person
user_41703,person
user_41704,person
user_41705,person
user_41706,person
user_41707,person
user_41708,person
user_41709,person
user_41710,person
user_41711,person
user_41712,person
user_41713,person
user_41714,person
user_41715,person
user_41716,person
user_41717,person
user_41718,person
user_41719,person
user_41720,person
user_41721,person
user_41722,person
user_41723,person
user_41724,person
user_41725,person
user_41726,person
user_41727,person
user_41728,person
user_41729,person
user_41730,person
user_41731,person
user_41732,person
user_41733,person
user_41734,person
user_41735,person
user_41736,person
user_41737,person
user_41738,person
user_41739,person
user_41740,person
user_41741,person
user_41742,person
user_41743,person
user_41744,person
user_41745,person
user_41746,person
user_41747,person
user_41748,person
user_41749,person
user_41750,person
user_41751,person
user_41752,person
user_41753,person
user_41754,person
user_41755,person
user_41756,person
user_41757,person
user_41758,person
user_41759,person
user_41760,person
user_41761,person
user_41762,person
user_41763,person
user_41764,person
user_41765,person
user_41766,person
user_41767,person
user_41768,person
user_41769,person
user_41770,person
user_41771,person
user_41772,person
user_41773,person
user_41774,person
user_41775,person
user_41776,person
user_41777,person
user_41778,person
user_41779,person
user_41780,person
user_41781,person
user_41782,person
user_41783,person
user_41784,person
user_41785,person
user_41786,person
user_41787,person
user_41788,person
user_41789,person
user_41790,person
user_41791,person
user_41792,person
user_41793,person
user_41794,person
user_41795,person
user_41796,person
user_41797,person
user_41798,person
user_41799,person
user_41800,person
user_41801,person
user_41802,person
user_41803,person
user_41804,person
user_41805,person
user_41806,person
user_41807,person
user_41808,person
user_41809,person
user_41810,person
user_41811,person
user_41812,person
user_41813,person
user_41814,person
user_41815,person
user_41816,person
user_41817,person
user_41818,person
user_41819,person
user_41820,person
user_41821,person
user_41822,person
user_41823,person
user_41824,person
user_41825,person
user_41826,person
user_41827,person
user_41828,person
user_41829,person
user_41830,person
user_41831,person
user_41832,person
user_41833,person
user_41834,person
user_41835,person
user_41836,person
user_41837,person
user_41838,person
user_41839,person
user_41840,person
user_41841,person
user_41842,person
user_41843,person
user_41844,person
user_41845,person
user_41846,person
user_41847,person
user_41848,person
user_41849,person
user_41850,person
user_41851,person
user_41852,person
user_41853,person
user_41854,person
user_41855,person
user_41856,person
user_41857,person
user_41858,person
user_41859,person
user_41860,person
user_41861,person
user_41862,person
user_41863,person
user_41864,person
user_41865,person
user_41866,person
user_41867,person
user_41868,person
user_41869,person
user_41870,person
user_41871,person
user_41872,person
user_41873,person
user_41874,person
user_41875,person
user_41876,person
user_41877,person
user_41878,person
user_41879,person
user_41880,person
user_41881,person
user_41882,person
user_41883,person
user_41884,person
user_41885,person
user_41886,person
user_41887,person
user_41888,person
user_41889,person
user_41890,person
user_41891,person
user_41892,person
user_41893,person
user_41894,person
user_41895,person
user_41896,person
user_41897,person
user_41898,person
user_41899,person
user_41900,person
user_41901,person
user_41902,person
user_41903,person
user_41904,person
user_41905,person
user_41906,person
user_41907,person
user_41908,person
user_41909,person
user_41910,person
user_41911,person
user_41912,person
user_41913,person
user_41914,person
user_41915,person
user_41916,person
user_41917,person
user_41918,person
user_41919,person
user_41920,person
user_41921,person
user_41922,person
user_41923,person
user_41924,person
user_41925,person
user_41926,person
user_41927,person
user_41928,person
user_41929,person
user_41930,person
user_41931,person
user_41932,person
user_41933,person
user_41934,person
user_41935,person
user_41936,person
user_41937,person
user_41938,person
user_41939,person
user_41940,person
user_41941,person
user_41942,person
user_41943,person
user_41944,person
user_41945,person
user_41946,person
user_41947,person
user_41948,person
user_41949,person
user_41950,person
user_41951,person
user_41952,person
user_41953,person
user_41954,person
user_41955,person
user_41956,person
user_41957,person
user_41958,person
user_41959,person
user_41960,person
user_41961,person
user_41962,person
user_41963,person
user_41964,person
user_41965,person
user_41966,person
user_41967,person
user_41968,person
user_41969,person
user_41970,person
user_41971,person
user_41972,person
user_41973,person
user_41974,person
user_41975,person
user_41976,person
user_41977,person
user_41978,person
user_41979,person
user_41980,person
user_41981,person
user_41982,person
user_41983,person
user_41984,person
user_41985,person
user_41986,person
user_41987,person
user_41988,person
user_41989,person
user_41990,person
user_41991,person
user_41992,person
user_41993,person
user_41994,person
user_41995,person
user_41996,person
user_41997,person
user_41998,person
user_41999,person
user_42000,person
user_42001,person
user_42002,person
user_42003,person
user_42004,person
user_42005,person
user_42006,person
user_42007,person
user_42008,person
user_42009,person
user_42010,person
user_42011,person
user_42012,person
user_42013,person
user_42014,person
user_42015,person
user_42016,person
user_42017,person
user_42018,person
user_42019,person
user_42020,person
user_42021,person
user_42022,person
user_42023,person
user_42024,person
user_42025,person
user_42026,person
user_42027,person
user_42028,person
user_42029,person
user_42030,person
user_42031,person
user_42032,person
user_42033,person
user_42034,person
user_42035,person
user_42036,person
user_42037,person
user_42038,person
user_42039,person
user_42040,person
user_42041,person
user_42042,person
user_42043,person
user_42044,person
user_42045,person
user_42046,person
user_42047,person
user_42048,person
user_42049,person
user_42050,person
user_42051,person
user_42052,person
user_42053,person
user_42054,person
user_42055,person
user_42056,person
user_42057,person
user_42058,person
user_42059,person
user_42060,person
user_42061,person
user_42062,person
user_42063,person
user_42064,person
user_42065,person
user_42066,person
user_42067,person
user_42068,person
user_42069,person
user_42070,person
user_42071,person
user_42072,person
user_42073,person
user_42074,person
user_42075,person
user_42076,person
user_42077,person
user_42078,person
user_42079,person
user_42080,person
user_42081,person
user_42082,person
user_42083,person
user_42084,person
user_42085,person
user_42086,person
user_42087,person
user_42088,person
user_42089,person
user_42090,person
user_42091,person
user_42092,person
user_42093,person
user_42094,person
user_42095,person
user_42096,person
user_42097,person
user_42098,person
user_42099,person
user_42100,person
user_42101,person
user_42102,person
user_42103,person
user_42104,person
user_42105,person
user_42106,person
user_42107,person
user_42108,person
user_42109,person
user_42110,person
user_42111,person
user_42112,person
user_42113,person
user_42114,person
user_42115,person
user_42116,person
user_42117,person
user_42118,person
user_42119,person
user_42120,person
user_42121,person
user_42122,person
user_42123,person
user_42124,person
user_42125,person
user_42126,person
user_42127,person
user_42128,person
user_42129,person
user_42130,person
user_42131,person
user_42132,person
user_42133,person
user_42134,person
user_42135,person
user_42136,person
user_42137,person
user_42138,person
user_42139,person
user_42140,person
user_42141,person
user_42142,person
user_42143,person
user_42144,person
user_42145,person
user_42146,person
user_42147,person
user_42148,person
user_42149,person
user_42150,person
user_42151,person
user_42152,person
user_42153,person
user_42154,person
user_42155,person
user_42156,person
user_42157,person
user_42158,person
user_42159,person
user_42160,person
user_42161,person
user_42162,person
user_42163,person
user_42164,person
user_42165,person
user_42166,person
user_42167,person
user_42168,person
user_42169,person
user_42170,person
user_42171,person
user_42172,person
user_42173,person
user_42174,person
user_42175,person
user_42176,person
user_42177,person
user_42178,person
user_42179,person
user_42180,person
user_42181,person
user_42182,person
user_42183,person
user_42184,person
user_42185,person
user_42186,person
user_42187,person
user_42188,person
user_42189,person
user_42190,person
user_42191,person
user_42192,person
user_42193,person
user_42194,person
user_42195,person
user_42196,person
user_42197,person
user_42198,person
user_42199,person
user_42200,person
user_42201,person
user_42202,person
user_42203,person
user_42204,person
user_42205,person
user_42206,person
user_42207,person
user_42208,person
user_42209,person
user_42210,person
user_42211,person
user_42212,person
user_42213,person
user_42214,person
user_42215,person
user_42216,person
user_42217,person
user_42218,person
user_42219,person
user_42220,person
user_42221,person
user_42222,person
user_42223,person
user_42224,person
user_42225,person
user_42226,person
user_42227,person
user_42228,person
user_42229,person
user_42230,person
user_42231,person
user_42232,person
user_42233,person
user_42234,person
user_42235,person
user_42236,person
user_42237,person
user_42238,person
user_42239,person
user_42240,person
user_42241,person
user_42242,person
user_42243,person
user_42244,person
user_42245,person
user_42246,person
user_42247,person
user_42248,person
user_42249,person
user_42250,person
user_42251,person
user_42252,person
user_42253,person
user_42254,person
user_42255,person
user_42256,person
user_42257,person
user_42258,person
user_42259,person
user_42260,person
user_42261,person
user_42262,person
user_42263,person
user_42264,person
user_42265,person
user_42266,person
user_42267,person
user_42268,person
user_42269,person
user_42270,person
user_42271,person
user_42272,person
user_42273,person
user_42274,person
user_42275,person
user_42276,person
user_42277,person
user_42278,person
user_42279,person
user_42280,person
user_42281,person
user_42282,person
user_42283,person
user_42284,person
user_42285,person
user_42286,person
user_42287,person
user_42288,person
user_42289,person
user_42290,person
user_42291,person
user_42292,person
user_42293,person
user_42294,person
user_42295,person
user_42296,person
user_42297,person
user_42298,person
user_42299,person
user_42300,person
user_42301,person
user_42302,person
user_42303,person
user_42304,person
user_42305,person
user_42306,person
user_42307,person
user_42308,person
user_42309,person
user_42310,person
user_42311,person
user_42312,person
user_42313,person
user_42314,person
user_42315,person
user_42316,person
user_42317,person
user_42318,person
user_42319,person
user_42320,person
user_42321,person
user_42322,person
user_42323,person
user_42324,person
user_42325,person
user_42326,person
user_42327,person
user_42328,person
user_42329,person
user_42330,person
user_42331,person
user_42332,person
user_42333,person
user_42334,person
user_42335,person
user_42336,person
user_42337,person
user_42338,person
user_42339,person
user_42340,person
user_42341,person
user_42342,person
user_42343,person
user_42344,person
user_42345,person
user_42346,person
user_42347,person
user_42348,person
user_42349,person
user_42350,person
user_42351,person
user_42352,person
user_42353,person
user_42354,person
user_42355,person
user_42356,person
user_42357,person
user_42358,person
user_42359,person
user_42360,person
user_42361,person
user_42362,person
user_42363,person
user_42364,person
user_42365,person
user_42366,person
user_42367,person
user_42368,person
user_42369,person
user_42370,person
user_42371,person
user_42372,person
user_42373,person
user_42374,person
user_42375,person
user_42376,person
user_42377,person
user_42378,person
user_42379,person
user_42380,person
user_42381,person
user_42382,person
user_42383,person
user_42384,person
user_42385,person
user_42386,person
user_42387,person
user_42388,person
user_42389,person
user_42390,person
user_42391,person
user_42392,person
user_42393,person
user_42394,person
user_42395,person
user_42396,person
user_42397,person
user_42398,person
user_42399,person
user_42400,person
user_42401,person
user_42402,person
user_42403,person
user_42404,person
user_42405,person
user_42406,person
user_42407,person
user_42408,person
user_42409,person
user_42410,person
user_42411,person
user_42412,person
user_42413,person
user_42414,person
user_42415,person
user_42416,person
user_42417,person
user_42418,person
user_42419,person
user_42420,person
user_42421,person
user_42422,person
user_42423,person
user_42424,person
user_42425,person
user_42426,person
user_42427,person
user_42428,person
user_42429,person
user_42430,person
user_42431,person
user_42432,person
user_42433,person
user_42434,person
user_42435,person
user_42436,person
user_42437,person
user_42438,person
user_42439,person
user_42440,person
user_42441,person
user_42442,person
user_42443,person
user_42444,person
user_42445,person
user_42446,person
user_42447,person
user_42448,person
user_42449,person
user_42450,person
user_42451,person
user_42452,person
user_42453,person
user_42454,person
user_42455,person
user_42456,person
user_42457,person
user_42458,person
user_42459,person
user_42460,person
user_42461,person
user_42462,person
user_42463,person
user_42464,person
user_42465,person
user_42466,person
user_42467,person
user_42468,person
user_42469,person
user_42470,person
user_42471,person
user_42472,person
user_42473,person
user_42474,person
user_42475,person
user_42476,person
user_42477,person
user_42478,person
user_42479,person
user_42480,person
user_42481,person
user_42482,person
user_42483,person
user_42484,person
user_42485,person
user_42486,person
user_42487,person
user_42488,person
user_42489,person
user_42490,person
user_42491,person
user_42492,person
user_42493,person
user_42494,person
user_42495,person
user_42496,person
user_42497,person
user_42498,person
user_42499,person
user_42500,person
user_42501,person
user_42502,person
user_42503,person
user_42504,person
user_42505,person
user_42506,person
user_42507,person
user_42508,person
user_42509,person
user_42510,person
user_42511,person
user_42512,person
user_42513,person
user_42514,person
user_42515,person
user_42516,person
user_42517,person
user_42518,person
user_42519,person
user_42520,person
user_42521,person
user_42522,person
user_42523,person
user_42524,person
user_42525,person
user_42526,person
user_42527,person
user_42528,person
user_42529,person
user_42530,person
user_42531,person
user_42532,person
user_42533,person
user_42534,person
user_42535,person
user_42536,person
user_42537,person
user_42538,person
user_42539,person
user_42540,person
user_42541,person
user_42542,person
user_42543,person
user_42544,person
user_42545,person
user_42546,person
user_42547,person
user_42548,person
user_42549,person
user_42550,person
user_42551,person
user_42552,person
user_42553,person
user_42554,person
user_42555,person
user_42556,person
user_42557,person
user_42558,person
user_42559,person
user_42560,person
user_42561,person
user_42562,person
user_42563,person
user_42564,person
user_42565,person
user_42566,person
user_42567,person
user_42568,person
user_42569,person
user_42570,person
user_42571,person
user_42572,person
user_42573,person
user_42574,person
user_42575,person
user_42576,person
user_42577,person
user_42578,person
user_42579,person
user_42580,person
user_42581,person
user_42582,person
user_42583,person
user_42584,person
user_42585,person
user_42586,person
user_42587,person
user_42588,person
user_42589,person
user_42590,person
user_42591,person
user_42592,person
user_42593,person
user_42594,person
user_42595,person
user_42596,person
user_42597,person
user_42598,person
user_42599,person
user_42600,person
user_42601,person
user_42602,person
user_42603,person
user_42604,person
user_42605,person
user_42606,person
user_42607,person
user_42608,person
user_42609,person
user_42610,person
user_42611,person
user_42612,person
user_42613,person
user_42614,person
user_42615,person
user_42616,person
user_42617,person
user_42618,person
user_42619,person
user_42620,person
user_42621,person
user_42622,person
user_42623,person
user_42624,person
user_42625,person
user_42626,person
user_42627,person
user_42628,person
user_42629,person
user_42630,person
user_42631,person
user_42632,person
user_42633,person
user_42634,person
user_42635,person
user_42636,person
user_42637,person
user_42638,person
user_42639,person
user_42640,person
user_42641,person
user_42642,person
user_42643,person
user_42644,person
user_42645,person
user_42646,person
user_42647,person
user_42648,person
user_42649,person
user_42650,person
user_42651,person
user_42652,person
user_42653,person
user_42654,person
user_42655,person
user_42656,person
user_42657,person
user_42658,person
user_42659,person
user_42660,person
user_42661,person
user_42662,person
user_42663,person
user_42664,person
user_42665,person
user_42666,person
user_42667,person
user_42668,person
user_42669,person
user_42670,person
user_42671,person
user_42672,person
user_42673,person
user_42674,person
user_42675,person
user_42676,person
user_42677,person
user_42678,person
user_42679,person
user_42680,person
user_42681,person
user_42682,person
user_42683,person
user_42684,person
user_42685,person
user_42686,person
user_42687,person
user_42688,person
user_42689,person
user_42690,person
user_42691,person
user_42692,person
user_42693,person
user_42694,person
user_42695,person
user_42696,person
user_42697,person
user_42698,person
user_42699,person
user_42700,person
user_42701,person
user_42702,person
user_42703,person
user_42704,person
user_42705,person
user_42706,person
user_42707,person
user_42708,person
user_42709,person
user_42710,person
user_42711,person
user_42712,person
user_42713,person
user_42714,person
user_42715,person
user_42716,person
user_42717,person
user_42718,person
user_42719,person
user_42720,person
user_42721,person
user_42722,person
user_42723,person
user_42724,person
user_42725,person
user_42726,person
user_42727,person
user_42728,person
user_42729,person
user_42730,person
user_42731,person
user_42732,person
user_42733,person
user_42734,person
user_42735,person
user_42736,person
user_42737,person
user_42738,person
user_42739,person
user_42740,person
user_42741,person
user_42742,person
user_42743,person
user_42744,person
user_42745,person
user_42746,person
user_42747,person
user_42748,person
user_42749,person
user_42750,person
user_42751,person
user_42752,person
user_42753,person
user_42754,person
user_42755,person
user_42756,person
user_42757,person
user_42758,person
user_42759,person
user_42760,person
user_42761,person
user_42762,person
user_42763,person
user_42764,person
user_42765,person
user_42766,person
user_42767,person
user_42768,person
user_42769,person
user_42770,person
user_42771,person
user_42772,person
user_42773,person
user_42774,person
user_42775,person
user_42776,person
user_42777,person
user_42778,person
user_42779,person
user_42780,person
user_42781,person
user_42782,person
user_42783,person
user_42784,person
user_42785,person
user_42786,person
user_42787,person
user_42788,person
user_42789,person
user_42790,person
user_42791,person
user_42792,person
user_42793,person
user_42794,person
user_42795,person
user_42796,person
user_42797,person
user_42798,person
user_42799,person
user_42800,person
user_42801,person
user_42802,person
user_42803,person
user_42804,person
user_42805,person
user_42806,person
user_42807,person
user_42808,person
user_42809,person
user_42810,person
user_42811,person
user_42812,person
user_42813,person
user_42814,person
user_42815,person
user_42816,person
user_42817,person
user_42818,person
user_42819,person
user_42820,person
user_42821,person
user_42822,person
user_42823,person
user_42824,person
user_42825,person
user_42826,person
user_42827,person
user_42828,person
user_42829,person
user_42830,person
user_42831,person
user_42832,person
user_42833,person
user_42834,person
user_42835,person
user_42836,person
user_42837,person
user_42838,person
user_42839,person
user_42840,person
user_42841,person
user_42842,person
user_42843,person
user_42844,person
user_42845,person
user_42846,person
user_42847,person
user_42848,person
user_42849,person
user_42850,person
user_42851,person
user_42852,person
user_42853,person
user_42854,person
user_42855,person
user_42856,person
user_42857,person
user_42858,person
user_42859,person
user_42860,person
user_42861,person
user_42862,person
user_42863,person
user_42864,person
user_42865,person
user_42866,person
user_42867,person
user_42868,person
user_42869,person
user_42870,person
user_42871,person
user_42872,person
user_42873,person
user_42874,person
user_42875,person
user_42876,person
user_42877,person
user_42878,person
user_42879,person
user_42880,person
user_42881,person
user_42882,person
user_42883,person
user_42884,person
user_42885,person
user_42886,person
user_42887,person
user_42888,person
user_42889,person
user_42890,person
user_42891,person
user_42892,person
user_42893,person
user_42894,person
user_42895,person
user_42896,person
user_42897,person
user_42898,person
user_42899,person
user_42900,person
user_42901,person
user_42902,person
user_42903,person
user_42904,person
user_42905,person
user_42906,person
user_42907,person
user_42908,person
user_42909,person
user_42910,person
user_42911,person
user_42912,person
user_42913,person
user_42914,person
user_42915,person
user_42916,person
user_42917,person
user_42918,person
user_42919,person
user_42920,person
user_42921,person
user_42922,person
user_42923,person
user_42924,person
user_42925,person
user_42926,person
user_42927,person
user_42928,person
user_42929,person
user_42930,person
user_42931,person
user_42932,person
user_42933,person
user_42934,person
user_42935,person
user_42936,person
user_42937,person
user_42938,person
user_42939,person
user_42940,person
user_42941,person
user_42942,person
user_42943,person
user_42944,person
user_42945,person
user_42946,person
user_42947,person
user_42948,person
user_42949,person
user_42950,person
user_42951,person
user_42952,person
user_42953,person
user_42954,person
user_42955,person
user_42956,person
user_42957,person
user_42958,person
user_42959,person
user_42960,person
user_42961,person
user_42962,person
user_42963,person
user_42964,person
user_42965,person
user_42966,person
user_42967,person
user_42968,person
user_42969,person
user_42970,person
user_42971,person
user_42972,person
user_42973,person
user_42974,person
user_42975,person
user_42976,person
user_42977,person
user_42978,person
user_42979,person
user_42980,person
user_42981,person
user_42982,person
user_42983,person
user_42984,person
user_42985,person
user_42986,person
user_42987,person
user_42988,person
user_42989,person
user_42990,person
user_42991,person
user_42992,person
user_42993,person
user_42994,person
user_42995,person
user_42996,person
user_42997,person
user_42998,person
user_42999,person
user_43000,person
user_43001,person
user_43002,person
user_43003,person
user_43004,person
user_43005,person
user_43006,person
user_43007,person
user_43008,person
user_43009,person
user_43010,person
user_43011,person
user_43012,person
user_43013,person
user_43014,person
user_43015,person
user_43016,person
user_43017,person
user_43018,person
user_43019,person
user_43020,person
user_43021,person
user_43022,person
user_43023,person
user_43024,person
user_43025,person
user_43026,person
user_43027,person
user_43028,person
user_43029,person
user_43030,person
user_43031,person
user_43032,person
user_43033,person
user_43034,person
user_43035,person
user_43036,person
user_43037,person
user_43038,person
user_43039,person
user_43040,person
user_43041,person
user_43042,person
user_43043,person
user_43044,person
user_43045,person
user_43046,person
user_43047,person
user_43048,person
user_43049,person
user_43050,person
user_43051,person
user_43052,person
user_43053,person
user_43054,person
user_43055,person
user_43056,person
user_43057,person
user_43058,person
user_43059,person
user_43060,person
user_43061,person
user_43062,person
user_43063,person
user_43064,person
user_43065,person
user_43066,person
user_43067,person
user_43068,person
user_43069,person
user_43070,person
user_43071,person
user_43072,person
user_43073,person
user_43074,person
user_43075,person
user_43076,person
user_43077,person
user_43078,person
user_43079,person
user_43080,person
user_43081,person
user_43082,person
user_43083,person
user_43084,person
user_43085,person
user_43086,person
user_43087,person
user_43088,person
user_43089,person
user_43090,person
user_43091,person
user_43092,person
user_43093,person
user_43094,person
user_43095,person
user_43096,person
user_43097,person
user_43098,person
user_43099,person
user_43100,person
user_43101,person
user_43102,person
user_43103,person
user_43104,person
user_43105,person
user_43106,person
user_43107,person
user_43108,person
user_43109,person
user_43110,person
user_43111,person
user_43112,person
user_43113,person
user_43114,person
user_43115,person
user_43116,person
user_43117,person
user_43118,person
user_43119,person
user_43120,person
user_43121,person
user_43122,person
user_43123,person
user_43124,person
user_43125,person
user_43126,person
user_43127,person
user_43128,person
user_43129,person
user_43130,person
user_43131,person
user_43132,person
user_43133,person
user_43134,person
user_43135,person
user_43136,person
user_43137,person
user_43138,person
user_43139,person
user_43140,person
user_43141,person
user_43142,person
user_43143,person
user_43144,person
user_43145,person
user_43146,person
user_43147,person
user_43148,person
user_43149,person
user_43150,person
user_43151,person
user_43152,person
user_43153,person
user_43154,person
user_43155,person
user_43156,person
user_43157,person
user_43158,person
user_43159,person
user_43160,person
user_43161,person
user_43162,person
user_43163,person
user_43164,person
user_43165,person
user_43166,person
user_43167,person
user_43168,person
user_43169,person
user_43170,person
user_43171,person
user_43172,person
user_43173,person
user_43174,person
user_43175,person
user_43176,person
user_43177,person
user_43178,person
user_43179,person
user_43180,person
user_43181,person
user_43182,person
user_43183,person
user_43184,person
user_43185,person
user_43186,person
user_43187,person
user_43188,person
user_43189,person
user_43190,person
user_43191,person
user_43192,person
user_43193,person
user_43194,person
user_43195,person
user_43196,person
user_43197,person
user_43198,person
user_43199,person
user_43200,person
user_43201,person
user_43202,person
user_43203,person
user_43204,person
user_43205,person
user_43206,person
user_43207,person
user_43208,person
user_43209,person
user_43210,person
user_43211,person
user_43212,person
user_43213,person
user_43214,person
user_43215,person
user_43216,person
user_43217,person
user_43218,person
user_43219,person
user_43220,person
user_43221,person
user_43222,person
user_43223,person
user_43224,person
user_43225,person
user_43226,person
user_43227,person
user_43228,person
user_43229,person
user_43230,person
user_43231,person
user_43232,person
user_43233,person
user_43234,person
user_43235,person
user_43236,person
user_43237,person
user_43238,person
user_43239,person
user_43240,person
user_43241,person
user_43242,person
user_43243,person
user_43244,person
user_43245,person
user_43246,person
user_43247,person
user_43248,person
user_43249,person
user_43250,person
user_43251,person
user_43252,person
user_43253,person
user_43254,person
user_43255,person
user_43256,person
user_43257,person
user_43258,person
user_43259,person
user_43260,person
user_43261,person
user_43262,person
user_43263,person
user_43264,person
user_43265,person
user_43266,person
user_43267,person
user_43268,person
user_43269,person
user_43270,person
user_43271,person
user_43272,person
user_43273,person
user_43274,person
user_43275,person
user_43276,person
user_43277,person
user_43278,person
user_43279,person
user_43280,person
user_43281,person
user_43282,person
user_43283,person
user_43284,person
user_43285,person
user_43286,person
user_43287,person
user_43288,person
user_43289,person
user_43290,person
user_43291,person
user_43292,person
user_43293,person
user_43294,person
user_43295,person
user_43296,person
user_43297,person
user_43298,person
user_43299,person
user_43300,person
user_43301,person
user_43302,person
user_43303,person
user_43304,person
user_43305,person
user_43306,person
user_43307,person
user_43308,person
user_43309,person
user_43310,person
user_43311,person
user_43312,person
user_43313,person
user_43314,person
user_43315,person
user_43316,person
user_43317,person
user_43318,person
user_43319,person
user_43320,person
user_43321,person
user_43322,person
user_43323,person
user_43324,person
user_43325,person
user_43326,person
user_43327,person
user_43328,person
user_43329,person
user_43330,person
user_43331,person
user_43332,person
user_43333,person
user_43334,person
user_43335,person
user_43336,person
user_43337,person
user_43338,person
user_43339,person
user_43340,person
user_43341,person
user_43342,person
user_43343,person
user_43344,person
user_43345,person
user_43346,person
user_43347,person
user_43348,person
user_43349,person
user_43350,person
user_43351,person
user_43352,person
user_43353,person
user_43354,person
user_43355,person
user_43356,person
user_43357,person
user_43358,person
user_43359,person
user_43360,person
user_43361,person
user_43362,person
user_43363,person
user_43364,person
user_43365,person
user_43366,person
user_43367,person
user_43368,person
user_43369,person
user_43370,person
user_43371,person
user_43372,person
user_43373,person
user_43374,person
user_43375,person
user_43376,person
user_43377,person
user_43378,person
user_43379,person
user_43380,person
user_43381,person
user_43382,person
user_43383,person
user_43384,person
user_43385,person
user_43386,person
user_43387,person
user_43388,person
user_43389,person
user_43390,person
user_43391,person
user_43392,person
user_43393,person
user_43394,person
user_43395,person
user_43396,person
user_43397,person
user_43398,person
user_43399,person
user_43400,person
user_43401,person
user_43402,person
user_43403,person
user_43404,person
user_43405,person
user_43406,person
user_43407,person
user_43408,person
user_43409,person
user_43410,person
user_43411,person
user_43412,person
user_43413,person
user_43414,person
user_43415,person
user_43416,person
user_43417,person
user_43418,person
user_43419,person
user_43420,person
user_43421,person
user_43422,person
user_43423,person
user_43424,person
user_43425,person
user_43426,person
user_43427,person
user_43428,person
user_43429,person
user_43430,person
user_43431,person
user_43432,person
user_43433,person
user_43434,person
user_43435,person
user_43436,person
user_43437,person
user_43438,person
user_43439,person
user_43440,person
user_43441,person
user_43442,person
user_43443,person
user_43444,person
user_43445,person
user_43446,person
user_43447,person
user_43448,person
user_43449,person
user_43450,person
user_43451,person
user_43452,person
user_43453,person
user_43454,person
user_43455,person
user_43456,person
user_43457,person
user_43458,person
user_43459,person
user_43460,person
user_43461,person
user_43462,person
user_43463,person
user_43464,person
user_43465,person
user_43466,person
user_43467,person
user_43468,person
user_43469,person
user_43470,person
user_43471,person
user_43472,person
user_43473,person
user_43474,person
user_43475,person
user_43476,person
user_43477,person
user_43478,person
user_43479,person
user_43480,person
user_43481,person
user_43482,person
user_43483,person
user_43484,person
user_43485,person
user_43486,person
user_43487,person
user_43488,person
user_43489,person
user_43490,person
user_43491,person
user_43492,person
user_43493,person
user_43494,person
user_43495,person
user_43496,person
user_43497,person
user_43498,person
user_43499,person
user_43500,person
user_43501,person
user_43502,person
user_43503,person
user_43504,person
user_43505,person
user_43506,person
user_43507,person
user_43508,person
user_43509,person
user_43510,person
user_43511,person
user_43512,person
user_43513,person
user_43514,person
user_43515,person
user_43516,person
user_43517,person
user_43518,person
user_43519,person
user_43520,person
user_43521,person
user_43522,person
user_43523,person
user_43524,person
user_43525,person
user_43526,person
user_43527,person
user_43528,person
user_43529,person
user_43530,person
user_43531,person
user_43532,person
user_43533,person
user_43534,person
user_43535,person
user_43536,person
user_43537,person
user_43538,person
user_43539,person
user_43540,person
user_43541,person
user_43542,person
user_43543,person
user_43544,person
user_43545,person
user_43546,person
user_43547,person
user_43548,person
user_43549,person
user_43550,person
user_43551,person
user_43552,person
user_43553,person
user_43554,person
user_43555,person
user_43556,person
user_43557,person
user_43558,person
user_43559,person
user_43560,person
user_43561,person
user_43562,person
user_43563,person
user_43564,person
user_43565,person
user_43566,person
user_43567,person
user_43568,person
user_43569,person
user_43570,person
user_43571,person
user_43572,person
user_43573,person
user_43574,person
user_43575,person
user_43576,person
user_43577,person
user_43578,person
user_43579,person
user_43580,person
user_43581,person
user_43582,person
user_43583,person
user_43584,person
user_43585,person
user_43586,person
user_43587,person
user_43588,person
user_43589,person
user_43590,person
user_43591,person
user_43592,person
user_43593,person
user_43594,person
user_43595,person
user_43596,person
user_43597,person
user_43598,person
user_43599,person
user_43600,person
user_43601,person
user_43602,person
user_43603,person
user_43604,person
user_43605,person
user_43606,person
user_43607,person
user_43608,person
user_43609,person
user_43610,person
user_43611,person
user_43612,person
user_43613,person
user_43614,person
user_43615,person
user_43616,person
user_43617,person
user_43618,person
user_43619,person
user_43620,person
user_43621,person
user_43622,person
user_43623,person
user_43624,person
user_43625,person
user_43626,person
user_43627,person
user_43628,person
user_43629,person
user_43630,person
user_43631,person
user_43632,person
user_43633,person
user_43634,person
user_43635,person
user_43636,person
user_43637,person
user_43638,person
user_43639,person
user_43640,person
user_43641,person
user_43642,person
user_43643,person
user_43644,person
user_43645,person
user_43646,person
user_43647,person
user_43648,person
user_43649,person
user_43650,person
user_43651,person
user_43652,person
user_43653,person
user_43654,person
user_43655,person
user_43656,person
user_43657,person
user_43658,person
user_43659,person
user_43660,person
user_43661,person
user_43662,person
user_43663,person
user_43664,person
user_43665,person
user_43666,person
user_43667,person
user_43668,person
user_43669,person
user_43670,person
user_43671,person
user_43672,person
user_43673,person
user_43674,person
user_43675,person
user_43676,person
user_43677,person
user_43678,person
user_43679,person
user_43680,person
user_43681,person
user_43682,person
user_43683,person
user_43684,person
user_43685,person
user_43686,person
user_43687,person
user_43688,person
user_43689,person
user_43690,person
user_43691,person
user_43692,person
user_43693,person
user_43694,person
user_43695,person
user_43696,person
user_43697,person
user_43698,person
user_43699,person
user_43700,person
user_43701,person
user_43702,person
user_43703,person
user_43704,person
user_43705,person
user_43706,person
user_43707,person
user_43708,person
user_43709,person
user_43710,person
user_43711,person
user_43712,person
user_43713,person
user_43714,person
user_43715,person
user_43716,person
user_43717,person
user_43718,person
user_43719,person
user_43720,person
user_43721,person
user_43722,person
user_43723,person
user_43724,person
user_43725,person
user_43726,person
user_43727,person
user_43728,person
user_43729,person
user_43730,person
user_43731,person
user_43732,person
user_43733,person
user_43734,person
user_43735,person
user_43736,person
user_43737,person
user_43738,person
user_43739,person
user_43740,person
user_43741,person
user_43742,person
user_43743,person
user_43744,person
user_43745,person
user_43746,person
user_43747,person
user_43748,person
user_43749,person
user_43750,person
user_43751,person
user_43752,person
user_43753,person
user_43754,person
user_43755,person
user_43756,person
user_43757,person
user_43758,person
user_43759,person
user_43760,person
user_43761,person
user_43762,person
user_43763,person
user_43764,person
user_43765,person
user_43766,person
user_43767,person
user_43768,person
user_43769,person
user_43770,person
user_43771,person
user_43772,person
user_43773,person
user_43774,person
user_43775,person
user_43776,person
user_43777,person
user_43778,person
user_43779,person
user_43780,person
user_43781,person
user_43782,person
user_43783,person
user_43784,person
user_43785,person
user_43786,person
user_43787,person
user_43788,person
user_43789,person
user_43790,person
user_43791,person
user_43792,person
user_43793,person
user_43794,person
user_43795,person
user_43796,person
user_43797,person
user_43798,person
user_43799,person
user_43800,person
user_43801,person
user_43802,person
user_43803,person
user_43804,person
user_43805,person
user_43806,person
user_43807,person
user_43808,person
user_43809,person
user_43810,person
user_43811,person
user_43812,person
user_43813,person
user_43814,person
user_43815,person
user_43816,person
user_43817,person
user_43818,person
user_43819,person
user_43820,person
user_43821,person
user_43822,person
user_43823,person
user_43824,person
user_43825,person
user_43826,person
user_43827,person
user_43828,person
user_43829,person
user_43830,person
user_43831,person
user_43832,person
user_43833,person
user_43834,person
user_43835,person
user_43836,person
user_43837,person
user_43838,person
user_43839,person
user_43840,person
user_43841,person
user_43842,person
user_43843,person
user_43844,person
user_43845,person
user_43846,person
user_43847,person
user_43848,person
user_43849,person
user_43850,person
user_43851,person
user_43852,person
user_43853,person
user_43854,person
user_43855,person
user_43856,person
user_43857,person
user_43858,person
user_43859,person
user_43860,person
user_43861,person
user_43862,person
user_43863,person
user_43864,person
user_43865,person
user_43866,person
user_43867,person
user_43868,person
user_43869,person
user_43870,person
user_43871,person
user_43872,person
user_43873,person
user_43874,person
user_43875,person
user_43876,person
user_43877,person
user_43878,person
user_43879,person
user_43880,person
user_43881,person
user_43882,person
user_43883,person
user_43884,person
user_43885,person
user_43886,person
user_43887,person
user_43888,person
user_43889,person
user_43890,person
user_43891,person
user_43892,person
user_43893,person
user_43894,person
user_43895,person
user_43896,person
user_43897,person
user_43898,person
user_43899,person
user_43900,person
user_43901,person
user_43902,person
user_43903,person
user_43904,person
user_43905,person
user_43906,person
user_43907,person
user_43908,person
user_43909,person
user_43910,person
user_43911,person
user_43912,person
user_43913,person
user_43914,person
user_43915,person
user_43916,person
user_43917,person
user_43918,person
user_43919,person
user_43920,person
user_43921,person
user_43922,person
user_43923,person
user_43924,person
user_43925,person
user_43926,person
user_43927,person
user_43928,person
user_43929,person
user_43930,person
user_43931,person
user_43932,person
user_43933,person
user_43934,person
user_43935,person
user_43936,person
user_43937,person
user_43938,person
user_43939,person
user_43940,person
user_43941,person
user_43942,person
user_43943,person
user_43944,person
user_43945,person
user_43946,person
user_43947,person
user_43948,person
user_43949,person
user_43950,person
user_43951,person
user_43952,person
user_43953,person
user_43954,person
user_43955,person
user_43956,person
user_43957,person
user_43958,person
user_43959,person
user_43960,person
user_43961,person
user_43962,person
user_43963,person
user_43964,person
user_43965,person
user_43966,person
user_43967,person
user_43968,person
user_43969,person
user_43970,person
user_43971,person
user_43972,person
user_43973,person
user_43974,person
user_43975,person
user_43976,person
user_43977,person
user_43978,person
user_43979,person
user_43980,person
user_43981,person
user_43982,person
user_43983,person
user_43984,person
user_43985,person
user_43986,person
user_43987,person
user_43988,person
user_43989,person
user_43990,person
user_43991,person
user_43992,person
user_43993,person
user_43994,person
user_43995,person
user_43996,person
user_43997,person
user_43998,person
user_43999,person
user_44000,person
user_44001,person
user_44002,person
user_44003,person
user_44004,person
user_44005,person
user_44006,person
user_44007,person
user_44008,person
user_44009,person
user_44010,person
user_44011,person
user_44012,person
user_44013,person
user_44014,person
user_44015,person
user_44016,person
user_44017,person
user_44018,person
user_44019,person
user_44020,person
user_44021,person
user_44022,person
user_44023,person
user_44024,person
user_44025,person
user_44026,person
user_44027,person
user_44028,person
user_44029,person
user_44030,person
user_44031,person
user_44032,person
user_44033,person
user_44034,person
user_44035,person
user_44036,person
user_44037,person
user_44038,person
user_44039,person
user_44040,person
user_44041,person
user_44042,person
user_44043,person
user_44044,person
user_44045,person
user_44046,person
user_44047,person
user_44048,person
user_44049,person
user_44050,person
user_44051,person
user_44052,person
user_44053,person
user_44054,person
user_44055,person
user_44056,person
user_44057,person
user_44058,person
user_44059,person
user_44060,person
user_44061,person
user_44062,person
user_44063,person
user_44064,person
user_44065,person
user_44066,person
user_44067,person
user_44068,person
user_44069,person
user_44070,person
user_44071,person
user_44072,person
user_44073,person
user_44074,person
user_44075,person
user_44076,person
user_44077,person
user_44078,person
user_44079,person
user_44080,person
user_44081,person
user_44082,person
user_44083,person
user_44084,person
user_44085,person
user_44086,person
user_44087,person
user_44088,person
user_44089,person
user_44090,person
user_44091,person
user_44092,person
user_44093,person
user_44094,person
user_44095,person
user_44096,person
user_44097,person
user_44098,person
user_44099,person
user_44100,person
user_44101,person
user_44102,person
user_44103,person
user_44104,person
user_44105,person
user_44106,person
user_44107,person
user_44108,person
user_44109,person
user_44110,person
user_44111,person
user_44112,person
user_44113,person
user_44114,person
user_44115,person
user_44116,person
user_44117,person
user_44118,person
user_44119,person
user_44120,person
user_44121,person
user_44122,person
user_44123,person
user_44124,person
user_44125,person
user_44126,person
user_44127,person
user_44128,person
user_44129,person
user_44130,person
user_44131,person
user_44132,person
user_44133,person
user_44134,person
user_44135,person
user_44136,person
user_44137,person
user_44138,person
user_44139,person
user_44140,person
user_44141,person
user_44142,person
user_44143,person
user_44144,person
user_44145,person
user_44146,person
user_44147,person
user_44148,person
user_44149,person
user_44150,person
user_44151,person
user_44152,person
user_44153,person
user_44154,person
user_44155,person
user_44156,person
user_44157,person
user_44158,person
user_44159,person
user_44160,person
user_44161,person
user_44162,person
user_44163,person
user_44164,person
user_44165,person
user_44166,person
user_44167,person
user_44168,person
user_44169,person
user_44170,person
user_44171,person
user_44172,person
user_44173,person
user_44174,person
user_44175,person
user_44176,person
user_44177,person
user_44178,person
user_44179,person
user_44180,person
user_44181,person
user_44182,person
user_44183,person
user_44184,person
user_44185,person
user_44186,person
user_44187,person
user_44188,person
user_44189,person
user_44190,person
user_44191,person
user_44192,person
user_44193,person
user_44194,person
user_44195,person
user_44196,person
user_44197,person
user_44198,person
user_44199,person
user_44200,person
user_44201,person
user_44202,person
user_44203,person
user_44204,person
user_44205,person
user_44206,person
user_44207,person
user_44208,person
user_44209,person
user_44210,person
user_44211,person
user_44212,person
user_44213,person
user_44214,person
user_44215,person
user_44216,person
user_44217,person
user_44218,person
user_44219,person
user_44220,person
user_44221,person
user_44222,person
user_44223,person
user_44224,person
user_44225,person
user_44226,person
user_44227,person
user_44228,person
user_44229,person
user_44230,person
user_44231,person
user_44232,person
user_44233,person
user_44234,person
user_44235,person
user_44236,person
user_44237,person
user_44238,person
user_44239,person
user_44240,person
user_44241,person
user_44242,person
user_44243,person
user_44244,person
user_44245,person
user_44246,person
user_44247,person
user_44248,person
user_44249,person
user_44250,person
user_44251,person
user_44252,person
user_44253,person
user_44254,person
user_44255,person
user_44256,person
user_44257,person
user_44258,person
user_44259,person
user_44260,person
user_44261,person
user_44262,person
user_44263,person
user_44264,person
user_44265,person
user_44266,person
user_44267,person
user_44268,person
user_44269,person
user_44270,person
user_44271,person
user_44272,person
user_44273,person
user_44274,person
user_44275,person
user_44276,person
user_44277,person
user_44278,person
user_44279,person
user_44280,person
user_44281,person
user_44282,person
user_44283,person
user_44284,person
user_44285,person
user_44286,person
user_44287,person
user_44288,person
user_44289,person
user_44290,person
user_44291,person
user_44292,person
user_44293,person
user_44294,person
user_44295,person
user_44296,person
user_44297,person
user_44298,person
user_44299,person
user_44300,person
user_44301,person
user_44302,person
user_44303,person
user_44304,person
user_44305,person
user_44306,person
user_44307,person
user_44308,person
user_44309,person
user_44310,person
user_44311,person
user_44312,person
user_44313,person
user_44314,person
user_44315,person
user_44316,person
user_44317,person
user_44318,person
user_44319,person
user_44320,person
user_44321,person
user_44322,person
user_44323,person
user_44324,person
user_44325,person
user_44326,person
user_44327,person
user_44328,person
user_44329,person
user_44330,person
user_44331,person
user_44332,person
user_44333,person
user_44334,person
user_44335,person
user_44336,person
user_44337,person
user_44338,person
user_44339,person
user_44340,person
user_44341,person
user_44342,person
user_44343,person
user_44344,person
user_44345,person
user_44346,person
user_44347,person
user_44348,person
user_44349,person
user_44350,person
user_44351,person
user_44352,person
user_44353,person
user_44354,person
user_44355,person
user_44356,person
user_44357,person
user_44358,person
user_44359,person
user_44360,person
user_44361,person
user_44362,person
user_44363,person
user_44364,person
user_44365,person
user_44366,person
user_44367,person
user_44368,person
user_44369,person
user_44370,person
user_44371,person
user_44372,person
user_44373,person
user_44374,person
user_44375,person
user_44376,person
user_44377,person
user_44378,person
user_44379,person
user_44380,person
user_44381,person
user_44382,person
user_44383,person
user_44384,person
user_44385,person
user_44386,person
user_44387,person
user_44388,person
user_44389,person
user_44390,person
user_44391,person
user_44392,person
user_44393,person
user_44394,person
user_44395,person
user_44396,person
user_44397,person
user_44398,person
user_44399,person
user_44400,person
user_44401,person
user_44402,person
user_44403,person
user_44404,person
user_44405,person
user_44406,person
user_44407,person
user_44408,person
user_44409,person
user_44410,person
user_44411,person
user_44412,person
user_44413,person
user_44414,person
user_44415,person
user_44416,person
user_44417,person
user_44418,person
user_44419,person
user_44420,person
user_44421,person
user_44422,person
user_44423,person
user_44424,person
user_44425,person
user_44426,person
user_44427,person
user_44428,person
user_44429,person
user_44430,person
user_44431,person
user_44432,person
user_44433,person
user_44434,person
user_44435,person
user_44436,person
user_44437,person
user_44438,person
user_44439,person
user_44440,person
user_44441,person
user_44442,person
user_44443,person
user_44444,person
user_44445,person
user_44446,person
user_44447,person
user_44448,person
user_44449,person
user_44450,person
user_44451,person
user_44452,person
user_44453,person
user_44454,person
user_44455,person
user_44456,person
user_44457,person
user_44458,person
user_44459,person
user_44460,person
user_44461,person
user_44462,person
user_44463,person
user_44464,person
user_44465,person
user_44466,person
user_44467,person
user_44468,person
user_44469,person
user_44470,person
user_44471,person
user_44472,person
user_44473,person
user_44474,person
user_44475,person
user_44476,person
user_44477,person
user_44478,person
user_44479,person
user_44480,person
user_44481,person
user_44482,person
user_44483,person
user_44484,person
user_44485,person
user_44486,person
user_44487,person
user_44488,person
user_44489,person
user_44490,person
user_44491,person
user_44492,person
user_44493,person
user_44494,person
user_44495,person
user_44496,person
user_44497,person
user_44498,person
user_44499,person
user_44500,person
user_44501,person
user_44502,person
user_44503,person
user_44504,person
user_44505,person
user_44506,person
user_44507,person
user_44508,person
user_44509,person
user_44510,person
user_44511,person
user_44512,person
user_44513,person
user_44514,person
user_44515,person
user_44516,person
user_44517,person
user_44518,person
user_44519,person
user_44520,person
user_44521,person
user_44522,person
user_44523,person
user_44524,person
user_44525,person
user_44526,person
user_44527,person
user_44528,person
user_44529,person
user_44530,person
user_44531,person
user_44532,person
user_44533,person
user_44534,person
user_44535,person
user_44536,person
user_44537,person
user_44538,person
user_44539,person
user_44540,person
user_44541,person
user_44542,person
user_44543,person
user_44544,person
user_44545,person
user_44546,person
user_44547,person
user_44548,person
user_44549,person
user_44550,person
user_44551,person
user_44552,person
user_44553,person
user_44554,person
user_44555,person
user_44556,person
user_44557,person
user_44558,person
user_44559,person
user_44560,person
user_44561,person
user_44562,person
user_44563,person
user_44564,person
user_44565,person
user_44566,person
user_44567,person
user_44568,person
user_44569,person
user_44570,person
user_44571,person
user_44572,person
user_44573,person
user_44574,person
user_44575,person
user_44576,person
user_44577,person
user_44578,person
user_44579,person
user_44580,person
user_44581,person
user_44582,person
user_44583,person
user_44584,person
user_44585,person
user_44586,person
user_44587,person
user_44588,person
user_44589,person
user_44590,person
user_44591,person
user_44592,person
user_44593,person
user_44594,person
user_44595,person
user_44596,person
user_44597,person
user_44598,person
user_44599,person
user_44600,person
user_44601,person
user_44602,person
user_44603,person
user_44604,person
user_44605,person
user_44606,person
user_44607,person
user_44608,person
user_44609,person
user_44610,person
user_44611,person
user_44612,person
user_44613,person
user_44614,person
user_44615,person
user_44616,person
user_44617,person
user_44618,person
user_44619,person
user_44620,person
user_44621,person
user_44622,person
user_44623,person
user_44624,person
user_44625,person
user_44626,person
user_44627,person
user_44628,person
user_44629,person
user_44630,person
user_44631,person
user_44632,person
user_44633,person
user_44634,person
user_44635,person
user_44636,person
user_44637,person
user_44638,person
user_44639,person
user_44640,person
user_44641,person
user_44642,person
user_44643,person
user_44644,person
user_44645,person
user_44646,person
user_44647,person
user_44648,person
user_44649,person
user_44650,person
user_44651,person
user_44652,person
user_44653,person
user_44654,person
user_44655,person
user_44656,person
user_44657,person
user_44658,person
user_44659,person
user_44660,person
user_44661,person
user_44662,person
user_44663,person
user_44664,person
user_44665,person
user_44666,person
user_44667,person
user_44668,person
user_44669,person
user_44670,person
user_44671,person
user_44672,person
user_44673,person
user_44674,person
user_44675,person
user_44676,person
user_44677,person
user_44678,person
user_44679,person
user_44680,person
user_44681,person
user_44682,person
user_44683,person
user_44684,person
user_44685,person
user_44686,person
user_44687,person
user_44688,person
user_44689,person
user_44690,person
user_44691,person
user_44692,person
user_44693,person
user_44694,person
user_44695,person
user_44696,person
user_44697,person
user_44698,person
user_44699,person
user_44700,person
user_44701,person
user_44702,person
user_44703,person
user_44704,person
user_44705,person
user_44706,person
user_44707,person
user_44708,person
user_44709,person
user_44710,person
user_44711,person
user_44712,person
user_44713,person
user_44714,person
user_44715,person
user_44716,person
user_44717,person
user_44718,person
user_44719,person
user_44720,person
user_44721,person
user_44722,person
user_44723,person
user_44724,person
user_44725,person
user_44726,person
user_44727,person
user_44728,person
user_44729,person
user_44730,person
user_44731,person
user_44732,person
user_44733,person
user_44734,person
user_44735,person
user_44736,person
user_44737,person
user_44738,person
user_44739,person
user_44740,person
user_44741,person
user_44742,person
user_44743,person
user_44744,person
user_44745,person
user_44746,person
user_44747,person
user_44748,person
user_44749,person
user_44750,person
user_44751,person
user_44752,person
user_44753,person
user_44754,person
user_44755,person
user_44756,person
user_44757,person
user_44758,person
user_44759,person
user_44760,person
user_44761,person
user_44762,person
user_44763,person
user_44764,person
user_44765,person
user_44766,person
user_44767,person
user_44768,person
user_44769,person
user_44770,person
user_44771,person
user_44772,person
user_44773,person
user_44774,person
user_44775,person
user_44776,person
user_44777,person
user_44778,person
user_44779,person
user_44780,person
user_44781,person
user_44782,person
user_44783,person
user_44784,person
user_44785,person
user_44786,person
user_44787,person
user_44788,person
user_44789,person
user_44790,person
user_44791,person
user_44792,person
user_44793,person
user_44794,person
user_44795,person
user_44796,person
user_44797,person
user_44798,person
user_44799,person
user_44800,person
user_44801,person
user_44802,person
user_44803,person
user_44804,person
user_44805,person
user_44806,person
user_44807,person
user_44808,person
user_44809,person
user_44810,person
user_44811,person
user_44812,person
user_44813,person
user_44814,person
user_44815,person
user_44816,person
user_44817,person
user_44818,person
user_44819,person
user_44820,person
user_44821,person
user_44822,person
user_44823,person
user_44824,person
user_44825,person
user_44826,person
user_44827,person
user_44828,person
user_44829,person
user_44830,person
user_44831,person
user_44832,person
user_44833,person
user_44834,person
user_44835,person
user_44836,person
user_44837,person
user_44838,person
user_44839,person
user_44840,person
user_44841,person
user_44842,person
user_44843,person
user_44844,person
user_44845,person
user_44846,person
user_44847,person
user_44848,person
user_44849,person
user_44850,person
user_44851,person
user_44852,person
user_44853,person
user_44854,person
user_44855,person
user_44856,person
user_44857,person
user_44858,person
user_44859,person
user_44860,person
user_44861,person
user_44862,person
user_44863,person
user_44864,person
user_44865,person
user_44866,person
user_44867,person
user_44868,person
user_44869,person
user_44870,person
user_44871,person
user_44872,person
user_44873,person
user_44874,person
user_44875,person
user_44876,person
user_44877,person
user_44878,person
user_44879,person
user_44880,person
user_44881,person
user_44882,person
user_44883,person
user_44884,person
user_44885,person
user_44886,person
user_44887,person
user_44888,person
user_44889,person
user_44890,person
user_44891,person
user_44892,person
user_44893,person
user_44894,person
user_44895,person
user_44896,person
user_44897,person
user_44898,person
user_44899,person
user_44900,person
user_44901,person
user_44902,person
user_44903,person
user_44904,person
user_44905,person
user_44906,person
user_44907,person
user_44908,person
user_44909,person
user_44910,person
user_44911,person
user_44912,person
user_44913,person
user_44914,person
user_44915,person
user_44916,person
user_44917,person
user_44918,person
user_44919,person
user_44920,person
user_44921,person
user_44922,person
user_44923,person
user_44924,person
user_44925,person
user_44926,person
user_44927,person
user_44928,person
user_44929,person
user_44930,person
user_44931,person
user_44932,person
user_44933,person
user_44934,person
user_44935,person
user_44936,person
user_44937,person
user_44938,person
user_44939,person
user_44940,person
user_44941,person
user_44942,person
user_44943,person
user_44944,person
user_44945,person
user_44946,person
user_44947,person
user_44948,person
user_44949,person
user_44950,person
user_44951,person
user_44952,person
user_44953,person
user_44954,person
user_44955,person
user_44956,person
user_44957,person
user_44958,person
user_44959,person
user_44960,person
user_44961,person
user_44962,person
user_44963,person
user_44964,person
user_44965,person
user_44966,person
user_44967,person
user_44968,person
user_44969,person
user_44970,person
user_44971,person
user_44972,person
user_44973,person
user_44974,person
user_44975,person
user_44976,person
user_44977,person
user_44978,person
user_44979,person
user_44980,person
user_44981,person
user_44982,person
user_44983,person
user_44984,person
user_44985,person
user_44986,person
user_44987,person
user_44988,person
user_44989,person
user_44990,person
user_44991,person
user_44992,person
user_44993,person
user_44994,person
user_44995,person
user_44996,person
user_44997,person
user_44998,person
user_44999,person
user_45000,person
user_45001,person
user_45002,person
user_45003,person
user_45004,person
user_45005,person
user_45006,person
user_45007,person
user_45008,person
user_45009,person
user_45010,person
user_45011,person
user_45012,person
user_45013,person
user_45014,person
user_45015,person
user_45016,person
user_45017,person
user_45018,person
user_45019,person
user_45020,person
user_45021,person
user_45022,person
user_45023,person
user_45024,person
user_45025,person
user_45026,person
user_45027,person
user_45028,person
user_45029,person
user_45030,person
user_45031,person
user_45032,person
user_45033,person
user_45034,person
user_45035,person
user_45036,person
user_45037,person
user_45038,person
user_45039,person
user_45040,person
user_45041,person
user_45042,person
user_45043,person
user_45044,person
user_45045,person
user_45046,person
user_45047,person
user_45048,person
user_45049,person
user_45050,person
user_45051,person
user_45052,person
user_45053,person
user_45054,person
user_45055,person
user_45056,person
user_45057,person
user_45058,person
user_45059,person
user_45060,person
user_45061,person
user_45062,person
user_45063,person
user_45064,person
user_45065,person
user_45066,person
user_45067,person
user_45068,person
user_45069,person
user_45070,person
user_45071,person
user_45072,person
user_45073,person
user_45074,person
user_45075,person
user_45076,person
user_45077,person
user_45078,person
user_45079,person
user_45080,person
user_45081,person
user_45082,person
user_45083,person
user_45084,person
user_45085,person
user_45086,person
user_45087,person
user_45088,person
user_45089,person
user_45090,person
user_45091,person
user_45092,person
user_45093,person
user_45094,person
user_45095,person
user_45096,person
user_45097,person
user_45098,person
user_45099,person
user_45100,person
user_45101,person
user_45102,person
user_45103,person
user_45104,person
user_45105,person
user_45106,person
user_45107,person
user_45108,person
user_45109,person
user_45110,person
user_45111,person
user_45112,person
user_45113,person
user_45114,person
user_45115,person
user_45116,person
user_45117,person
user_45118,person
user_45119,person
user_45120,person
user_45121,person
user_45122,person
user_45123,person
user_45124,person
user_45125,person
user_45126,person
user_45127,person
user_45128,person
user_45129,person
user_45130,person
user_45131,person
user_45132,person
user_45133,person
user_45134,person
user_45135,person
user_45136,person
user_45137,person
user_45138,person
user_45139,person
user_45140,person
user_45141,person
user_45142,person
user_45143,person
user_45144,person
user_45145,person
user_45146,person
user_45147,person
user_45148,person
user_45149,person
user_45150,person
user_45151,person
user_45152,person
user_45153,person
user_45154,person
user_45155,person
user_45156,person
user_45157,person
user_45158,person
user_45159,person
user_45160,person
user_45161,person
user_45162,person
user_45163,person
user_45164,person
user_45165,person
user_45166,person
user_45167,person
user_45168,person
user_45169,person
user_45170,person
user_45171,person
user_45172,person
user_45173,person
user_45174,person
user_45175,person
user_45176,person
user_45177,person
user_45178,person
user_45179,person
user_45180,person
user_45181,person
user_45182,person
user_45183,person
user_45184,person
user_45185,person
user_45186,person
user_45187,person
user_45188,person
user_45189,person
user_45190,person
user_45191,person
user_45192,person
user_45193,person
user_45194,person
user_45195,person
user_45196,person
user_45197,person
user_45198,person
user_45199,person
user_45200,person
user_45201,person
user_45202,person
user_45203,person
user_45204,person
user_45205,person
user_45206,person
user_45207,person
user_45208,person
user_45209,person
user_45210,person
user_45211,person
user_45212,person
user_45213,person
user_45214,person
user_45215,person
user_45216,person
user_45217,person
user_45218,person
user_45219,person
user_45220,person
user_45221,person
user_45222,person
user_45223,person
user_45224,person
user_45225,person
user_45226,person
user_45227,person
user_45228,person
user_45229,person
user_45230,person
user_45231,person
user_45232,person
user_45233,person
user_45234,person
user_45235,person
user_45236,person
user_45237,person
user_45238,person
user_45239,person
user_45240,person
user_45241,person
user_45242,person
user_45243,person
user_45244,person
user_45245,person
user_45246,person
user_45247,person
user_45248,person
user_45249,person
user_45250,person
user_45251,person
user_45252,person
user_45253,person
user_45254,person
user_45255,person
user_45256,person
user_45257,person
user_45258,person
user_45259,person
user_45260,person
user_45261,person
user_45262,person
user_45263,person
user_45264,person
user_45265,person
user_45266,person
user_45267,person
user_45268,person
user_45269,person
user_45270,person
user_45271,person
user_45272,person
user_45273,person
user_45274,person
user_45275,person
user_45276,person
user_45277,person
user_45278,person
user_45279,person
user_45280,person
user_45281,person
user_45282,person
user_45283,person
user_45284,person
user_45285,person
user_45286,person
user_45287,person
user_45288,person
user_45289,person
user_45290,person
user_45291,person
user_45292,person
user_45293,person
user_45294,person
user_45295,person
user_45296,person
user_45297,person
user_45298,person
user_45299,person
user_45300,person
user_45301,person
user_45302,person
user_45303,person
user_45304,person
user_45305,person
user_45306,person
user_45307,person
user_45308,person
user_45309,person
user_45310,person
user_45311,person
user_45312,person
user_45313,person
user_45314,person
user_45315,person
user_45316,person
user_45317,person
user_45318,person
user_45319,person
user_45320,person
user_45321,person
user_45322,person
user_45323,person
user_45324,person
user_45325,person
user_45326,person
user_45327,person
user_45328,person
user_45329,person
user_45330,person
user_45331,person
user_45332,person
user_45333,person
user_45334,person
user_45335,person
user_45336,person
user_45337,person
user_45338,person
user_45339,person
user_45340,person
user_45341,person
user_45342,person
user_45343,person
user_45344,person
user_45345,person
user_45346,person
user_45347,person
user_45348,person
user_45349,person
user_45350,person
user_45351,person
user_45352,person
user_45353,person
user_45354,person
user_45355,person
user_45356,person
user_45357,person
user_45358,person
user_45359,person
user_45360,person
user_45361,person
user_45362,person
user_45363,person
user_45364,person
user_45365,person
user_45366,person
user_45367,person
user_45368,person
user_45369,person
user_45370,person
user_45371,person
user_45372,person
user_45373,person
user_45374,person
user_45375,person
user_45376,person
user_45377,person
user_45378,person
user_45379,person
user_45380,person
user_45381,person
user_45382,person
user_45383,person
user_45384,person
user_45385,person
user_45386,person
user_45387,person
user_45388,person
user_45389,person
user_45390,person
user_45391,person
user_45392,person
user_45393,person
user_45394,person
user_45395,person
user_45396,person
user_45397,person
user_45398,person
user_45399,person
user_45400,person
user_45401,person
user_45402,person
user_45403,person
user_45404,person
user_45405,person
user_45406,person
user_45407,person
user_45408,person
user_45409,person
user_45410,person
user_45411,person
user_45412,person
user_45413,person
user_45414,person
user_45415,person
user_45416,person
user_45417,person
user_45418,person
user_45419,person
user_45420,person
user_45421,person
user_45422,person
user_45423,person
user_45424,person
user_45425,person
user_45426,person
user_45427,person
user_45428,person
user_45429,person
user_45430,person
user_45431,person
user_45432,person
user_45433,person
user_45434,person
user_45435,person
user_45436,person
user_45437,person
user_45438,person
user_45439,person
user_45440,person
user_45441,person
user_45442,person
user_45443,person
user_45444,person
user_45445,person
user_45446,person
user_45447,person
user_45448,person
user_45449,person
user_45450,person
user_45451,person
user_45452,person
user_45453,person
user_45454,person
user_45455,person
user_45456,person
user_45457,person
user_45458,person
user_45459,person
user_45460,person
user_45461,person
user_45462,person
user_45463,person
user_45464,person
user_45465,person
user_45466,person
user_45467,person
user_45468,person
user_45469,person
user_45470,person
user_45471,person
user_45472,person
user_45473,person
user_45474,person
user_45475,person
user_45476,person
user_45477,person
user_45478,person
user_45479,person
user_45480,person
user_45481,person
user_45482,person
user_45483,person
user_45484,person
user_45485,person
user_45486,person
user_45487,person
user_45488,person
user_45489,person
user_45490,person
user_45491,person
user_45492,person
user_45493,person
user_45494,person
user_45495,person
user_45496,person
user_45497,person
user_45498,person
user_45499,person
user_45500,person
user_45501,person
user_45502,person
user_45503,person
user_45504,person
user_45505,person
user_45506,person
user_45507,person
user_45508,person
user_45509,person
user_45510,person
user_45511,person
user_45512,person
user_45513,person
user_45514,person
user_45515,person
user_45516,person
user_45517,person
user_45518,person
user_45519,person
user_45520,person
user_45521,person
user_45522,person
user_45523,person
user_45524,person
user_45525,person
user_45526,person
user_45527,person
user_45528,person
user_45529,person
user_45530,person
user_45531,person
user_45532,person
user_45533,person
user_45534,person
user_45535,person
user_45536,person
user_45537,person
user_45538,person
user_45539,person
user_45540,person
user_45541,person
user_45542,person
user_45543,person
user_45544,person
user_45545,person
user_45546,person
user_45547,person
user_45548,person
user_45549,person
user_45550,person
user_45551,person
user_45552,person
user_45553,person
user_45554,person
user_45555,person
user_45556,person
user_45557,person
user_45558,person
user_45559,person
user_45560,person
user_45561,person
user_45562,person
user_45563,person
user_45564,person
user_45565,person
user_45566,person
user_45567,person
user_45568,person
user_45569,person
user_45570,person
user_45571,person
user_45572,person
user_45573,person
user_45574,person
user_45575,person
user_45576,person
user_45577,person
user_45578,person
user_45579,person
user_45580,person
user_45581,person
user_45582,person
user_45583,person
user_45584,person
user_45585,person
user_45586,person
user_45587,person
user_45588,person
user_45589,person
user_45590,person
user_45591,person
user_45592,person
user_45593,person
user_45594,person
user_45595,person
user_45596,person
user_45597,person
user_45598,person
user_45599,person
user_45600,person
user_45601,person
user_45602,person
user_45603,person
user_45604,person
user_45605,person
user_45606,person
user_45607,person
user_45608,person
user_45609,person
user_45610,person
user_45611,person
user_45612,person
user_45613,person
user_45614,person
user_45615,person
user_45616,person
user_45617,person
user_45618,person
user_45619,person
user_45620,person
user_45621,person
user_45622,person
user_45623,person
user_45624,person
user_45625,person
user_45626,person
user_45627,person
user_45628,person
user_45629,person
user_45630,person
user_45631,person
user_45632,person
user_45633,person
user_45634,person
user_45635,person
user_45636,person
user_45637,person
user_45638,person
user_45639,person
user_45640,person
user_45641,person
user_45642,person
user_45643,person
user_45644,person
user_45645,person
user_45646,person
user_45647,person
user_45648,person
user_45649,person
user_45650,person
user_45651,person
user_45652,person
user_45653,person
user_45654,person
user_45655,person
user_45656,person
user_45657,person
user_45658,person
user_45659,person
user_45660,person
user_45661,person
user_45662,person
user_45663,person
user_45664,person
user_45665,person
user_45666,person
user_45667,person
user_45668,person
user_45669,person
user_45670,person
user_45671,person
user_45672,person
user_45673,person
user_45674,person
user_45675,person
user_45676,person
user_45677,person
user_45678,person
user_45679,person
user_45680,person
user_45681,person
user_45682,person
user_45683,person
user_45684,person
user_45685,person
user_45686,person
user_45687,person
user_45688,person
user_45689,person
user_45690,person
user_45691,person
user_45692,person
user_45693,person
user_45694,person
user_45695,person
user_45696,person
user_45697,person
user_45698,person
user_45699,person
user_45700,person
user_45701,person
user_45702,person
user_45703,person
user_45704,person
user_45705,person
user_45706,person
user_45707,person
user_45708,person
user_45709,person
user_45710,person
user_45711,person
user_45712,person
user_45713,person
user_45714,person
user_45715,person
user_45716,person
user_45717,person
user_45718,person
user_45719,person
user_45720,person
user_45721,person
user_45722,person
user_45723,person
user_45724,person
user_45725,person
user_45726,person
user_45727,person
user_45728,person
user_45729,person
user_45730,person
user_45731,person
user_45732,person
user_45733,person
user_45734,person
user_45735,person
user_45736,person
user_45737,person
user_45738,person
user_45739,person
user_45740,person
user_45741,person
user_45742,person
user_45743,person
user_45744,person
user_45745,person
user_45746,person
user_45747,person
user_45748,person
user_45749,person
user_45750,person
user_45751,person
user_45752,person
user_45753,person
user_45754,person
user_45755,person
user_45756,person
user_45757,person
user_45758,person
user_45759,person
user_45760,person
user_45761,person
user_45762,person
user_45763,person
user_45764,person
user_45765,person
user_45766,person
user_45767,person
user_45768,person
user_45769,person
user_45770,person
user_45771,person
user_45772,person
user_45773,person
user_45774,person
user_45775,person
user_45776,person
user_45777,person
user_45778,person
user_45779,person
user_45780,person
user_45781,person
user_45782,person
user_45783,person
user_45784,person
user_45785,person
user_45786,person
user_45787,person
user_45788,person
user_45789,person
user_45790,person
user_45791,person
user_45792,person
user_45793,person
user_45794,person
user_45795,person
user_45796,person
user_45797,person
user_45798,person
user_45799,person
user_45800,person
user_45801,person
user_45802,person
user_45803,person
user_45804,person
user_45805,person
user_45806,person
user_45807,person
user_45808,person
user_45809,person
user_45810,person
user_45811,person
user_45812,person
user_45813,person
user_45814,person
user_45815,person
user_45816,person
user_45817,person
user_45818,person
user_45819,person
user_45820,person
user_45821,person
user_45822,person
user_45823,person
user_45824,person
user_45825,person
user_45826,person
user_45827,person
user_45828,person
user_45829,person
user_45830,person
user_45831,person
user_45832,person
user_45833,person
user_45834,person
user_45835,person
user_45836,person
user_45837,person
user_45838,person
user_45839,person
user_45840,person
user_45841,person
user_45842,person
user_45843,person
user_45844,person
user_45845,person
user_45846,person
user_45847,person
user_45848,person
user_45849,person
user_45850,person
user_45851,person
user_45852,person
user_45853,person
user_45854,person
user_45855,person
user_45856,person
user_45857,person
user_45858,person
user_45859,person
user_45860,person
user_45861,person
user_45862,person
user_45863,person
user_45864,person
user_45865,person
user_45866,person
user_45867,person
user_45868,person
user_45869,person
user_45870,person
user_45871,person
user_45872,person
user_45873,person
user_45874,person
user_45875,person
user_45876,person
user_45877,person
user_45878,person
user_45879,person
user_45880,person
user_45881,person
user_45882,person
user_45883,person
user_45884,person
user_45885,person
user_45886,person
user_45887,person
user_45888,person
user_45889,person
user_45890,person
user_45891,person
user_45892,person
user_45893,person
user_45894,person
user_45895,person
user_45896,person
user_45897,person
user_45898,person
user_45899,person
user_45900,person
user_45901,person
user_45902,person
user_45903,person
user_45904,person
user_45905,person
user_45906,person
user_45907,person
user_45908,person
user_45909,person
user_45910,person
user_45911,person
user_45912,person
user_45913,person
user_45914,person
user_45915,person
user_45916,person
user_45917,person
user_45918,person
user_45919,person
user_45920,person
user_45921,person
user_45922,person
user_45923,person
user_45924,person
user_45925,person
user_45926,person
user_45927,person
user_45928,person
user_45929,person
user_45930,person
user_45931,person
user_45932,person
user_45933,person
user_45934,person
user_45935,person
user_45936,person
user_45937,person
user_45938,person
user_45939,person
user_45940,person
user_45941,person
user_45942,person
user_45943,person
user_45944,person
user_45945,person
user_45946,person
user_45947,person
user_45948,person
user_45949,person
user_45950,person
user_45951,person
user_45952,person
user_45953,person
user_45954,person
user_45955,person
user_45956,person
user_45957,person
user_45958,person
user_45959,person
user_45960,person
user_45961,person
user_45962,person
user_45963,person
user_45964,person
user_45965,person
user_45966,person
user_45967,person
user_45968,person
user_45969,person
user_45970,person
user_45971,person
user_45972,person
user_45973,person
user_45974,person
user_45975,person
user_45976,person
user_45977,person
user_45978,person
user_45979,person
user_45980,person
user_45981,person
user_45982,person
user_45983,person
user_45984,person
user_45985,person
user_45986,person
user_45987,person
user_45988,person
user_45989,person
user_45990,person
user_45991,person
user_45992,person
user_45993,person
user_45994,person
user_45995,person
user_45996,person
user_45997,person
user_45998,person
user_45999,person
user_46000,person
user_46001,person
user_46002,person
user_46003,person
user_46004,person
user_46005,person
user_46006,person
user_46007,person
user_46008,person
user_46009,person
user_46010,person
user_46011,person
user_46012,person
user_46013,person
user_46014,person
user_46015,person
user_46016,person
user_46017,person
user_46018,person
user_46019,person
user_46020,person
user_46021,person
user_46022,person
user_46023,person
user_46024,person
user_46025,person
user_46026,person
user_46027,person
user_46028,person
user_46029,person
user_46030,person
user_46031,person
user_46032,person
user_46033,person
user_46034,person
user_46035,person
user_46036,person
user_46037,person
user_46038,person
user_46039,person
user_46040,person
user_46041,person
user_46042,person
user_46043,person
user_46044,person
user_46045,person
user_46046,person
user_46047,person
user_46048,person
user_46049,person
user_46050,person
user_46051,person
user_46052,person
user_46053,person
user_46054,person
user_46055,person
user_46056,person
user_46057,person
user_46058,person
user_46059,person
user_46060,person
user_46061,person
user_46062,person
user_46063,person
user_46064,person
user_46065,person
user_46066,person
user_46067,person
user_46068,person
user_46069,person
user_46070,person
user_46071,person
user_46072,person
user_46073,person
user_46074,person
user_46075,person
user_46076,person
user_46077,person
user_46078,person
user_46079,person
user_46080,person
user_46081,person
user_46082,person
user_46083,person
user_46084,person
user_46085,person
user_46086,person
user_46087,person
user_46088,person
user_46089,person
user_46090,person
user_46091,person
user_46092,person
user_46093,person
user_46094,person
user_46095,person
user_46096,person
user_46097,person
user_46098,person
user_46099,person
user_46100,person
user_46101,person
user_46102,person
user_46103,person
user_46104,person
user_46105,person
user_46106,person
user_46107,person
user_46108,person
user_46109,person
user_46110,person
user_46111,person
user_46112,person
user_46113,person
user_46114,person
user_46115,person
user_46116,person
user_46117,person
user_46118,person
user_46119,person
user_46120,person
user_46121,person
user_46122,person
user_46123,person
user_46124,person
user_46125,person
user_46126,person
user_46127,person
user_46128,person
user_46129,person
user_46130,person
user_46131,person
user_46132,person
user_46133,person
user_46134,person
user_46135,person
user_46136,person
user_46137,person
user_46138,person
user_46139,person
user_46140,person
user_46141,person
user_46142,person
user_46143,person
user_46144,person
user_46145,person
user_46146,person
user_46147,person
user_46148,person
user_46149,person
user_46150,person
user_46151,person
user_46152,person
user_46153,person
user_46154,person
user_46155,person
user_46156,person
user_46157,person
user_46158,person
user_46159,person
user_46160,person
user_46161,person
user_46162,person
user_46163,person
user_46164,person
user_46165,person
user_46166,person
user_46167,person
user_46168,person
user_46169,person
user_46170,person
user_46171,person
user_46172,person
user_46173,person
user_46174,person
user_46175,person
user_46176,person
user_46177,person
user_46178,person
user_46179,person
user_46180,person
user_46181,person
user_46182,person
user_46183,person
user_46184,person
user_46185,person
user_46186,person
user_46187,person
user_46188,person
user_46189,person
user_46190,person
user_46191,person
user_46192,person
user_46193,person
user_46194,person
user_46195,person
user_46196,person
user_46197,person
user_46198,person
user_46199,person
user_46200,person
user_46201,person
user_46202,person
user_46203,person
user_46204,person
user_46205,person
user_46206,person
user_46207,person
user_46208,person
user_46209,person
user_46210,person
user_46211,person
user_46212,person
user_46213,person
user_46214,person
user_46215,person
user_46216,person
user_46217,person
user_46218,person
user_46219,person
user_46220,person
user_46221,person
user_46222,person
user_46223,person
user_46224,person
user_46225,person
user_46226,person
user_46227,person
user_46228,person
user_46229,person
user_46230,person
user_46231,person
user_46232,person
user_46233,person
user_46234,person
user_46235,person
user_46236,person
user_46237,person
user_46238,person
user_46239,person
user_46240,person
user_46241,person
user_46242,person
user_46243,person
user_46244,person
user_46245,person
user_46246,person
user_46247,person
user_46248,person
user_46249,person
user_46250,person
user_46251,person
user_46252,person
user_46253,person
user_46254,person
user_46255,person
user_46256,person
user_46257,person
user_46258,person
user_46259,person
user_46260,person
user_46261,person
user_46262,person
user_46263,person
user_46264,person
user_46265,person
user_46266,person
user_46267,person
user_46268,person
user_46269,person
user_46270,person
user_46271,person
user_46272,person
user_46273,person
user_46274,person
user_46275,person
user_46276,person
user_46277,person
user_46278,person
user_46279,person
user_46280,person
user_46281,person
user_46282,person
user_46283,person
user_46284,person
user_46285,person
user_46286,person
user_46287,person
user_46288,person
user_46289,person
user_46290,person
user_46291,person
user_46292,person
user_46293,person
user_46294,person
user_46295,person
user_46296,person
user_46297,person
user_46298,person
user_46299,person
user_46300,person
user_46301,person
user_46302,person
user_46303,person
user_46304,person
user_46305,person
user_46306,person
user_46307,person
user_46308,person
user_46309,person
user_46310,person
user_46311,person
user_46312,person
user_46313,person
user_46314,person
user_46315,person
user_46316,person
user_46317,person
user_46318,person
user_46319,person
user_46320,person
user_46321,person
user_46322,person
user_46323,person
user_46324,person
user_46325,person
user_46326,person
user_46327,person
user_46328,person
user_46329,person
user_46330,person
user_46331,person
user_46332,person
user_46333,person
user_46334,person
user_46335,person
user_46336,person
user_46337,person
user_46338,person
user_46339,person
user_46340,person
user_46341,person
user_46342,person
user_46343,person
user_46344,person
user_46345,person
user_46346,person
user_46347,person
user_46348,person
user_46349,person
user_46350,person
user_46351,person
user_46352,person
user_46353,person
user_46354,person
user_46355,person
user_46356,person
user_46357,person
user_46358,person
user_46359,person
user_46360,person
user_46361,person
user_46362,person
user_46363,person
user_46364,person
user_46365,person
user_46366,person
user_46367,person
user_46368,person
user_46369,person
user_46370,person
user_46371,person
user_46372,person
user_46373,person
user_46374,person
user_46375,person
user_46376,person
user_46377,person
user_46378,person
user_46379,person
user_46380,person
user_46381,person
user_46382,person
user_46383,person
user_46384,person
user_46385,person
user_46386,person
user_46387,person
user_46388,person
user_46389,person
user_46390,person
user_46391,person
user_46392,person
user_46393,person
user_46394,person
user_46395,person
user_46396,person
user_46397,person
user_46398,person
user_46399,person
user_46400,person
user_46401,person
user_46402,person
user_46403,person
user_46404,person
user_46405,person
user_46406,person
user_46407,person
user_46408,person
user_46409,person
user_46410,person
user_46411,person
user_46412,person
user_46413,person
user_46414,person
user_46415,person
user_46416,person
user_46417,person
user_46418,person
user_46419,person
user_46420,person
user_46421,person
user_46422,person
user_46423,person
user_46424,person
user_46425,person
user_46426,person
user_46427,person
user_46428,person
user_46429,person
user_46430,person
user_46431,person
user_46432,person
user_46433,person
user_46434,person
user_46435,person
user_46436,person
user_46437,person
user_46438,person
user_46439,person
user_46440,person
user_46441,person
user_46442,person
user_46443,person
user_46444,person
user_46445,person
user_46446,person
user_46447,person
user_46448,person
user_46449,person
user_46450,person
user_46451,person
user_46452,person
user_46453,person
user_46454,person
user_46455,person
user_46456,person
user_46457,person
user_46458,person
user_46459,person
user_46460,person
user_46461,person
user_46462,person
user_46463,person
user_46464,person
user_46465,person
user_46466,person
user_46467,person
user_46468,person
user_46469,person
user_46470,person
user_46471,person
user_46472,person
user_46473,person
user_46474,person
user_46475,person
user_46476,person
user_46477,person
user_46478,person
user_46479,person
user_46480,person
user_46481,person
user_46482,person
user_46483,person
user_46484,person
user_46485,person
user_46486,person
user_46487,person
user_46488,person
user_46489,person
user_46490,person
user_46491,person
user_46492,person
user_46493,person
user_46494,person
user_46495,person
user_46496,person
user_46497,person
user_46498,person
user_46499,person
user_46500,person
user_46501,person
user_46502,person
user_46503,person
user_46504,person
user_46505,person
user_46506,person
user_46507,person
user_46508,person
user_46509,person
user_46510,person
user_46511,person
user_46512,person
user_46513,person
user_46514,person
user_46515,person
user_46516,person
user_46517,person
user_46518,person
user_46519,person
user_46520,person
user_46521,person
user_46522,person
user_46523,person
user_46524,person
user_46525,person
user_46526,person
user_46527,person
user_46528,person
user_46529,person
user_46530,person
user_46531,person
user_46532,person
user_46533,person
user_46534,person
user_46535,person
user_46536,person
user_46537,person
user_46538,person
user_46539,person
user_46540,person
user_46541,person
user_46542,person
user_46543,person
user_46544,person
user_46545,person
user_46546,person
user_46547,person
user_46548,person
user_46549,person
user_46550,person
user_46551,person
user_46552,person
user_46553,person
user_46554,person
user_46555,person
user_46556,person
user_46557,person
user_46558,person
user_46559,person
user_46560,person
user_46561,person
user_46562,person
user_46563,person
user_46564,person
user_46565,person
user_46566,person
user_46567,person
user_46568,person
user_46569,person
user_46570,person
user_46571,person
user_46572,person
user_46573,person
user_46574,person
user_46575,person
user_46576,person
user_46577,person
user_46578,person
user_46579,person
user_46580,person
user_46581,person
user_46582,person
user_46583,person
user_46584,person
user_46585,person
user_46586,person
user_46587,person
user_46588,person
user_46589,person
user_46590,person
user_46591,person
user_46592,person
user_46593,person
user_46594,person
user_46595,person
user_46596,person
user_46597,person
user_46598,person
user_46599,person
user_46600,person
user_46601,person
user_46602,person
user_46603,person
user_46604,person
user_46605,person
user_46606,person
user_46607,person
user_46608,person
user_46609,person
user_46610,person
user_46611,person
user_46612,person
user_46613,person
user_46614,person
user_46615,person
user_46616,person
user_46617,person
user_46618,person
user_46619,person
user_46620,person
user_46621,person
user_46622,person
user_46623,person
user_46624,person
user_46625,person
user_46626,person
user_46627,person
user_46628,person
user_46629,person
user_46630,person
user_46631,person
user_46632,person
user_46633,person
user_46634,person
user_46635,person
user_46636,person
user_46637,person
user_46638,person
user_46639,person
user_46640,person
user_46641,person
user_46642,person
user_46643,person
user_46644,person
user_46645,person
user_46646,person
user_46647,person
user_46648,person
user_46649,person
user_46650,person
user_46651,person
user_46652,person
user_46653,person
user_46654,person
user_46655,person
user_46656,person
user_46657,person
user_46658,person
user_46659,person
user_46660,person
user_46661,person
user_46662,person
user_46663,person
user_46664,person
user_46665,person
user_46666,person
user_46667,person
user_46668,person
user_46669,person
user_46670,person
user_46671,person
user_46672,person
user_46673,person
user_46674,person
user_46675,person
user_46676,person
user_46677,person
user_46678,person
user_46679,person
user_46680,person
user_46681,person
user_46682,person
user_46683,person
user_46684,person
user_46685,person
user_46686,person
user_46687,person
user_46688,person
user_46689,person
user_46690,person
user_46691,person
user_46692,person
user_46693,person
user_46694,person
user_46695,person
user_46696,person
user_46697,person
user_46698,person
user_46699,person
user_46700,person
user_46701,person
user_46702,person
user_46703,person
user_46704,person
user_46705,person
user_46706,person
user_46707,person
user_46708,person
user_46709,person
user_46710,person
user_46711,person
user_46712,person
user_46713,person
user_46714,person
user_46715,person
user_46716,person
user_46717,person
user_46718,person
user_46719,person
user_46720,person
user_46721,person
user_46722,person
user_46723,person
user_46724,person
user_46725,person
user_46726,person
user_46727,person
user_46728,person
user_46729,person
user_46730,person
user_46731,person
user_46732,person
user_46733,person
user_46734,person
user_46735,person
user_46736,person
user_46737,person
user_46738,person
user_46739,person
user_46740,person
user_46741,person
user_46742,person
user_46743,person
user_46744,person
user_46745,person
user_46746,person
user_46747,person
user_46748,person
user_46749,person
user_46750,person
user_46751,person
user_46752,person
user_46753,person
user_46754,person
user_46755,person
user_46756,person
user_46757,person
user_46758,person
user_46759,person
user_46760,person
user_46761,person
user_46762,person
user_46763,person
user_46764,person
user_46765,person
user_46766,person
user_46767,person
user_46768,person
user_46769,person
user_46770,person
user_46771,person
user_46772,person
user_46773,person
user_46774,person
user_46775,person
user_46776,person
user_46777,person
user_46778,person
user_46779,person
user_46780,person
user_46781,person
user_46782,person
user_46783,person
user_46784,person
user_46785,person
user_46786,person
user_46787,person
user_46788,person
user_46789,person
user_46790,person
user_46791,person
user_46792,person
user_46793,person
user_46794,person
user_46795,person
user_46796,person
user_46797,person
user_46798,person
user_46799,person
user_46800,person
user_46801,person
user_46802,person
user_46803,person
user_46804,person
user_46805,person
user_46806,person
user_46807,person
user_46808,person
user_46809,person
user_46810,person
user_46811,person
user_46812,person
user_46813,person
user_46814,person
user_46815,person
user_46816,person
user_46817,person
user_46818,person
user_46819,person
user_46820,person
user_46821,person
user_46822,person
user_46823,person
user_46824,person
user_46825,person
user_46826,person
user_46827,person
user_46828,person
user_46829,person
user_46830,person
user_46831,person
user_46832,person
user_46833,person
user_46834,person
user_46835,person
user_46836,person
user_46837,person
user_46838,person
user_46839,person
user_46840,person
user_46841,person
user_46842,person
user_46843,person
user_46844,person
user_46845,person
user_46846,person
user_46847,person
user_46848,person
user_46849,person
user_46850,person
user_46851,person
user_46852,person
user_46853,person
user_46854,person
user_46855,person
user_46856,person
user_46857,person
user_46858,person
user_46859,person
user_46860,person
user_46861,person
user_46862,person
user_46863,person
user_46864,person
user_46865,person
user_46866,person
user_46867,person
user_46868,person
user_46869,person
user_46870,person
user_46871,person
user_46872,person
user_46873,person
user_46874,person
user_46875,person
user_46876,person
user_46877,person
user_46878,person
user_46879,person
user_46880,person
user_46881,person
user_46882,person
user_46883,person
user_46884,person
user_46885,person
user_46886,person
user_46887,person
user_46888,person
user_46889,person
user_46890,person
user_46891,person
user_46892,person
user_46893,person
user_46894,person
user_46895,person
user_46896,person
user_46897,person
user_46898,person
user_46899,person
user_46900,person
user_46901,person
user_46902,person
user_46903,person
user_46904,person
user_46905,person
user_46906,person
user_46907,person
user_46908,person
user_46909,person
user_46910,person
user_46911,person
user_46912,person
user_46913,person
user_46914,person
user_46915,person
user_46916,person
user_46917,person
user_46918,person
user_46919,person
user_46920,person
user_46921,person
user_46922,person
user_46923,person
user_46924,person
user_46925,person
user_46926,person
user_46927,person
user_46928,person
user_46929,person
user_46930,person
user_46931,person
user_46932,person
user_46933,person
user_46934,person
user_46935,person
user_46936,person
user_46937,person
user_46938,person
user_46939,person
user_46940,person
user_46941,person
user_46942,person
user_46943,person
user_46944,person
user_46945,person
user_46946,person
user_46947,person
user_46948,person
user_46949,person
user_46950,person
user_46951,person
user_46952,person
user_46953,person
user_46954,person
user_46955,person
user_46956,person
user_46957,person
user_46958,person
user_46959,person
user_46960,person
user_46961,person
user_46962,person
user_46963,person
user_46964,person
user_46965,person
user_46966,person
user_46967,person
user_46968,person
user_46969,person
user_46970,person
user_46971,person
user_46972,person
user_46973,person
user_46974,person
user_46975,person
user_46976,person
user_46977,person
user_46978,person
user_46979,person
user_46980,person
user_46981,person
user_46982,person
user_46983,person
user_46984,person
user_46985,person
user_46986,person
user_46987,person
user_46988,person
user_46989,person
user_46990,person
user_46991,person
user_46992,person
user_46993,person
user_46994,person
user_46995,person
user_46996,person
user_46997,person
user_46998,person
user_46999,person
user_47000,person
user_47001,person
user_47002,person
user_47003,person
user_47004,person
user_47005,person
user_47006,person
user_47007,person
user_47008,person
user_47009,person
user_47010,person
user_47011,person
user_47012,person
user_47013,person
user_47014,person
user_47015,person
user_47016,person
user_47017,person
user_47018,person
user_47019,person
user_47020,person
user_47021,person
user_47022,person
user_47023,person
user_47024,person
user_47025,person
user_47026,person
user_47027,person
user_47028,person
user_47029,person
user_47030,person
user_47031,person
user_47032,person
user_47033,person
user_47034,person
user_47035,person
user_47036,person
user_47037,person
user_47038,person
user_47039,person
user_47040,person
user_47041,person
user_47042,person
user_47043,person
user_47044,person
user_47045,person
user_47046,person
user_47047,person
user_47048,person
user_47049,person
user_47050,person
user_47051,person
user_47052,person
user_47053,person
user_47054,person
user_47055,person
user_47056,person
user_47057,person
user_47058,person
user_47059,person
user_47060,person
user_47061,person
user_47062,person
user_47063,person
user_47064,person
user_47065,person
user_47066,person
user_47067,person
user_47068,person
user_47069,person
user_47070,person
user_47071,person
user_47072,person
user_47073,person
user_47074,person
user_47075,person
user_47076,person
user_47077,person
user_47078,person
user_47079,person
user_47080,person
user_47081,person
user_47082,person
user_47083,person
user_47084,person
user_47085,person
user_47086,person
user_47087,person
user_47088,person
user_47089,person
user_47090,person
user_47091,person
user_47092,person
user_47093,person
user_47094,person
user_47095,person
user_47096,person
user_47097,person
user_47098,person
user_47099,person
user_47100,person
user_47101,person
user_47102,person
user_47103,person
user_47104,person
user_47105,person
user_47106,person
user_47107,person
user_47108,person
user_47109,person
user_47110,person
user_47111,person
user_47112,person
user_47113,person
user_47114,person
user_47115,person
user_47116,person
user_47117,person
user_47118,person
user_47119,person
user_47120,person
user_47121,person
user_47122,person
user_47123,person
user_47124,person
user_47125,person
user_47126,person
user_47127,person
user_47128,person
user_47129,person
user_47130,person
user_47131,person
user_47132,person
user_47133,person
user_47134,person
user_47135,person
user_47136,person
user_47137,person
user_47138,person
user_47139,person
user_47140,person
user_47141,person
user_47142,person
user_47143,person
user_47144,person
user_47145,person
user_47146,person
user_47147,person
user_47148,person
user_47149,person
user_47150,person
user_47151,person
user_47152,person
user_47153,person
user_47154,person
user_47155,person
user_47156,person
user_47157,person
user_47158,person
user_47159,person
user_47160,person
user_47161,person
user_47162,person
user_47163,person
user_47164,person
user_47165,person
user_47166,person
user_47167,person
user_47168,person
user_47169,person
user_47170,person
user_47171,person
user_47172,person
user_47173,person
user_47174,person
user_47175,person
user_47176,person
user_47177,person
user_47178,person
user_47179,person
user_47180,person
user_47181,person
user_47182,person
user_47183,person
user_47184,person
user_47185,person
user_47186,person
user_47187,person
user_47188,person
user_47189,person
user_47190,person
user_47191,person
user_47192,person
user_47193,person
user_47194,person
user_47195,person
user_47196,person
user_47197,person
user_47198,person
user_47199,person
user_47200,person
user_47201,person
user_47202,person
user_47203,person
user_47204,person
user_47205,person
user_47206,person
user_47207,person
user_47208,person
user_47209,person
user_47210,person
user_47211,person
user_47212,person
user_47213,person
user_47214,person
user_47215,person
user_47216,person
user_47217,person
user_47218,person
user_47219,person
user_47220,person
user_47221,person
user_47222,person
user_47223,person
user_47224,person
user_47225,person
user_47226,person
user_47227,person
user_47228,person
user_47229,person
user_47230,person
user_47231,person
user_47232,person
user_47233,person
user_47234,person
user_47235,person
user_47236,person
user_47237,person
user_47238,person
user_47239,person
user_47240,person
user_47241,person
user_47242,person
user_47243,person
user_47244,person
user_47245,person
user_47246,person
user_47247,person
user_47248,person
user_47249,person
user_47250,person
user_47251,person
user_47252,person
user_47253,person
user_47254,person
user_47255,person
user_47256,person
user_47257,person
user_47258,person
user_47259,person
user_47260,person
user_47261,person
user_47262,person
user_47263,person
user_47264,person
user_47265,person
user_47266,person
user_47267,person
user_47268,person
user_47269,person
user_47270,person
user_47271,person
user_47272,person
user_47273,person
user_47274,person
user_47275,person
user_47276,person
user_47277,person
user_47278,person
user_47279,person
user_47280,person
user_47281,person
user_47282,person
user_47283,person
user_47284,person
user_47285,person
user_47286,person
user_47287,person
user_47288,person
user_47289,person
user_47290,person
user_47291,person
user_47292,person
user_47293,person
user_47294,person
user_47295,person
user_47296,person
user_47297,person
user_47298,person
user_47299,person
user_47300,person
user_47301,person
user_47302,person
user_47303,person
user_47304,person
user_47305,person
user_47306,person
user_47307,person
user_47308,person
user_47309,person
user_47310,person
user_47311,person
user_47312,person
user_47313,person
user_47314,person
user_47315,person
user_47316,person
user_47317,person
user_47318,person
user_47319,person
user_47320,person
user_47321,person
user_47322,person
user_47323,person
user_47324,person
user_47325,person
user_47326,person
user_47327,person
user_47328,person
user_47329,person
user_47330,person
user_47331,person
user_47332,person
user_47333,person
user_47334,person
user_47335,person
user_47336,person
user_47337,person
user_47338,person
user_47339,person
user_47340,person
user_47341,person
user_47342,person
user_47343,person
user_47344,person
user_47345,person
user_47346,person
user_47347,person
user_47348,person
user_47349,person
user_47350,person
user_47351,person
user_47352,person
user_47353,person
user_47354,person
user_47355,person
user_47356,person
user_47357,person
user_47358,person
user_47359,person
user_47360,person
user_47361,person
user_47362,person
user_47363,person
user_47364,person
user_47365,person
user_47366,person
user_47367,person
user_47368,person
user_47369,person
user_47370,person
user_47371,person
user_47372,person
user_47373,person
user_47374,person
user_47375,person
user_47376,person
user_47377,person
user_47378,person
user_47379,person
user_47380,person
user_47381,person
user_47382,person
user_47383,person
user_47384,person
user_47385,person
user_47386,person
user_47387,person
user_47388,person
user_47389,person
user_47390,person
user_47391,person
user_47392,person
user_47393,person
user_47394,person
user_47395,person
user_47396,person
user_47397,person
user_47398,person
user_47399,person
user_47400,person
user_47401,person
user_47402,person
user_47403,person
user_47404,person
user_47405,person
user_47406,person
user_47407,person
user_47408,person
user_47409,person
user_47410,person
user_47411,person
user_47412,person
user_47413,person
user_47414,person
user_47415,person
user_47416,person
user_47417,person
user_47418,person
user_47419,person
user_47420,person
user_47421,person
user_47422,person
user_47423,person
user_47424,person
user_47425,person
user_47426,person
user_47427,person
user_47428,person
user_47429,person
user_47430,person
user_47431,person
user_47432,person
user_47433,person
user_47434,person
user_47435,person
user_47436,person
user_47437,person
user_47438,person
user_47439,person
user_47440,person
user_47441,person
user_47442,person
user_47443,person
user_47444,person
user_47445,person
user_47446,person
user_47447,person
user_47448,person
user_47449,person
user_47450,person
user_47451,person
user_47452,person
user_47453,person
user_47454,person
user_47455,person
user_47456,person
user_47457,person
user_47458,person
user_47459,person
user_47460,person
user_47461,person
user_47462,person
user_47463,person
user_47464,person
user_47465,person
user_47466,person
user_47467,person
user_47468,person
user_47469,person
user_47470,person
user_47471,person
user_47472,person
user_47473,person
user_47474,person
user_47475,person
user_47476,person
user_47477,person
user_47478,person
user_47479,person
user_47480,person
user_47481,person
user_47482,person
user_47483,person
user_47484,person
user_47485,person
user_47486,person
user_47487,person
user_47488,person
user_47489,person
user_47490,person
user_47491,person
user_47492,person
user_47493,person
user_47494,person
user_47495,person
user_47496,person
user_47497,person
user_47498,person
user_47499,person
user_47500,person
user_47501,person
user_47502,person
user_47503,person
user_47504,person
user_47505,person
user_47506,person
user_47507,person
user_47508,person
user_47509,person
user_47510,person
user_47511,person
user_47512,person
user_47513,person
user_47514,person
user_47515,person
user_47516,person
user_47517,person
user_47518,person
user_47519,person
user_47520,person
user_47521,person
user_47522,person
user_47523,person
user_47524,person
user_47525,person
user_47526,person
user_47527,person
user_47528,person
user_47529,person
user_47530,person
user_47531,person
user_47532,person
user_47533,person
user_47534,person
user_47535,person
user_47536,person
user_47537,person
user_47538,person
user_47539,person
user_47540,person
user_47541,person
user_47542,person
user_47543,person
user_47544,person
user_47545,person
user_47546,person
user_47547,person
user_47548,person
user_47549,person
user_47550,person
user_47551,person
user_47552,person
user_47553,person
user_47554,person
user_47555,person
user_47556,person
user_47557,person
user_47558,person
user_47559,person
user_47560,person
user_47561,person
user_47562,person
user_47563,person
user_47564,person
user_47565,person
user_47566,person
user_47567,person
user_47568,person
user_47569,person
user_47570,person
user_47571,person
user_47572,person
user_47573,person
user_47574,person
user_47575,person
user_47576,person
user_47577,person
user_47578,person
user_47579,person
user_47580,person
user_47581,person
user_47582,person
user_47583,person
user_47584,person
user_47585,person
user_47586,person
user_47587,person
user_47588,person
user_47589,person
user_47590,person
user_47591,person
user_47592,person
user_47593,person
user_47594,person
user_47595,person
user_47596,person
user_47597,person
user_47598,person
user_47599,person
user_47600,person
user_47601,person
user_47602,person
user_47603,person
user_47604,person
user_47605,person
user_47606,person
user_47607,person
user_47608,person
user_47609,person
user_47610,person
user_47611,person
user_47612,person
user_47613,person
user_47614,person
user_47615,person
user_47616,person
user_47617,person
user_47618,person
user_47619,person
user_47620,person
user_47621,person
user_47622,person
user_47623,person
user_47624,person
user_47625,person
user_47626,person
user_47627,person
user_47628,person
user_47629,person
user_47630,person
user_47631,person
user_47632,person
user_47633,person
user_47634,person
user_47635,person
user_47636,person
user_47637,person
user_47638,person
user_47639,person
user_47640,person
user_47641,person
user_47642,person
user_47643,person
user_47644,person
user_47645,person
user_47646,person
user_47647,person
user_47648,person
user_47649,person
user_47650,person
user_47651,person
user_47652,person
user_47653,person
user_47654,person
user_47655,person
user_47656,person
user_47657,person
user_47658,person
user_47659,person
user_47660,person
user_47661,person
user_47662,person
user_47663,person
user_47664,person
user_47665,person
user_47666,person
user_47667,person
user_47668,person
user_47669,person
user_47670,person
user_47671,person
user_47672,person
user_47673,person
user_47674,person
user_47675,person
user_47676,person
user_47677,person
user_47678,person
user_47679,person
user_47680,person
user_47681,person
user_47682,person
user_47683,person
user_47684,person
user_47685,person
user_47686,person
user_47687,person
user_47688,person
user_47689,person
user_47690,person
user_47691,person
user_47692,person
user_47693,person
user_47694,person
user_47695,person
user_47696,person
user_47697,person
user_47698,person
user_47699,person
user_47700,person
user_47701,person
user_47702,person
user_47703,person
user_47704,person
user_47705,person
user_47706,person
user_47707,person
user_47708,person
user_47709,person
user_47710,person
user_47711,person
user_47712,person
user_47713,person
user_47714,person
user_47715,person
user_47716,person
user_47717,person
user_47718,person
user_47719,person
user_47720,person
user_47721,person
user_47722,person
user_47723,person
user_47724,person
user_47725,person
user_47726,person
user_47727,person
user_47728,person
user_47729,person
user_47730,person
user_47731,person
user_47732,person
user_47733,person
user_47734,person
user_47735,person
user_47736,person
user_47737,person
user_47738,person
user_47739,person
user_47740,person
user_47741,person
user_47742,person
user_47743,person
user_47744,person
user_47745,person
user_47746,person
user_47747,person
user_47748,person
user_47749,person
user_47750,person
user_47751,person
user_47752,person
user_47753,person
user_47754,person
user_47755,person
user_47756,person
user_47757,person
user_47758,person
user_47759,person
user_47760,person
user_47761,person
user_47762,person
user_47763,person
user_47764,person
user_47765,person
user_47766,person
user_47767,person
user_47768,person
user_47769,person
user_47770,person
user_47771,person
user_47772,person
user_47773,person
user_47774,person
user_47775,person
user_47776,person
user_47777,person
user_47778,person
user_47779,person
user_47780,person
user_47781,person
user_47782,person
user_47783,person
user_47784,person
user_47785,person
user_47786,person
user_47787,person
user_47788,person
user_47789,person
user_47790,person
user_47791,person
user_47792,person
user_47793,person
user_47794,person
user_47795,person
user_47796,person
user_47797,person
user_47798,person
user_47799,person
user_47800,person
user_47801,person
user_47802,person
user_47803,person
user_47804,person
user_47805,person
user_47806,person
user_47807,person
user_47808,person
user_47809,person
user_47810,person
user_47811,person
user_47812,person
user_47813,person
user_47814,person
user_47815,person
user_47816,person
user_47817,person
user_47818,person
user_47819,person
user_47820,person
user_47821,person
user_47822,person
user_47823,person
user_47824,person
user_47825,person
user_47826,person
user_47827,person
user_47828,person
user_47829,person
user_47830,person
user_47831,person
user_47832,person
user_47833,person
user_47834,person
user_47835,person
user_47836,person
user_47837,person
user_47838,person
user_47839,person
user_47840,person
user_47841,person
user_47842,person
user_47843,person
user_47844,person
user_47845,person
user_47846,person
user_47847,person
user_47848,person
user_47849,person
user_47850,person
user_47851,person
user_47852,person
user_47853,person
user_47854,person
user_47855,person
user_47856,person
user_47857,person
user_47858,person
user_47859,person
user_47860,person
user_47861,person
user_47862,person
user_47863,person
user_47864,person
user_47865,person
user_47866,person
user_47867,person
user_47868,person
user_47869,person
user_47870,person
user_47871,person
user_47872,person
user_47873,person
user_47874,person
user_47875,person
user_47876,person
user_47877,person
user_47878,person
user_47879,person
user_47880,person
user_47881,person
user_47882,person
user_47883,person
user_47884,person
user_47885,person
user_47886,person
user_47887,person
user_47888,person
user_47889,person
user_47890,person
user_47891,person
user_47892,person
user_47893,person
user_47894,person
user_47895,person
user_47896,person
user_47897,person
user_47898,person
user_47899,person
user_47900,person
user_47901,person
user_47902,person
user_47903,person
user_47904,person
user_47905,person
user_47906,person
user_47907,person
user_47908,person
user_47909,person
user_47910,person
user_47911,person
user_47912,person
user_47913,person
user_47914,person
user_47915,person
user_47916,person
user_47917,person
user_47918,person
user_47919,person
user_47920,person
user_47921,person
user_47922,person
user_47923,person
user_47924,person
user_47925,person
user_47926,person
user_47927,person
user_47928,person
user_47929,person
user_47930,person
user_47931,person
user_47932,person
user_47933,person
user_47934,person
user_47935,person
user_47936,person
user_47937,person
user_47938,person
user_47939,person
user_47940,person
user_47941,person
user_47942,person
user_47943,person
user_47944,person
user_47945,person
user_47946,person
user_47947,person
user_47948,person
user_47949,person
user_47950,person
user_47951,person
user_47952,person
user_47953,person
user_47954,person
user_47955,person
user_47956,person
user_47957,person
user_47958,person
user_47959,person
user_47960,person
user_47961,person
user_47962,person
user_47963,person
user_47964,person
user_47965,person
user_47966,person
user_47967,person
user_47968,person
user_47969,person
user_47970,person
user_47971,person
user_47972,person
user_47973,person
user_47974,person
user_47975,person
user_47976,person
user_47977,person
user_47978,person
user_47979,person
user_47980,person
user_47981,person
user_47982,person
user_47983,person
user_47984,person
user_47985,person
user_47986,person
user_47987,person
user_47988,person
user_47989,person
user_47990,person
user_47991,person
user_47992,person
user_47993,person
user_47994,person
user_47995,person
user_47996,person
user_47997,person
user_47998,person
user_47999,person
user_48000,person
user_48001,person
user_48002,person
user_48003,person
user_48004,person
user_48005,person
user_48006,person
user_48007,person
user_48008,person
user_48009,person
user_48010,person
user_48011,person
user_48012,person
user_48013,person
user_48014,person
user_48015,person
user_48016,person
user_48017,person
user_48018,person
user_48019,person
user_48020,person
user_48021,person
user_48022,person
user_48023,person
user_48024,person
user_48025,person
user_48026,person
user_48027,person
user_48028,person
user_48029,person
user_48030,person
user_48031,person
user_48032,person
user_48033,person
user_48034,person
user_48035,person
user_48036,person
user_48037,person
user_48038,person
user_48039,person
user_48040,person
user_48041,person
user_48042,person
user_48043,person
user_48044,person
user_48045,person
user_48046,person
user_48047,person
user_48048,person
user_48049,person
user_48050,person
user_48051,person
user_48052,person
user_48053,person
user_48054,person
user_48055,person
user_48056,person
user_48057,person
user_48058,person
user_48059,person
user_48060,person
user_48061,person
user_48062,person
user_48063,person
user_48064,person
user_48065,person
user_48066,person
user_48067,person
user_48068,person
user_48069,person
user_48070,person
user_48071,person
user_48072,person
user_48073,person
user_48074,person
user_48075,person
user_48076,person
user_48077,person
user_48078,person
user_48079,person
user_48080,person
user_48081,person
user_48082,person
user_48083,person
user_48084,person
user_48085,person
user_48086,person
user_48087,person
user_48088,person
user_48089,person
user_48090,person
user_48091,person
user_48092,person
user_48093,person
user_48094,person
user_48095,person
user_48096,person
user_48097,person
user_48098,person
user_48099,person
user_48100,person
user_48101,person
user_48102,person
user_48103,person
user_48104,person
user_48105,person
user_48106,person
user_48107,person
user_48108,person
user_48109,person
user_48110,person
user_48111,person
user_48112,person
user_48113,person
user_48114,person
user_48115,person
user_48116,person
user_48117,person
user_48118,person
user_48119,person
user_48120,person
user_48121,person
user_48122,person
user_48123,person
user_48124,person
user_48125,person
user_48126,person
user_48127,person
user_48128,person
user_48129,person
user_48130,person
user_48131,person
user_48132,person
user_48133,person
user_48134,person
user_48135,person
user_48136,person
user_48137,person
user_48138,person
user_48139,person
user_48140,person
user_48141,person
user_48142,person
user_48143,person
user_48144,person
user_48145,person
user_48146,person
user_48147,person
user_48148,person
user_48149,person
user_48150,person
user_48151,person
user_48152,person
user_48153,person
user_48154,person
user_48155,person
user_48156,person
user_48157,person
user_48158,person
user_48159,person
user_48160,person
user_48161,person
user_48162,person
user_48163,person
user_48164,person
user_48165,person
user_48166,person
user_48167,person
user_48168,person
user_48169,person
user_48170,person
user_48171,person
user_48172,person
user_48173,person
user_48174,person
user_48175,person
user_48176,person
user_48177,person
user_48178,person
user_48179,person
user_48180,person
user_48181,person
user_48182,person
user_48183,person
user_48184,person
user_48185,person
user_48186,person
user_48187,person
user_48188,person
user_48189,person
user_48190,person
user_48191,person
user_48192,person
user_48193,person
user_48194,person
user_48195,person
user_48196,person
user_48197,person
user_48198,person
user_48199,person
user_48200,person
user_48201,person
user_48202,person
user_48203,person
user_48204,person
user_48205,person
user_48206,person
user_48207,person
user_48208,person
user_48209,person
user_48210,person
user_48211,person
user_48212,person
user_48213,person
user_48214,person
user_48215,person
user_48216,person
user_48217,person
user_48218,person
user_48219,person
user_48220,person
user_48221,person
user_48222,person
user_48223,person
user_48224,person
user_48225,person
user_48226,person
user_48227,person
user_48228,person
user_48229,person
user_48230,person
user_48231,person
user_48232,person
user_48233,person
user_48234,person
user_48235,person
user_48236,person
user_48237,person
user_48238,person
user_48239,person
user_48240,person
user_48241,person
user_48242,person
user_48243,person
user_48244,person
user_48245,person
user_48246,person
user_48247,person
user_48248,person
user_48249,person
user_48250,person
user_48251,person
user_48252,person
user_48253,person
user_48254,person
user_48255,person
user_48256,person
user_48257,person
user_48258,person
user_48259,person
user_48260,person
user_48261,person
user_48262,person
user_48263,person
user_48264,person
user_48265,person
user_48266,person
user_48267,person
user_48268,person
user_48269,person
user_48270,person
user_48271,person
user_48272,person
user_48273,person
user_48274,person
user_48275,person
user_48276,person
user_48277,person
user_48278,person
user_48279,person
user_48280,person
user_48281,person
user_48282,person
user_48283,person
user_48284,person
user_48285,person
user_48286,person
user_48287,person
user_48288,person
user_48289,person
user_48290,person
user_48291,person
user_48292,person
user_48293,person
user_48294,person
user_48295,person
user_48296,person
user_48297,person
user_48298,person
user_48299,person
user_48300,person
user_48301,person
user_48302,person
user_48303,person
user_48304,person
user_48305,person
user_48306,person
user_48307,person
user_48308,person
user_48309,person
user_48310,person
user_48311,person
user_48312,person
user_48313,person
user_48314,person
user_48315,person
user_48316,person
user_48317,person
user_48318,person
user_48319,person
user_48320,person
user_48321,person
user_48322,person
user_48323,person
user_48324,person
user_48325,person
user_48326,person
user_48327,person
user_48328,person
user_48329,person
user_48330,person
user_48331,person
user_48332,person
user_48333,person
user_48334,person
user_48335,person
user_48336,person
user_48337,person
user_48338,person
user_48339,person
user_48340,person
user_48341,person
user_48342,person
user_48343,person
user_48344,person
user_48345,person
user_48346,person
user_48347,person
user_48348,person
user_48349,person
user_48350,person
user_48351,person
user_48352,person
user_48353,person
user_48354,person
user_48355,person
user_48356,person
user_48357,person
user_48358,person
user_48359,person
user_48360,person
user_48361,person
user_48362,person
user_48363,person
user_48364,person
user_48365,person
user_48366,person
user_48367,person
user_48368,person
user_48369,person
user_48370,person
user_48371,person
user_48372,person
user_48373,person
user_48374,person
user_48375,person
user_48376,person
user_48377,person
user_48378,person
user_48379,person
user_48380,person
user_48381,person
user_48382,person
user_48383,person
user_48384,person
user_48385,person
user_48386,person
user_48387,person
user_48388,person
user_48389,person
user_48390,person
user_48391,person
user_48392,person
user_48393,person
user_48394,person
user_48395,person
user_48396,person
user_48397,person
user_48398,person
user_48399,person
user_48400,person
user_48401,person
user_48402,person
user_48403,person
user_48404,person
user_48405,person
user_48406,person
user_48407,person
user_48408,person
user_48409,person
user_48410,person
user_48411,person
user_48412,person
user_48413,person
user_48414,person
user_48415,person
user_48416,person
user_48417,person
user_48418,person
user_48419,person
user_48420,person
user_48421,person
user_48422,person
user_48423,person
user_48424,person
user_48425,person
user_48426,person
user_48427,person
user_48428,person
user_48429,person
user_48430,person
user_48431,person
user_48432,person
user_48433,person
user_48434,person
user_48435,person
user_48436,person
user_48437,person
user_48438,person
user_48439,person
user_48440,person
user_48441,person
user_48442,person
user_48443,person
user_48444,person
user_48445,person
user_48446,person
user_48447,person
user_48448,person
user_48449,person
user_48450,person
user_48451,person
user_48452,person
user_48453,person
user_48454,person
user_48455,person
user_48456,person
user_48457,person
user_48458,person
user_48459,person
user_48460,person
user_48461,person
user_48462,person
user_48463,person
user_48464,person
user_48465,person
user_48466,person
user_48467,person
user_48468,person
user_48469,person
user_48470,person
user_48471,person
user_48472,person
user_48473,person
user_48474,person
user_48475,person
user_48476,person
user_48477,person
user_48478,person
user_48479,person
user_48480,person
user_48481,person
user_48482,person
user_48483,person
user_48484,person
user_48485,person
user_48486,person
user_48487,person
user_48488,person
user_48489,person
user_48490,person
user_48491,person
user_48492,person
user_48493,person
user_48494,person
user_48495,person
user_48496,person
user_48497,person
user_48498,person
user_48499,person
user_48500,person
user_48501,person
user_48502,person
user_48503,person
user_48504,person
user_48505,person
user_48506,person
user_48507,person
user_48508,person
user_48509,person
user_48510,person
user_48511,person
user_48512,person
user_48513,person
user_48514,person
user_48515,person
user_48516,person
user_48517,person
user_48518,person
user_48519,person
user_48520,person
user_48521,person
user_48522,person
user_48523,person
user_48524,person
user_48525,person
user_48526,person
user_48527,person
user_48528,person
user_48529,person
user_48530,person
user_48531,person
user_48532,person
user_48533,person
user_48534,person
user_48535,person
user_48536,person
user_48537,person
user_48538,person
user_48539,person
user_48540,person
user_48541,person
user_48542,person
user_48543,person
user_48544,person
user_48545,person
user_48546,person
user_48547,person
user_48548,person
user_48549,person
user_48550,person
user_48551,person
user_48552,person
user_48553,person
user_48554,person
user_48555,person
user_48556,person
user_48557,person
user_48558,person
user_48559,person
user_48560,person
user_48561,person
user_48562,person
user_48563,person
user_48564,person
user_48565,person
user_48566,person
user_48567,person
user_48568,person
user_48569,person
user_48570,person
user_48571,person
user_48572,person
user_48573,person
user_48574,person
user_48575,person
user_48576,person
user_48577,person
user_48578,person
user_48579,person
user_48580,person
user_48581,person
user_48582,person
user_48583,person
user_48584,person
user_48585,person
user_48586,person
user_48587,person
user_48588,person
user_48589,person
user_48590,person
user_48591,person
user_48592,person
user_48593,person
user_48594,person
user_48595,person
user_48596,person
user_48597,person
user_48598,person
user_48599,person
user_48600,person
user_48601,person
user_48602,person
user_48603,person
user_48604,person
user_48605,person
user_48606,person
user_48607,person
user_48608,person
user_48609,person
user_48610,person
user_48611,person
user_48612,person
user_48613,person
user_48614,person
user_48615,person
user_48616,person
user_48617,person
user_48618,person
user_48619,person
user_48620,person
user_48621,person
user_48622,person
user_48623,person
user_48624,person
user_48625,person
user_48626,person
user_48627,person
user_48628,person
user_48629,person
user_48630,person
user_48631,person
user_48632,person
user_48633,person
user_48634,person
user_48635,person
user_48636,person
user_48637,person
user_48638,person
user_48639,person
user_48640,person
user_48641,person
user_48642,person
user_48643,person
user_48644,person
user_48645,person
user_48646,person
user_48647,person
user_48648,person
user_48649,person
user_48650,person
user_48651,person
user_48652,person
user_48653,person
user_48654,person
user_48655,person
user_48656,person
user_48657,person
user_48658,person
user_48659,person
user_48660,person
user_48661,person
user_48662,person
user_48663,person
user_48664,person
user_48665,person
user_48666,person
user_48667,person
user_48668,person
user_48669,person
user_48670,person
user_48671,person
user_48672,person
user_48673,person
user_48674,person
user_48675,person
user_48676,person
user_48677,person
user_48678,person
user_48679,person
user_48680,person
user_48681,person
user_48682,person
user_48683,person
user_48684,person
user_48685,person
user_48686,person
user_48687,person
user_48688,person
user_48689,person
user_48690,person
user_48691,person
user_48692,person
user_48693,person
user_48694,person
user_48695,person
user_48696,person
user_48697,person
user_48698,person
user_48699,person
user_48700,person
user_48701,person
user_48702,person
user_48703,person
user_48704,person
user_48705,person
user_48706,person
user_48707,person
user_48708,person
user_48709,person
user_48710,person
user_48711,person
user_48712,person
user_48713,person
user_48714,person
user_48715,person
user_48716,person
user_48717,person
user_48718,person
user_48719,person
user_48720,person
user_48721,person
user_48722,person
user_48723,person
user_48724,person
user_48725,person
user_48726,person
user_48727,person
user_48728,person
user_48729,person
user_48730,person
user_48731,person
user_48732,person
user_48733,person
user_48734,person
user_48735,person
user_48736,person
user_48737,person
user_48738,person
user_48739,person
user_48740,person
user_48741,person
user_48742,person
user_48743,person
user_48744,person
user_48745,person
user_48746,person
user_48747,person
user_48748,person
user_48749,person
user_48750,person
user_48751,person
user_48752,person
user_48753,person
user_48754,person
user_48755,person
user_48756,person
user_48757,person
user_48758,person
user_48759,person
user_48760,person
user_48761,person
user_48762,person
user_48763,person
user_48764,person
user_48765,person
user_48766,person
user_48767,person
user_48768,person
user_48769,person
user_48770,person
user_48771,person
user_48772,person
user_48773,person
user_48774,person
user_48775,person
user_48776,person
user_48777,person
user_48778,person
user_48779,person
user_48780,person
user_48781,person
user_48782,person
user_48783,person
user_48784,person
user_48785,person
user_48786,person
user_48787,person
user_48788,person
user_48789,person
user_48790,person
user_48791,person
user_48792,person
user_48793,person
user_48794,person
user_48795,person
user_48796,person
user_48797,person
user_48798,person
user_48799,person
user_48800,person
user_48801,person
user_48802,person
user_48803,person
user_48804,person
user_48805,person
user_48806,person
user_48807,person
user_48808,person
user_48809,person
user_48810,person
user_48811,person
user_48812,person
user_48813,person
user_48814,person
user_48815,person
user_48816,person
user_48817,person
user_48818,person
user_48819,person
user_48820,person
user_48821,person
user_48822,person
user_48823,person
user_48824,person
user_48825,person
user_48826,person
user_48827,person
user_48828,person
user_48829,person
user_48830,person
user_48831,person
user_48832,person
user_48833,person
user_48834,person
user_48835,person
user_48836,person
user_48837,person
user_48838,person
user_48839,person
user_48840,person
user_48841,person
user_48842,person
user_48843,person
user_48844,person
user_48845,person
user_48846,person
user_48847,person
user_48848,person
user_48849,person
user_48850,person
user_48851,person
user_48852,person
user_48853,person
user_48854,person
user_48855,person
user_48856,person
user_48857,person
user_48858,person
user_48859,person
user_48860,person
user_48861,person
user_48862,person
user_48863,person
user_48864,person
user_48865,person
user_48866,person
user_48867,person
user_48868,person
user_48869,person
user_48870,person
user_48871,person
user_48872,person
user_48873,person
user_48874,person
user_48875,person
user_48876,person
user_48877,person
user_48878,person
user_48879,person
user_48880,person
user_48881,person
user_48882,person
user_48883,person
user_48884,person
user_48885,person
user_48886,person
user_48887,person
user_48888,person
user_48889,person
user_48890,person
user_48891,person
user_48892,person
user_48893,person
user_48894,person
user_48895,person
user_48896,person
user_48897,person
user_48898,person
user_48899,person
user_48900,person
user_48901,person
user_48902,person
user_48903,person
user_48904,person
user_48905,person
user_48906,person
user_48907,person
user_48908,person
user_48909,person
user_48910,person
user_48911,person
user_48912,person
user_48913,person
user_48914,person
user_48915,person
user_48916,person
user_48917,person
user_48918,person
user_48919,person
user_48920,person
user_48921,person
user_48922,person
user_48923,person
user_48924,person
user_48925,person
user_48926,person
user_48927,person
user_48928,person
user_48929,person
user_48930,person
user_48931,person
user_48932,person
user_48933,person
user_48934,person
user_48935,person
user_48936,person
user_48937,person
user_48938,person
user_48939,person
user_48940,person
user_48941,person
user_48942,person
user_48943,person
user_48944,person
user_48945,person
user_48946,person
user_48947,person
user_48948,person
user_48949,person
user_48950,person
user_48951,person
user_48952,person
user_48953,person
user_48954,person
user_48955,person
user_48956,person
user_48957,person
user_48958,person
user_48959,person
user_48960,person
user_48961,person
user_48962,person
user_48963,person
user_48964,person
user_48965,person
user_48966,person
user_48967,person
user_48968,person
user_48969,person
user_48970,person
user_48971,person
user_48972,person
user_48973,person
user_48974,person
user_48975,person
user_48976,person
user_48977,person
user_48978,person
user_48979,person
user_48980,person
user_48981,person
user_48982,person
user_48983,person
user_48984,person
user_48985,person
user_48986,person
user_48987,person
user_48988,person
user_48989,person
user_48990,person
user_48991,person
user_48992,person
user_48993,person
user_48994,person
user_48995,person
user_48996,person
user_48997,person
user_48998,person
user_48999,person
user_49000,person
user_49001,person
user_49002,person
user_49003,person
user_49004,person
user_49005,person
user_49006,person
user_49007,person
user_49008,person
user_49009,person
user_49010,person
user_49011,person
user_49012,person
user_49013,person
user_49014,person
user_49015,person
user_49016,person
user_49017,person
user_49018,person
user_49019,person
user_49020,person
user_49021,person
user_49022,person
user_49023,person
user_49024,person
user_49025,person
user_49026,person
user_49027,person
user_49028,person
user_49029,person
user_49030,person
user_49031,person
user_49032,person
user_49033,person
user_49034,person
user_49035,person
user_49036,person
user_49037,person
user_49038,person
user_49039,person
user_49040,person
user_49041,person
user_49042,person
user_49043,person
user_49044,person
user_49045,person
user_49046,person
user_49047,person
user_49048,person
user_49049,person
user_49050,person
user_49051,person
user_49052,person
user_49053,person
user_49054,person
user_49055,person
user_49056,person
user_49057,person
user_49058,person
user_49059,person
user_49060,person
user_49061,person
user_49062,person
user_49063,person
user_49064,person
user_49065,person
user_49066,person
user_49067,person
user_49068,person
user_49069,person
user_49070,person
user_49071,person
user_49072,person
user_49073,person
user_49074,person
user_49075,person
user_49076,person
user_49077,person
user_49078,person
user_49079,person
user_49080,person
user_49081,person
user_49082,person
user_49083,person
user_49084,person
user_49085,person
user_49086,person
user_49087,person
user_49088,person
user_49089,person
user_49090,person
user_49091,person
user_49092,person
user_49093,person
user_49094,person
user_49095,person
user_49096,person
user_49097,person
user_49098,person
user_49099,person
user_49100,person
user_49101,person
user_49102,person
user_49103,person
user_49104,person
user_49105,person
user_49106,person
user_49107,person
user_49108,person
user_49109,person
user_49110,person
user_49111,person
user_49112,person
user_49113,person
user_49114,person
user_49115,person
user_49116,person
user_49117,person
user_49118,person
user_49119,person
user_49120,person
user_49121,person
user_49122,person
user_49123,person
user_49124,person
user_49125,person
user_49126,person
user_49127,person
user_49128,person
user_49129,person
user_49130,person
user_49131,person
user_49132,person
user_49133,person
user_49134,person
user_49135,person
user_49136,person
user_49137,person
user_49138,person
user_49139,person
user_49140,person
user_49141,person
user_49142,person
user_49143,person
user_49144,person
user_49145,person
user_49146,person
user_49147,person
user_49148,person
user_49149,person
user_49150,person
user_49151,person
user_49152,person
user_49153,person
user_49154,person
user_49155,person
user_49156,person
user_49157,person
user_49158,person
user_49159,person
user_49160,person
user_49161,person
user_49162,person
user_49163,person
user_49164,person
user_49165,person
user_49166,person
user_49167,person
user_49168,person
user_49169,person
user_49170,person
user_49171,person
user_49172,person
user_49173,person
user_49174,person
user_49175,person
user_49176,person
user_49177,person
user_49178,person
user_49179,person
user_49180,person
user_49181,person
user_49182,person
user_49183,person
user_49184,person
user_49185,person
user_49186,person
user_49187,person
user_49188,person
user_49189,person
user_49190,person
user_49191,person
user_49192,person
user_49193,person
user_49194,person
user_49195,person
user_49196,person
user_49197,person
user_49198,person
user_49199,person
user_49200,person
user_49201,person
user_49202,person
user_49203,person
user_49204,person
user_49205,person
user_49206,person
user_49207,person
user_49208,person
user_49209,person
user_49210,person
user_49211,person
user_49212,person
user_49213,person
user_49214,person
user_49215,person
user_49216,person
user_49217,person
user_49218,person
user_49219,person
user_49220,person
user_49221,person
user_49222,person
user_49223,person
user_49224,person
user_49225,person
user_49226,person
user_49227,person
user_49228,person
user_49229,person
user_49230,person
user_49231,person
user_49232,person
user_49233,person
user_49234,person
user_49235,person
user_49236,person
user_49237,person
user_49238,person
user_49239,person
user_49240,person
user_49241,person
user_49242,person
user_49243,person
user_49244,person
user_49245,person
user_49246,person
user_49247,person
user_49248,person
user_49249,person
user_49250,person
user_49251,person
user_49252,person
user_49253,person
user_49254,person
user_49255,person
user_49256,person
user_49257,person
user_49258,person
user_49259,person
user_49260,person
user_49261,person
user_49262,person
user_49263,person
user_49264,person
user_49265,person
user_49266,person
user_49267,person
user_49268,person
user_49269,person
user_49270,person
user_49271,person
user_49272,person
user_49273,person
user_49274,person
user_49275,person
user_49276,person
user_49277,person
user_49278,person
user_49279,person
user_49280,person
user_49281,person
user_49282,person
user_49283,person
user_49284,person
user_49285,person
user_49286,person
user_49287,person
user_49288,person
user_49289,person
user_49290,person
user_49291,person
user_49292,person
user_49293,person
user_49294,person
user_49295,person
user_49296,person
user_49297,person
user_49298,person
user_49299,person
user_49300,person
user_49301,person
user_49302,person
user_49303,person
user_49304,person
user_49305,person
user_49306,person
user_49307,person
user_49308,person
user_49309,person
user_49310,person
user_49311,person
user_49312,person
user_49313,person
user_49314,person
user_49315,person
user_49316,person
user_49317,person
user_49318,person
user_49319,person
user_49320,person
user_49321,person
user_49322,person
user_49323,person
user_49324,person
user_49325,person
user_49326,person
user_49327,person
user_49328,person
user_49329,person
user_49330,person
user_49331,person
user_49332,person
user_49333,person
user_49334,person
user_49335,person
user_49336,person
user_49337,person
user_49338,person
user_49339,person
user_49340,person
user_49341,person
user_49342,person
user_49343,person
user_49344,person
user_49345,person
user_49346,person
user_49347,person
user_49348,person
user_49349,person
user_49350,person
user_49351,person
user_49352,person
user_49353,person
user_49354,person
user_49355,person
user_49356,person
user_49357,person
user_49358,person
user_49359,person
user_49360,person
user_49361,person
user_49362,person
user_49363,person
user_49364,person
user_49365,person
user_49366,person
user_49367,person
user_49368,person
user_49369,person
user_49370,person
user_49371,person
user_49372,person
user_49373,person
user_49374,person
user_49375,person
user_49376,person
user_49377,person
user_49378,person
user_49379,person
user_49380,person
user_49381,person
user_49382,person
user_49383,person
user_49384,person
user_49385,person
user_49386,person
user_49387,person
user_49388,person
user_49389,person
user_49390,person
user_49391,person
user_49392,person
user_49393,person
user_49394,person
user_49395,person
user_49396,person
user_49397,person
user_49398,person
user_49399,person
user_49400,person
user_49401,person
user_49402,person
user_49403,person
user_49404,person
user_49405,person
user_49406,person
user_49407,person
user_49408,person
user_49409,person
user_49410,person
user_49411,person
user_49412,person
user_49413,person
user_49414,person
user_49415,person
user_49416,person
user_49417,person
user_49418,person
user_49419,person
user_49420,person
user_49421,person
user_49422,person
user_49423,person
user_49424,person
user_49425,person
user_49426,person
user_49427,person
user_49428,person
user_49429,person
user_49430,person
user_49431,person
user_49432,person
user_49433,person
user_49434,person
user_49435,person
user_49436,person
user_49437,person
user_49438,person
user_49439,person
user_49440,person
user_49441,person
user_49442,person
user_49443,person
user_49444,person
user_49445,person
user_49446,person
user_49447,person
user_49448,person
user_49449,person
user_49450,person
user_49451,person
user_49452,person
user_49453,person
user_49454,person
user_49455,person
user_49456,person
user_49457,person
user_49458,person
user_49459,person
user_49460,person
user_49461,person
user_49462,person
user_49463,person
user_49464,person
user_49465,person
user_49466,person
user_49467,person
user_49468,person
user_49469,person
user_49470,person
user_49471,person
user_49472,person
user_49473,person
user_49474,person
user_49475,person
user_49476,person
user_49477,person
user_49478,person
user_49479,person
user_49480,person
user_49481,person
user_49482,person
user_49483,person
user_49484,person
user_49485,person
user_49486,person
user_49487,person
user_49488,person
user_49489,person
user_49490,person
user_49491,person
user_49492,person
user_49493,person
user_49494,person
user_49495,person
user_49496,person
user_49497,person
user_49498,person
user_49499,person
user_49500,person
user_49501,person
user_49502,person
user_49503,person
user_49504,person
user_49505,person
user_49506,person
user_49507,person
user_49508,person
user_49509,person
user_49510,person
user_49511,person
user_49512,person
user_49513,person
user_49514,person
user_49515,person
user_49516,person
user_49517,person
user_49518,person
user_49519,person
user_49520,person
user_49521,person
user_49522,person
user_49523,person
user_49524,person
user_49525,person
user_49526,person
user_49527,person
user_49528,person
user_49529,person
user_49530,person
user_49531,person
user_49532,person
user_49533,person
user_49534,person
user_49535,person
user_49536,person
user_49537,person
user_49538,person
user_49539,person
user_49540,person
user_49541,person
user_49542,person
user_49543,person
user_49544,person
user_49545,person
user_49546,person
user_49547,person
user_49548,person
user_49549,person
user_49550,person
user_49551,person
user_49552,person
user_49553,person
user_49554,person
user_49555,person
user_49556,person
user_49557,person
user_49558,person
user_49559,person
user_49560,person
user_49561,person
user_49562,person
user_49563,person
user_49564,person
user_49565,person
user_49566,person
user_49567,person
user_49568,person
user_49569,person
user_49570,person
user_49571,person
user_49572,person
user_49573,person
user_49574,person
user_49575,person
user_49576,person
user_49577,person
user_49578,person
user_49579,person
user_49580,person
user_49581,person
user_49582,person
user_49583,person
user_49584,person
user_49585,person
user_49586,person
user_49587,person
user_49588,person
user_49589,person
user_49590,person
user_49591,person
user_49592,person
user_49593,person
user_49594,person
user_49595,person
user_49596,person
user_49597,person
user_49598,person
user_49599,person
user_49600,person
user_49601,person
user_49602,person
user_49603,person
user_49604,person
user_49605,person
user_49606,person
user_49607,person
user_49608,person
user_49609,person
user_49610,person
user_49611,person
user_49612,person
user_49613,person
user_49614,person
user_49615,person
user_49616,person
user_49617,person
user_49618,person
user_49619,person
user_49620,person
user_49621,person
user_49622,person
user_49623,person
user_49624,person
user_49625,person
user_49626,person
user_49627,person
user_49628,person
user_49629,person
user_49630,person
user_49631,person
user_49632,person
user_49633,person
user_49634,person
user_49635,person
user_49636,person
user_49637,person
user_49638,person
user_49639,person
user_49640,person
user_49641,person
user_49642,person
user_49643,person
user_49644,person
user_49645,person
user_49646,person
user_49647,person
user_49648,person
user_49649,person
user_49650,person
user_49651,person
user_49652,person
user_49653,person
user_49654,person
user_49655,person
user_49656,person
user_49657,person
user_49658,person
user_49659,person
user_49660,person
user_49661,person
user_49662,person
user_49663,person
user_49664,person
user_49665,person
user_49666,person
user_49667,person
user_49668,person
user_49669,person
user_49670,person
user_49671,person
user_49672,person
user_49673,person
user_49674,person
user_49675,person
user_49676,person
user_49677,person
user_49678,person
user_49679,person
user_49680,person
user_49681,person
user_49682,person
user_49683,person
user_49684,person
user_49685,person
user_49686,person
user_49687,person
user_49688,person
user_49689,person
user_49690,person
user_49691,person
user_49692,person
user_49693,person
user_49694,person
user_49695,person
user_49696,person
user_49697,person
user_49698,person
user_49699,person
user_49700,person
user_49701,person
user_49702,person
user_49703,person
user_49704,person
user_49705,person
user_49706,person
user_49707,person
user_49708,person
user_49709,person
user_49710,person
user_49711,person
user_49712,person
user_49713,person
user_49714,person
user_49715,person
user_49716,person
user_49717,person
user_49718,person
user_49719,person
user_49720,person
user_49721,person
user_49722,person
user_49723,person
user_49724,person
user_49725,person
user_49726,person
user_49727,person
user_49728,person
user_49729,person
user_49730,person
user_49731,person
user_49732,person
user_49733,person
user_49734,person
user_49735,person
user_49736,person
user_49737,person
user_49738,person
user_49739,person
user_49740,person
user_49741,person
user_49742,person
user_49743,person
user_49744,person
user_49745,person
user_49746,person
user_49747,person
user_49748,person
user_49749,person
user_49750,person
user_49751,person
user_49752,person
user_49753,person
user_49754,person
user_49755,person
user_49756,person
user_49757,person
user_49758,person
user_49759,person
user_49760,person
user_49761,person
user_49762,person
user_49763,person
user_49764,person
user_49765,person
user_49766,person
user_49767,person
user_49768,person
user_49769,person
user_49770,person
user_49771,person
user_49772,person
user_49773,person
user_49774,person
user_49775,person
user_49776,person
user_49777,person
user_49778,person
user_49779,person
user_49780,person
user_49781,person
user_49782,person
user_49783,person
user_49784,person
user_49785,person
user_49786,person
user_49787,person
user_49788,person
user_49789,person
user_49790,person
user_49791,person
user_49792,person
user_49793,person
user_49794,person
user_49795,person
user_49796,person
user_49797,person
user_49798,person
user_49799,person
user_49800,person
user_49801,person
user_49802,person
user_49803,person
user_49804,person
user_49805,person
user_49806,person
user_49807,person
user_49808,person
user_49809,person
user_49810,person
user_49811,person
user_49812,person
user_49813,person
user_49814,person
user_49815,person
user_49816,person
user_49817,person
user_49818,person
user_49819,person
user_49820,person
user_49821,person
user_49822,person
user_49823,person
user_49824,person
user_49825,person
user_49826,person
user_49827,person
user_49828,person
user_49829,person
user_49830,person
user_49831,person
user_49832,person
user_49833,person
user_49834,person
user_49835,person
user_49836,person
user_49837,person
user_49838,person
user_49839,person
user_49840,person
user_49841,person
user_49842,person
user_49843,person
user_49844,person
user_49845,person
user_49846,person
user_49847,person
user_49848,person
user_49849,person
user_49850,person
user_49851,person
user_49852,person
user_49853,person
user_49854,person
user_49855,person
user_49856,person
user_49857,person
user_49858,person
user_49859,person
user_49860,person
user_49861,person
user_49862,person
user_49863,person
user_49864,person
user_49865,person
user_49866,person
user_49867,person
user_49868,person
user_49869,person
user_49870,person
user_49871,person
user_49872,person
user_49873,person
user_49874,person
user_49875,person
user_49876,person
user_49877,person
user_49878,person
user_49879,person
user_49880,person
user_49881,person
user_49882,person
user_49883,person
user_49884,person
user_49885,person
user_49886,person
user_49887,person
user_49888,person
user_49889,person
user_49890,person
user_49891,person
user_49892,person
user_49893,person
user_49894,person
user_49895,person
user_49896,person
user_49897,person
user_49898,person
user_49899,person
user_49900,person
user_49901,person
user_49902,person
user_49903,person
user_49904,person
user_49905,person
user_49906,person
user_49907,person
user_49908,person
user_49909,person
user_49910,person
user_49911,person
user_49912,person
user_49913,person
user_49914,person
user_49915,person
user_49916,person
user_49917,person
user_49918,person
user_49919,person
user_49920,person
user_49921,person
user_49922,person
user_49923,person
user_49924,person
user_49925,person
user_49926,person
user_49927,person
user_49928,person
user_49929,person
user_49930,person
user_49931,person
user_49932,person
user_49933,person
user_49934,person
user_49935,person
user_49936,person
user_49937,person
user_49938,person
user_49939,person
user_49940,person
user_49941,person
user_49942,person
user_49943,person
user_49944,person
user_49945,person
user_49946,person
user_49947,person
user_49948,person
user_49949,person
user_49950,person
user_49951,person
user_49952,person
user_49953,person
user_49954,person
user_49955,person
user_49956,person
user_49957,person
user_49958,person
user_49959,person
user_49960,person
user_49961,person
user_49962,person
user_49963,person
user_49964,person
user_49965,person
user_49966,person
user_49967,person
user_49968,person
user_49969,person
user_49970,person
user_49971,person
user_49972,person
user_49973,person
user_49974,person
user_49975,person
user_49976,person
user_49977,person
user_49978,person
user_49979,person
user_49980,person
user_49981,person
user_49982,person
user_49983,person
user_49984,person
user_49985,person
user_49986,person
user_49987,person
user_49988,person
user_49989,person
user_49990,person
user_49991,person
user_49992,person
user_49993,person
user_49994,person
user_49995,person
user_49996,person
user_49997,person
user_49998,person
user_49999,person
